gene_id,baseMean,log2FoldChange,lfcSE,stat,pvalue,padj,gene_type,gene_name
ENSG00000134954.14,4106.990172831545,-7.825069154839271,0.657669004347654,-11.898187542837002,1.2094539085269175e-32,1.6833179498877638e-28,protein_coding,ETS1
ENSG00000213626.13,3355.6948838361477,-9.018905099370345,0.7727267155399639,-11.671532662188518,1.7818384759853482e-31,1.6533085272509382e-27,protein_coding,LBH
ENSG00000172985.11,566.5695767311076,-7.308616326592106,0.6366249234833596,-11.480254788961528,1.657912339062115e-30,9.229929574026606e-27,protein_coding,SH3RF3
ENSG00000110427.17,1040.2886860042934,-6.793745703360264,0.6013366384724367,-11.297741179746303,1.3463656952310443e-29,6.246239248741891e-26,protein_coding,KIAA1549L
ENSG00000136231.14,998.1675518256554,-6.536602145373856,0.5895077333524212,-11.088238161357802,1.4307792450150697e-28,4.978396383029935e-25,protein_coding,IGF2BP3
ENSG00000122870.12,1655.8610796548462,-7.994513393051961,0.7529227627770688,-10.617972769962646,2.4584198550806667e-26,5.2640442373865714e-23,protein_coding,BICC1
ENSG00000138685.17,5405.155909968085,-8.123800302620293,0.7831188047553735,-10.373649889760932,3.267989707774151e-25,6.49769725040009e-22,protein_coding,FGF2
ENSG00000026025.16,23896.56703263752,-7.694368670245634,0.7491633414625274,-10.270615557916353,9.559275069908334e-25,1.6630748802873025e-21,protein_coding,VIM
ENSG00000104332.12,3995.76879449488,-8.419837987158557,0.8196896812699197,-10.271982409384444,9.424775285293709e-25,1.6630748802873025e-21,protein_coding,SFRP1
ENSG00000148848.15,6812.280528120625,-7.927099151837328,0.7776744827856167,-10.193338379115378,2.1234451261038398e-24,3.11095887001192e-21,protein_coding,ADAM12
ENSG00000206538.9,2493.5169081760137,-6.776615994192515,0.66781540265624,-10.147438898891044,3.401733376999178e-24,4.734532514107456e-21,protein_coding,VGLL3
ENSG00000112769.20,6391.429193809035,-7.298334550389677,0.7204642688067217,-10.130043732047445,4.06467611500959e-24,5.151497458794912e-21,protein_coding,LAMA4
ENSG00000176597.12,620.9355748290145,-6.358350160197381,0.6276826202732427,-10.12988085830617,4.071452223505104e-24,5.151497458794912e-21,protein_coding,B3GNT5
ENSG00000187498.16,24714.02441312848,-7.677425299952289,0.775655042827862,-9.897989281371963,4.2472821600654184e-23,4.926139425315874e-20,protein_coding,COL4A1
ENSG00000111817.19,2161.5122534729617,-4.658341944314415,0.47272389508334356,-9.854255291015333,6.570193714617626e-23,7.31551648960385e-20,protein_coding,DSE
ENSG00000144810.16,5690.585709936914,-8.153041073795553,0.8324559125288482,-9.793961399142582,1.1951936876183009e-22,1.188193267447965e-19,protein_coding,COL8A1
ENSG00000134871.19,22680.132521426873,-6.8511227993740125,0.6993624802477044,-9.796240137085194,1.1685454381553937e-22,1.188193267447965e-19,protein_coding,COL4A2
ENSG00000137273.6,178.39409900667755,-8.767429860233023,0.899275091544343,-9.749441458649256,1.8548596833051722e-22,1.7804094532580265e-19,protein_coding,FOXF2
ENSG00000134013.16,34366.62468207155,-7.044836665856362,0.7245922810858169,-9.722483732920153,2.41809921652013e-22,2.1034440559704478e-19,protein_coding,LOXL2
ENSG00000162614.19,1584.1261096390663,-5.923545400707116,0.6174950432135512,-9.592863077701741,8.567397023974776e-22,7.2267291987685415e-19,protein_coding,NEXN
ENSG00000144642.22,745.5568053730922,-7.032944134849009,0.7339567014421612,-9.582233013241632,9.496905781185274e-22,7.775172627208038e-19,protein_coding,RBMS3
ENSG00000120708.17,111378.14757982639,-6.787140248333396,0.7153802894805625,-9.487457717435207,2.367373627989493e-21,1.8305058974643204e-18,protein_coding,TGFBI
ENSG00000129009.13,3104.2304893682613,-10.11083928623518,1.0728303684430311,-9.424452908532745,4.323535617003317e-21,3.1671036167080086e-18,protein_coding,ISLR
ENSG00000010810.17,1734.817210965667,-4.317153395454377,0.4617284061968422,-9.34998440103316,8.766065343218947e-21,6.100304872346065e-18,protein_coding,FYN
ENSG00000149948.14,1218.4410584541838,-6.096118960959172,0.6549360250997428,-9.307960972265604,1.3030986113891587e-20,8.71505838072571e-18,protein_coding,HMGA2
ENSG00000198756.12,185.05371318250803,-3.835681701784311,0.4169430811897635,-9.199533161310754,3.5950822855888674e-20,2.274379784128448e-17,protein_coding,COLGALT2
ENSG00000118257.17,2764.0064050189185,-6.218283874115521,0.6818247368239656,-9.12006200168265,7.508136337021697e-20,4.644366290607466e-17,protein_coding,NRP2
ENSG00000122420.10,437.20228437866484,-9.510813048971952,1.0443547440170784,-9.106879729763952,8.478530006988061e-20,5.021454495202547e-17,protein_coding,PTGFR
ENSG00000143452.16,461.42076359733,-9.467033880992435,1.0395337985207092,-9.106999593918289,8.469170998730857e-20,5.021454495202547e-17,protein_coding,HORMAD1
ENSG00000185070.12,1558.408559079798,-8.614210403398813,0.9476541305280651,-9.090036254681529,9.900603759721656e-20,5.74152513032525e-17,protein_coding,FLRT2
ENSG00000167601.12,11876.521595652925,-7.52016752041679,0.8280624463129389,-9.081643001565116,1.0694805240287107e-19,6.075522421808814e-17,protein_coding,AXL
ENSG00000116962.15,2887.0893019481873,-7.547951078716068,0.8343324975272896,-9.046694334795689,1.4736182028475053e-19,7.967517762644433e-17,protein_coding,NID1
ENSG00000169554.23,1343.5342299015767,-7.4006757568370665,0.8178572037110614,-9.04886051410465,1.4446798445644407e-19,7.967517762644433e-17,protein_coding,ZEB2
ENSG00000136244.12,1102.9833081064555,-7.22798982343125,0.7995886763828187,-9.039635048521758,1.5719574561476744e-19,8.256039197986162e-17,protein_coding,IL6
ENSG00000148516.23,2030.8489641080232,-6.348936582016477,0.7048162045550509,-9.007932197053485,2.0997811734056297e-19,1.0823983100540577e-16,protein_coding,ZEB1
ENSG00000134874.18,1529.217812745463,-6.502891859929263,0.7222533298717886,-9.003616308814568,2.184024199442828e-19,1.1053545021034648e-16,protein_coding,DZIP1
ENSG00000166825.15,8994.092862160103,-8.675741011307071,0.9680617178372882,-8.961970968844044,3.189258318795274e-19,1.5852891886068794e-16,protein_coding,ANPEP
ENSG00000134762.17,1351.0807588734847,-8.923066712483749,0.9967334257153442,-8.952310098439575,3.4811941398845947e-19,1.700044211891712e-16,protein_coding,DSC3
ENSG00000173068.19,826.6970863775231,-8.109358211396627,0.9144260470022937,-8.868249365797304,7.43047861890534e-19,3.566117290273259e-16,protein_coding,BNC2
ENSG00000175592.9,3639.670647273971,-6.639815320833172,0.7507534654455308,-8.844202026950095,9.21846964245849e-19,4.34924272826228e-16,protein_coding,FOSL1
ENSG00000019549.13,1702.8792827575335,-6.927977679110007,0.7867947092502999,-8.805318080635487,1.3048200944715654e-18,5.954257729460737e-16,protein_coding,SNAI2
ENSG00000116157.6,281.1087047545711,-8.227394794439233,0.9348806921151147,-8.800475679763176,1.3623744007133845e-18,6.116621583589963e-16,protein_coding,GPX7
ENSG00000183454.18,185.97282525979338,-9.425312744167817,1.072921400396254,-8.784718750774136,1.5675624604649593e-18,6.92613788087343e-16,protein_coding,GRIN2A
ENSG00000081059.20,804.8521277707133,-3.9439309456208727,0.45312997185667425,-8.703752103311198,3.210879956290867e-18,1.396532100989259e-15,protein_coding,TCF7
ENSG00000183287.15,1718.1973392384434,-9.698365675220575,1.1188789316104208,-8.667931266934804,4.400422163227433e-18,1.8559113838727094e-15,protein_coding,CCBE1
ENSG00000101307.16,149.10905731728533,-8.73507746460262,1.0163725124705536,-8.594366098478773,8.372569554607046e-18,3.478490240627488e-15,protein_coding,SIRPB1
ENSG00000112246.10,460.05085974498854,-8.466944986813479,0.9876669467259683,-8.572672209878723,1.0111099336397058e-17,4.1390082518815955e-15,protein_coding,SIM1
ENSG00000124785.9,834.39051392554,-8.527308155923192,0.9986199072100572,-8.539092896462252,1.3527958921115986e-17,5.4574531091041236e-15,protein_coding,NRN1
ENSG00000132205.11,3081.693653542395,-8.344471054357832,0.9802772541638558,-8.512358130226525,1.7043122516159073e-17,6.589060532775055e-15,protein_coding,EMILIN2
ENSG00000128591.16,13806.470633341654,-6.954471520409927,0.816928259201188,-8.51295256600644,1.6955944844153196e-17,6.589060532775055e-15,protein_coding,FLNC
ENSG00000178860.9,627.2657080431367,-9.449635734179873,1.1114672569461288,-8.50194702104291,1.8643690105502514e-17,7.109119969544767e-15,protein_coding,MSC
ENSG00000163710.9,722.1168416588885,-7.130712749764367,0.8394764943669004,-8.494237536861666,1.9923647124231733e-17,7.394595218001527e-15,protein_coding,PCOLCE2
ENSG00000138944.8,1121.3816580488804,-8.795259474396971,1.0370249134188059,-8.481242215677586,2.2280224166458017e-17,8.054445712954875e-15,protein_coding,SHISAL1
ENSG00000163661.4,7645.790765135612,-7.932788407797561,0.9359206034571967,-8.475920263422598,2.3322846463836505e-17,8.323266079068628e-15,protein_coding,PTX3
ENSG00000140937.14,6930.43587107586,-7.383567385679726,0.873781327130281,-8.450131808068306,2.909741341372704e-17,9.999451849191431e-15,protein_coding,CDH11
ENSG00000118503.17,2524.6053255414713,-4.960876327249291,0.5931430571634686,-8.363709677347005,6.077636742754219e-17,1.9903187808388992e-14,protein_coding,TNFAIP3
ENSG00000180447.7,971.1050032130527,-8.300222519956222,0.9929529332525765,-8.359129866072818,6.318252897605391e-17,1.9985782688379963e-14,protein_coding,GAS1
ENSG00000173918.15,1140.040809363311,-5.051244940081181,0.6042036245638952,-8.360169874398041,6.262801103184123e-17,1.9985782688379963e-14,protein_coding,C1QTNF1
ENSG00000144681.11,904.718643826956,-7.606221062184108,0.9098773210567236,-8.359611659899722,6.292504378462202e-17,1.9985782688379963e-14,protein_coding,STAC
ENSG00000113721.14,3269.0836980720205,-9.020394457559295,1.0848003349367847,-8.315257810171074,9.155302693078324e-17,2.831633397383647e-14,protein_coding,PDGFRB
ENSG00000115363.14,975.5017595174469,-5.817281843556763,0.6997562160416081,-8.313297846018509,9.3078514732563e-17,2.847179709995191e-14,protein_coding,EVA1A
ENSG00000183671.13,743.5346983633051,-7.826047235452353,0.9436414119803059,-8.293454628097313,1.1000591008611659e-16,3.31928013484319e-14,protein_coding,CMKLR2
ENSG00000103647.13,535.7275948223886,-7.492609681845003,0.9035410231864172,-8.292495293043425,1.1089705867955765e-16,3.31928013484319e-14,protein_coding,CORO2B
ENSG00000049540.19,16948.984288335938,-10.559203808505284,1.2753080019677288,-8.279728341869593,1.2345659032299386e-16,3.6174080507693236e-14,protein_coding,ELN
ENSG00000101955.15,1439.2413647834069,-7.332865388497051,0.8875807428356817,-8.261631910883615,1.4369423462094213e-16,4.166534078029734e-14,protein_coding,SRPX
ENSG00000079215.15,1683.5752802352144,-7.098986732969493,0.8605507848215009,-8.249352459125344,1.5925509132358464e-16,4.570128579467322e-14,protein_coding,SLC1A3
ENSG00000188015.10,202.08737900875477,-5.3188456843831915,0.6465550687683296,-8.226438769578364,1.9286159998041404e-16,5.368495497054806e-14,protein_coding,S100A3
ENSG00000073792.16,1952.5865834356432,-4.860241971117639,0.5952624975563979,-8.164871785253291,3.217768045509039e-16,8.764000406520426e-14,protein_coding,IGF2BP2
ENSG00000073756.13,3984.2639043836625,-7.694651007627308,0.9425176835036723,-8.163932775270128,3.2428942444015083e-16,8.764000406520426e-14,protein_coding,PTGS2
ENSG00000153162.9,403.32327150864234,-6.432120804818147,0.7918388334692796,-8.123017630541215,4.547332324005085e-16,1.182986379168276e-13,protein_coding,BMP6
ENSG00000196754.13,1317.1917487357466,-4.853551515827591,0.5997176557186178,-8.093060908823459,5.81837512803275e-16,1.4723662733083601e-13,protein_coding,S100A2
ENSG00000146966.13,393.5761649358577,-7.401660299781416,0.9162222603710468,-8.07845499931854,6.559246990517559e-16,1.6448936867391602e-13,protein_coding,DENND2A
ENSG00000124102.5,952.3365802472065,-8.715868940352129,1.0795096319219508,-8.073914935649498,6.807931363718877e-16,1.6623296266708655e-13,protein_coding,PI3
ENSG00000198768.11,890.4130154013035,-6.893153191860084,0.85365766009656,-8.074844886977735,6.75624758662844e-16,1.6623296266708655e-13,protein_coding,APCDD1L
ENSG00000149231.16,2016.1704170660448,-3.8052955207832424,0.471284042640032,-8.074314376244937,6.785684153858707e-16,1.6623296266708655e-13,protein_coding,CCDC82
ENSG00000072163.20,1026.8778118897749,-6.230421374641844,0.7736878750411488,-8.05288744419121,8.086326250766324e-16,1.9404394613476845e-13,protein_coding,LIMS2
ENSG00000168685.15,1457.4726615226273,-7.772703050104657,0.9651170722248907,-8.053637505537223,8.036901412019645e-16,1.9404394613476845e-13,protein_coding,IL7R
ENSG00000182326.17,6742.855336026176,-7.012182625467835,0.8719667225677191,-8.04180072929704,8.852777247727092e-16,2.106204337331037e-13,protein_coding,C1S
ENSG00000136999.5,1633.2764202000087,-5.9280629480434275,0.7376534612081366,-8.036379221124218,9.253206971704584e-16,2.1644728509610823e-13,protein_coding,CCN3
ENSG00000166147.15,53251.04219000882,-5.733883863449229,0.7134341545771475,-8.0370190110224,9.20503923480396e-16,2.1644728509610823e-13,protein_coding,FBN1
ENSG00000131459.13,1918.489394208025,-5.409219635549844,0.6738519306006382,-8.027311921074906,9.96315416543145e-16,2.292019498751652e-13,protein_coding,GFPT2
ENSG00000148468.17,1763.6296870624592,-5.955988775670038,0.7449966345184996,-7.994651921507627,1.2994044364104945e-15,2.916953378380849e-13,protein_coding,FAM171A1
ENSG00000113083.15,37466.73971642874,-6.058941072522317,0.7588657571089813,-7.98420671345721,1.4142885087952643e-15,3.149450794465998e-13,protein_coding,LOX
ENSG00000079931.15,1001.7601710595703,-5.954507226608387,0.7483064670964014,-7.957310925980934,1.7581849822960668e-15,3.8536092257632533e-13,protein_coding,MOXD1
ENSG00000107742.14,2735.906706662051,-7.0533387071088205,0.889798445959025,-7.926894836848956,2.2469341080285164e-15,4.848500607060603e-13,protein_coding,SPOCK2
ENSG00000164509.16,334.8639338490951,-8.025487726761694,1.018138388782313,-7.882511665590104,3.2086504856530925e-15,6.870461147587653e-13,protein_coding,IL31RA
ENSG00000249992.2,813.5290405850183,-6.06813279991833,0.7704293268117546,-7.8763003805033085,3.372169848303658e-15,7.111190901316714e-13,protein_coding,TMEM158
ENSG00000148798.11,203.287038474689,-8.081299497284173,1.0259210524930666,-7.8771163508595485,3.3502291749756433e-15,7.111190901316714e-13,protein_coding,INA
ENSG00000164236.12,702.9341204446038,-5.819738272145636,0.7391877725455851,-7.8731527878279906,3.45813902064796e-15,7.183638640205717e-13,protein_coding,ANKRD33B
ENSG00000118515.12,3664.058341905896,-4.9538305732421835,0.6324323046843993,-7.8329815484588154,4.76434253905321e-15,9.751488155668027e-13,protein_coding,SGK1
ENSG00000081041.9,457.3422637138454,-7.621151856115758,0.9728905613323537,-7.833514024104363,4.7441990281659026e-15,9.751488155668027e-13,protein_coding,CXCL2
ENSG00000185479.6,1345.811841932539,-9.85974958490393,1.260188010024362,-7.824030625964549,5.115835295749475e-15,1.0319158789310316e-12,protein_coding,KRT6B
ENSG00000154736.6,927.2419496102665,-9.372683412546207,1.1987660090868995,-7.8186095881091795,5.340997690672102e-15,1.0695828181118606e-12,protein_coding,ADAMTS5
ENSG00000087303.19,2733.939373753297,-6.256894745669424,0.8026036906463686,-7.795746292457861,6.402891883748724e-15,1.2730778462573533e-12,protein_coding,NID2
ENSG00000134853.12,2853.4846432695776,-6.35169088445035,0.8181738831368336,-7.763253038704091,8.27782251392312e-15,1.6226863908279154e-12,protein_coding,PDGFRA
ENSG00000132718.9,1422.3110833198523,-6.906310020677946,0.8903943311000333,-7.756462254364961,8.733128604916141e-15,1.6999676073178022e-12,protein_coding,SYT11
ENSG00000137809.17,5732.394822298793,-6.272365981492569,0.8097691446014269,-7.745869329930894,9.493009690867184e-15,1.8350515121873536e-12,protein_coding,ITGA11
ENSG00000183853.18,6741.920848995913,-5.404368564250417,0.6989532239861674,-7.732089042280991,1.0579589970280278e-14,2.0033569143722574e-12,protein_coding,KIRREL1
ENSG00000140511.12,1359.5589178246382,-5.929120937988342,0.7672517674450182,-7.727738389880251,1.0947402787401783e-14,2.058999351284568e-12,protein_coding,HAPLN3
ENSG00000134259.6,646.7301717664161,-8.208778538908476,1.0663974946125867,-7.697672378619621,1.385670930223453e-14,2.5886936921946333e-12,protein_coding,NGF
ENSG00000197467.17,907.3173703553106,-6.635773680745174,0.8630603312253945,-7.688655636997634,1.486890675535919e-14,2.7592725896145225e-12,protein_coding,COL13A1
ENSG00000164099.3,1384.5929066445092,-5.4674652142848625,0.7141179828399606,-7.6562491712383665,1.9144211807619115e-14,3.5059097360321424e-12,protein_coding,PRSS12
ENSG00000011028.14,10007.075376408866,-4.726923933682315,0.6197537641959344,-7.627099998037129,2.4009335492122596e-14,4.33976534258912e-12,protein_coding,MRC2
ENSG00000122786.20,41002.252091920134,-5.694271358781425,0.7471565900841928,-7.621255616764044,2.512198952348233e-14,4.4974351581224054e-12,protein_coding,CALD1
ENSG00000169994.20,149.68584793043502,-6.500874612552784,0.8530401174145894,-7.620831048668334,2.5204766657102144e-14,4.4974351581224054e-12,protein_coding,MYO7B
ENSG00000132840.10,901.3539801805965,-9.776417634087835,1.2872333962418332,-7.594906768757523,3.080141163226616e-14,5.461070663667268e-12,protein_coding,BHMT2
ENSG00000167754.13,4709.011674704397,-8.718470679257312,1.148325785639015,-7.592332061415566,3.1419856875745655e-14,5.535462886033266e-12,protein_coding,KLK5
ENSG00000105974.13,18232.986092552943,-6.253904293515187,0.8292377683298217,-7.541750427155839,4.637045542015828e-14,7.918822067948012e-12,protein_coding,CAV1
ENSG00000198467.16,25099.665123831102,-5.2127536349061705,0.6916615543375914,-7.536566984554256,4.82505173329816e-14,8.163205663696673e-12,protein_coding,TPM2
ENSG00000204381.12,815.210415455577,-7.676750237426013,1.0186505939167925,-7.536195711532743,4.8388020351701075e-14,8.163205663696673e-12,protein_coding,LAYN
ENSG00000259207.10,489.85515923511673,-5.526031950061994,0.7337135707593371,-7.5315929407479505,5.012501358441784e-14,8.405300470697921e-12,protein_coding,ITGB3
ENSG00000075618.18,7912.047894696162,-5.071719863203179,0.6740573748933743,-7.524166416850567,5.3057730777574314e-14,8.791160678122374e-12,protein_coding,FSCN1
ENSG00000142227.11,2902.160889777512,-5.774526775832998,0.7680396646460095,-7.518526765794686,5.5396905833439427e-14,9.110594677504525e-12,protein_coding,EMP3
ENSG00000157510.14,678.908991066954,-5.165615654149206,0.6896150197391122,-7.490578810338857,6.857053670606895e-14,1.103311826445165e-11,protein_coding,AFAP1L1
ENSG00000166173.11,1277.3787447535651,-4.05605188152808,0.5480103097725394,-7.401415282153378,1.3474062873537662e-13,2.095329687976505e-11,protein_coding,LARP6
ENSG00000198796.7,920.3785139977116,-6.722399991886122,0.9115812540525595,-7.374438605446053,1.650390105614419e-13,2.538135855242153e-11,protein_coding,ALPK2
ENSG00000087116.17,4087.7961031965333,-7.994023871766177,1.0865102431865932,-7.3575227862746555,1.8735443398873317e-13,2.834346752451292e-11,protein_coding,ADAMTS2
ENSG00000240694.9,817.2518334712717,-6.1654638970177995,0.839302425934702,-7.345938372752274,2.0432050696884807e-13,3.0743057470188404e-11,protein_coding,PNMA2
ENSG00000183696.14,1525.496197158591,-3.5701294503670544,0.4874457511933169,-7.324157491632687,2.404042257986361e-13,3.597791413618728e-11,protein_coding,UPP1
ENSG00000171608.18,990.6841950267698,-4.102765249071952,0.5614726270237249,-7.307150966236848,2.7286593745503973e-13,4.061762692512559e-11,protein_coding,PIK3CD
ENSG00000163064.7,517.394210659322,-8.005205081277246,1.098503811830787,-7.287371236277844,3.160611316151438e-13,4.6797221593825234e-11,protein_coding,EN1
ENSG00000196358.12,212.64066139098355,-7.308640537406793,1.0063557860246,-7.262481757349519,3.8005178610672513e-13,5.5765237028504613e-11,protein_coding,NTNG2
ENSG00000050165.19,8968.009296732345,-5.731160816941301,0.7968745512602627,-7.192048996767973,6.382611535843607e-13,9.158060552151683e-11,protein_coding,DKK3
ENSG00000166741.8,3231.879984012388,-6.946806564621602,0.9661425451600384,-7.190250133815281,6.467272991659978e-13,9.231949281838315e-11,protein_coding,NNMT
ENSG00000183386.10,544.9012252391155,-2.570058260725595,0.3579166378634445,-7.1806057300587005,6.940323238994245e-13,9.856675391869583e-11,protein_coding,FHL3
ENSG00000054356.14,635.6742978021998,-8.091101344777874,1.127183057961994,-7.178160891991235,7.065538453328888e-13,9.945004220718463e-11,protein_coding,PTPRN
ENSG00000138675.17,1273.3951804463143,-7.3053397550225645,1.0190066320656006,-7.169079695010531,7.550359668265325e-13,1.0561397574162492e-10,protein_coding,FGF5
ENSG00000076706.17,2890.178551197923,-5.185370682491141,0.7250223954898093,-7.152014496032247,8.551353572867395e-13,1.190177390271684e-10,protein_coding,MCAM
ENSG00000023445.16,1323.0717244072164,-4.491766877471537,0.6286586991415102,-7.145000750972582,8.999539753545551e-13,1.2463243212920098e-10,protein_coding,BIRC3
ENSG00000146648.21,14197.605817288932,-5.497630491737434,0.7698877191593864,-7.140821128748625,9.277501578420467e-13,1.2784580887965947e-10,protein_coding,EGFR
ENSG00000154655.16,185.83054897116173,-8.033666752508365,1.12600201056376,-7.134682422535032,9.701087797536407e-13,1.3302437435084897e-10,protein_coding,L3MBTL4
ENSG00000031081.11,1099.1141038973744,-3.5957669516201447,0.5050739589908526,-7.119287953005053,1.0848604945689471e-12,1.48030278072653e-10,protein_coding,ARHGAP31
ENSG00000169604.21,5053.842570100771,-4.795186425283797,0.678812406931105,-7.0640818823019496,1.6168139054835456e-12,2.1329683352151647e-10,protein_coding,ANTXR1
ENSG00000130224.15,154.16854094036069,-8.199549040183072,1.1618261754107533,-7.0574662662288485,1.6956591116461387e-12,2.2264324071595243e-10,protein_coding,LRCH2
ENSG00000122861.16,2127.2701764141884,-5.690325606621611,0.8067151627604021,-7.053698590653195,1.7422355671524337e-12,2.2768483214673774e-10,protein_coding,PLAU
ENSG00000105971.15,4764.873334521341,-4.768762565633349,0.676906748061566,-7.044932820199363,1.8555100711536478e-12,2.4135503897492026e-10,protein_coding,CAV2
ENSG00000111186.13,1230.0584470776503,-5.290903366434058,0.7517183284129485,-7.038412083957538,1.944429233364417e-12,2.5174480065084606e-10,protein_coding,WNT5B
ENSG00000074047.22,478.3750196139546,-6.238142344564879,0.8869272681439163,-7.03343167881118,2.01514671268705e-12,2.5969270321461447e-10,protein_coding,GLI2
ENSG00000105137.13,2053.8045986683233,-4.232621628037343,0.6020972552276305,-7.029797248348437,2.0683387047794456e-12,2.6531924509788314e-10,protein_coding,SYDE1
ENSG00000134363.12,3313.2604202023185,-5.486221304058591,0.7818054518634054,-7.017374067912136,2.2607676381544555e-12,2.8867306410856617e-10,protein_coding,FST
ENSG00000137285.11,1337.3021204628558,-6.029281813729303,0.8612750783794431,-7.000413648417497,2.552078893127153e-12,3.1999850481570916e-10,protein_coding,TUBB2B
ENSG00000136732.16,342.9986353181754,-5.975871716182208,0.8582543544163259,-6.962821319148711,3.3352474100516513e-12,4.126219862497678e-10,protein_coding,GYPC
ENSG00000163359.17,78698.95300302566,-5.602061093312015,0.805160947186033,-6.957691021764937,3.4589478012619636e-12,4.2603217254835407e-10,protein_coding,COL6A3
ENSG00000138395.17,250.6528583047868,-7.550060528568238,1.0856025162796055,-6.95471907567287,3.5326527431736503e-12,4.3319348792502965e-10,protein_coding,CDK15
ENSG00000119865.9,346.119543236908,-6.525381913796299,0.9395198354817446,-6.945443477997854,3.772732575396119e-12,4.606043156523086e-10,protein_coding,CNRIP1
ENSG00000184371.14,3212.1430717283383,-4.277168990921442,0.6164271396087354,-6.938644839090454,3.958789845502122e-12,4.791168440843351e-10,protein_coding,CSF1
ENSG00000120318.16,883.0567016329021,-5.552870147465258,0.8005235013110154,-6.936548568994335,4.017951523404667e-12,4.838317824980254e-10,protein_coding,ARAP3
ENSG00000197646.8,686.9963421780623,-5.646657124985045,0.8141042006700224,-6.9360373283146615,4.0325109045675345e-12,4.838317824980254e-10,protein_coding,PDCD1LG2
ENSG00000118849.10,4646.785522929066,-7.422799220761285,1.075401807249148,-6.902349587591477,5.114936947516993e-12,6.033024782673009e-10,protein_coding,RARRES1
ENSG00000180537.13,221.73446614312908,-5.984582039011862,0.8671929542589054,-6.901096243483927,5.160275534483393e-12,6.060819821851464e-10,protein_coding,RNF182
ENSG00000137193.14,1420.3403231918253,-2.4682277418245593,0.35780420165415755,-6.898263716339116,5.2641956753731215e-12,6.156897093264127e-10,protein_coding,PIM1
ENSG00000122641.11,21149.91998497732,-5.327642483310113,0.7737086633209839,-6.8858508840295425,5.744313796656456e-12,6.662446618488712e-10,protein_coding,INHBA
ENSG00000157833.13,312.6590827041074,-3.843285640670206,0.5582629503237602,-6.884364506799749,5.8046071466885494e-12,6.704441681959439e-10,protein_coding,GAREM2
ENSG00000137673.9,677.0062584177674,-7.2498942624460705,1.056850213892853,-6.859907077788687,6.8905353938257894e-12,7.860858328792404e-10,protein_coding,MMP7
ENSG00000119771.15,690.067546581309,-4.322106904199253,0.6317086513641922,-6.841930840848142,7.813281005619795e-12,8.805282998883911e-10,protein_coding,KLHL29
ENSG00000162692.12,387.7989002829076,-8.032772136738462,1.174385031983081,-6.839981707851149,7.920329322915097e-12,8.856821546451876e-10,protein_coding,VCAM1
ENSG00000163032.12,188.6332860646516,-6.617003488170937,0.9676368636602252,-6.83831273556608,8.013132024807045e-12,8.922141721701156e-10,protein_coding,VSNL1
ENSG00000104415.14,537.7936279688553,-10.17236165638137,1.488324666446929,-6.834773276092913,8.213482363410328e-12,9.108784664059359e-10,protein_coding,CCN4
ENSG00000154096.14,6844.926456154512,-7.697203687527755,1.130105948626692,-6.81104607659257,9.68915894869347e-12,1.0535446425618415e-09,protein_coding,THY1
ENSG00000182752.10,1664.9448550297782,-3.8314739152331456,0.563933743741542,-6.7941916187039855,1.0892153502379273e-11,1.170633146302044e-09,protein_coding,PAPPA
ENSG00000172572.7,770.7296956519068,-6.6472801901988605,0.9802862328654993,-6.780958425548861,1.1938123089573959e-11,1.2781138243130027e-09,protein_coding,PDE3A
ENSG00000131668.14,144.7259228006742,-6.493132168890807,0.9577211906850835,-6.779772894286798,1.2036493903384485e-11,1.2837082156881631e-09,protein_coding,BARX1
ENSG00000123610.5,360.2529483893715,-10.478905636320162,1.5487989986750634,-6.765826711719503,1.325501184869225e-11,1.4082691214511353e-09,protein_coding,TNFAIP6
ENSG00000078098.15,2943.08347379425,-6.734415160881588,0.9970006330088433,-6.754674909842163,1.431558734158333e-11,1.509426853183006e-09,protein_coding,FAP
ENSG00000167779.9,3233.837423451422,-5.42605057325069,0.8039527846625063,-6.749215472309743,1.4864669990071217e-11,1.5614073729948016e-09,protein_coding,IGFBP6
ENSG00000142173.17,34221.532405013706,-5.702970187341292,0.8466015220928298,-6.736309867767946,1.6245963662932258e-11,1.7000851297796328e-09,protein_coding,COL6A2
ENSG00000115355.18,2614.733223740656,-3.9476236397391373,0.5895599053542822,-6.69588213833318,2.1437445696873853e-11,2.178828750491716e-09,protein_coding,CCDC88A
ENSG00000162733.19,7036.883533677898,-5.187639913552467,0.7747311615683378,-6.696051702697483,2.141259910434289e-11,2.178828750491716e-09,protein_coding,DDR2
ENSG00000133107.15,626.481447731459,-7.254221450991919,1.0839162006389502,-6.692603585697564,2.1923445244592747e-11,2.2191309884672133e-09,protein_coding,TRPC4
ENSG00000091986.16,28816.87423783136,-5.276725217728688,0.7904054389285471,-6.675972808185225,2.4559750730004874e-11,2.4680332899653996e-09,protein_coding,CCDC80
ENSG00000145555.15,9903.51957947019,-2.8569152359096086,0.42885271587176954,-6.661763188562503,2.7056174422850793e-11,2.69941100800887e-09,protein_coding,MYO10
ENSG00000139278.10,2403.323238678222,-4.150183816473195,0.6232892210657175,-6.658520115873484,2.765984375889915e-11,2.7497836102597026e-09,protein_coding,GLIPR1
ENSG00000082684.16,199.26456025876035,-7.16691790417175,1.0793798596830533,-6.639847723558811,3.140073856407901e-11,3.077714643203181e-09,protein_coding,SEMA5B
ENSG00000157827.20,1979.3353417701787,-2.962995915795029,0.4466403187423671,-6.633964269365832,3.267889659896748e-11,3.1695113788461977e-09,protein_coding,FMNL2
ENSG00000101938.15,146.3859757728071,-6.252837673703029,0.9433864023998337,-6.628076955314118,3.400881719119506e-11,3.2870466504656447e-09,protein_coding,CHRDL1
ENSG00000157404.17,1796.2584563566913,-7.695344461922976,1.1613150251663569,-6.62640566526781,3.4395910927792384e-11,3.312957012408404e-09,protein_coding,KIT
ENSG00000130487.9,416.2054811189565,-5.949114740056975,0.898803679332811,-6.618925664026039,3.618187274734985e-11,3.4610261504990736e-09,protein_coding,KLHDC7B
ENSG00000175600.16,315.3394543835418,-4.445517921028532,0.6723172589406786,-6.612232338097361,3.7856720812562295e-11,3.5965176810187167e-09,protein_coding,SUGCT
ENSG00000038427.16,21946.671909590394,-5.022037001704989,0.7600501959124305,-6.607507015607171,3.908456684294793e-11,3.700537423946594e-09,protein_coding,VCAN
ENSG00000170801.10,201.850243103589,-7.053714562064687,1.0677177282245627,-6.606347703708022,3.9391710084183493e-11,3.71697505729943e-09,protein_coding,HTRA3
ENSG00000169174.11,427.1908887502998,-6.323905869572402,0.9577180124836258,-6.6030979757525685,4.0265323455038584e-11,3.7865727827515345e-09,protein_coding,PCSK9
ENSG00000271601.4,870.4206949515797,-4.754662469582468,0.7206190845816858,-6.5980246309220565,4.1667205575747135e-11,3.892108504719789e-09,protein_coding,LIX1L
ENSG00000125730.18,5588.919968256017,-6.040918302182129,0.9179422066556487,-6.580935333817025,4.674978947927218e-11,4.294809042722839e-09,protein_coding,C3
ENSG00000186081.12,13793.927013629647,-6.9664577240717,1.0595692469845712,-6.5748017356086415,4.8718039969072486e-11,4.4317495443761495e-09,protein_coding,KRT5
ENSG00000125965.9,128.98656783512305,-6.67736273500854,1.0155699627787353,-6.574990379528733,4.865631387991606e-11,4.4317495443761495e-09,protein_coding,GDF5
ENSG00000186854.11,318.1353862195773,-5.034338842464367,0.769515307345112,-6.542220530782201,6.061203250445193e-11,5.477910833746506e-09,protein_coding,TRABD2A
ENSG00000204019.5,151.52842586791542,-8.945050843346941,1.3684384048236997,-6.536685035889036,6.289730992613861e-11,5.666050223637523e-09,protein_coding,CT83
ENSG00000115419.13,10874.969257055882,-2.230763985788903,0.3415846134414011,-6.530633693697069,6.549199679175526e-11,5.861849590660127e-09,protein_coding,GLS
ENSG00000134802.18,910.003528863794,-4.491927442816541,0.6888709838830389,-6.520709316999205,6.997568003304996e-11,6.183628664761837e-09,protein_coding,SLC43A3
ENSG00000060982.15,3013.18964081423,-5.379414284690757,0.8250661901607625,-6.519979062095113,7.031720640112445e-11,6.194144801840823e-09,protein_coding,BCAT1
ENSG00000154127.10,1659.4601261868224,-5.153861535149693,0.7911609309764874,-6.5143023794015695,7.302825531121542e-11,6.412664084678209e-09,protein_coding,UBASH3B
ENSG00000165323.16,320.86232358653535,-6.3113993909527455,0.9691447776042269,-6.512339060996472,7.398947128240023e-11,6.47663812143677e-09,protein_coding,FAT3
ENSG00000028137.19,443.6991799332462,-5.651220229192621,0.8678464457611316,-6.511774354547599,7.426822810229805e-11,6.480659553152252e-09,protein_coding,TNFRSF1B
ENSG00000146426.19,341.899744984452,-2.4676202738182416,0.37997536665566334,-6.494158543846918,8.34987795234844e-11,7.218236108123329e-09,protein_coding,TIAM2
ENSG00000164932.13,1656.250805879892,-5.1444851766329664,0.7930602381632567,-6.48687820807622,8.763312033489176e-11,7.528875116179159e-09,protein_coding,CTHRC1
ENSG00000177469.13,24477.87083320925,-4.994667225832959,0.7708596611649,-6.479346990715753,9.212043143726521e-11,7.890044090731429e-09,protein_coding,CAVIN1
ENSG00000138829.13,4029.226665361165,-5.671548008967084,0.8773350986949308,-6.464517397518607,1.0162260586867777e-10,8.650663171133072e-09,protein_coding,FBN2
ENSG00000111912.20,3110.9236672746224,-2.711873201688193,0.4203858036827804,-6.45091527337719,1.1117664556638273e-10,9.406422814546594e-09,protein_coding,NCOA7
ENSG00000178776.5,182.10876533634848,-8.030980365072578,1.2455635452120803,-6.44766812254862,1.1358414483099041e-10,9.552049110318578e-09,protein_coding,C5orf46
ENSG00000099957.17,102.91768037346124,-4.624424530676081,0.7175124796874846,-6.445078882377444,1.1554030725877995e-10,9.65819817674294e-09,protein_coding,P2RX6
ENSG00000184232.9,1495.1575403785262,-3.669936477139146,0.5711636639205272,-6.425367559183155,1.3155125815556555e-10,1.0930927826920367e-08,protein_coding,OAF
ENSG00000131711.15,11004.447679588535,-4.2255121099514295,0.6584874616456108,-6.4169970668713265,1.3898859984552376e-10,1.1480375861424331e-08,protein_coding,MAP1B
ENSG00000085662.14,9805.323054619666,-5.740396597285959,0.8946512607569054,-6.4163510957659495,1.3957934033928039e-10,1.1495060703207718e-08,protein_coding,AKR1B1
ENSG00000107249.24,565.4587197683248,-5.249072709405163,0.8187906904809024,-6.4107625678086455,1.4479354731364865e-10,1.1889301424845792e-08,protein_coding,GLIS3
ENSG00000186847.6,6394.468294411529,-7.570697330396044,1.1826671687654704,-6.401376084785317,1.539827578932778e-10,1.2569689292426043e-08,protein_coding,KRT14
ENSG00000162946.23,377.08472449311074,-5.030948472137025,0.7861003930845251,-6.39988036692926,1.55498740221022e-10,1.2656324364889965e-08,protein_coding,DISC1
ENSG00000159433.12,604.5228006502022,-2.9294856438831993,0.4580945643175668,-6.394936487070779,1.6061410275975196e-10,1.2996669082617604e-08,protein_coding,STARD9
ENSG00000105894.13,735.7993529791108,-5.991820862009914,0.9373192741885242,-6.39250789673271,1.631867965887126e-10,1.3166572956067838e-08,protein_coding,PTN
ENSG00000163565.20,1682.15693286731,-4.741416181742173,0.742079602928647,-6.389363301497553,1.6657787221710068e-10,1.3401334251546864e-08,protein_coding,IFI16
ENSG00000088756.13,202.92214006799946,-6.339005437943048,0.992337892060437,-6.387950604991087,1.6812362225807127e-10,1.3446424789317548e-08,protein_coding,ARHGAP28
ENSG00000183688.4,2485.0617252889124,-4.866988847384624,0.7619517284421259,-6.387529112028645,1.6858752160769593e-10,1.3446424789317548e-08,protein_coding,RFLNB
ENSG00000064886.14,366.72552186095896,-5.054171795782229,0.7952027272828938,-6.355828045323346,2.073068274354288e-10,1.6487408138550276e-08,protein_coding,CHI3L2
ENSG00000144821.11,117.71739349167686,-4.920915676861531,0.7743478790619323,-6.3549159362622305,2.085406332710485e-10,1.6538282244253295e-08,protein_coding,MYH15
ENSG00000163395.17,2180.7948453768163,-6.48925354458189,1.02199169704398,-6.349614740855017,2.1585481700235947e-10,1.7028032091348363e-08,protein_coding,IGFN1
ENSG00000065675.16,132.34465902404997,-6.508945964518793,1.0265679419526839,-6.340492137459325,2.2903236229238975e-10,1.7908272013401578e-08,protein_coding,PRKCQ
ENSG00000106366.9,135376.50724581376,-5.817168207973695,0.9178711909470377,-6.337673810169027,2.332600048703003e-10,1.8187746486189575e-08,protein_coding,SERPINE1
ENSG00000102760.13,139.7211278476321,-5.268116281120911,0.8314672298717487,-6.3359277333557715,2.359173535746898e-10,1.834356272096387e-08,protein_coding,RGCC
ENSG00000172348.16,274.0164687648288,-5.136259722904001,0.8125047586932886,-6.321513404013035,2.5901390533431165e-10,1.9972052822398614e-08,protein_coding,RCAN2
ENSG00000176692.8,246.1964318678598,-8.389592942323564,1.3327928943863265,-6.294746151228908,3.0790331749236257e-10,2.341747744731531e-08,protein_coding,FOXC2
ENSG00000133110.15,134973.5659825414,-6.92804878354596,1.1041202690849388,-6.274722942354565,3.5025742443860223e-10,2.6422129177975428e-08,protein_coding,POSTN
ENSG00000151694.15,2623.074056433853,-1.06646583650273,0.16998476440731242,-6.273890723213855,3.521356979181798e-10,2.64920251006769e-08,protein_coding,ADAM17
ENSG00000068366.21,4417.3477645414205,-3.976151584743447,0.6354245172701148,-6.257472723629911,3.9126605944896124e-10,2.89661756138864e-08,protein_coding,ACSL4
ENSG00000166923.12,33986.1070060359,-6.152462438300883,0.9839169011077148,-6.253030546964188,4.0256336012742307e-10,2.9566632434055272e-08,protein_coding,GREM1
ENSG00000131737.7,592.7397423121715,-7.634735027325252,1.2227204048075417,-6.244056284091352,4.263664533287883e-10,3.123246472331619e-08,protein_coding,KRT34
ENSG00000013297.12,2323.0663443693584,-4.816142038162874,0.771481166695084,-6.242721463693721,4.300222781527543e-10,3.141758565527577e-08,protein_coding,CLDN11
ENSG00000154678.18,1970.724292723432,-5.487217729541304,0.8793701284675348,-6.239941012214955,4.3773593377939876e-10,3.1731295449696203e-08,protein_coding,PDE1C
ENSG00000050555.19,225.78484639578272,-5.810580219864429,0.9337397981051906,-6.222911598772656,4.880123803782555e-10,3.4831570821049026e-08,protein_coding,LAMC3
ENSG00000196159.14,1218.983472465835,-5.217031621679244,0.8383050615060416,-6.223309223860204,4.867766311750893e-10,3.4831570821049026e-08,protein_coding,FAT4
ENSG00000214013.10,710.0408606121338,-1.0308055238142233,0.16632549592187926,-6.197519617187122,5.735989143716549e-10,4.0524617716876615e-08,protein_coding,GANC
ENSG00000125726.11,155.5740667957888,-5.45136146507898,0.8807988467331814,-6.189110584440115,6.050462742813623e-10,4.2638147065559495e-08,protein_coding,CD70
ENSG00000121775.18,903.7883696501813,-1.4472892594966578,0.23524990796786174,-6.152135284551851,7.644662303675292e-10,5.3231847742427526e-08,protein_coding,TMEM39B
ENSG00000182168.15,467.2305300416094,-5.282202782936055,0.8586102296894425,-6.1520380264356005,7.649353030956678e-10,5.3231847742427526e-08,protein_coding,UNC5C
ENSG00000119866.22,291.4276512483791,-6.230953519793219,1.0137484946650561,-6.146449097171715,7.923673501110567e-10,5.473036614811755e-08,protein_coding,BCL11A
ENSG00000169641.14,3476.106132918378,-1.5067811659561385,0.2453209780896191,-6.1420803784896485,8.144762200949914e-10,5.584177355311375e-08,protein_coding,LUZP1
ENSG00000170454.6,128.78291652658174,-7.029952105953504,1.1524792167032902,-6.09985152362482,1.0616703537479322e-09,7.155606771653134e-08,protein_coding,KRT75
ENSG00000181773.7,207.51697453690355,-3.542306909325186,0.5822937824652918,-6.083367221143785,1.1768438268426468e-09,7.874669414421133e-08,protein_coding,GPR3
ENSG00000164330.17,349.266531320755,-6.7525108760452675,1.1103881031228768,-6.081216879984913,1.1927382711423893e-09,7.961885495328429e-08,protein_coding,EBF1
ENSG00000154122.14,3701.8033438441075,-2.897891894771587,0.47659400451824463,-6.080420373103229,1.1986786822504097e-09,7.982397081129763e-08,protein_coding,ANKH
ENSG00000142552.8,4971.023007724019,-4.668210299883917,0.7679913992927473,-6.078466899737326,1.213370221093106e-09,8.06094832323334e-08,protein_coding,RCN3
ENSG00000166033.13,4237.076464740207,-4.100184140074591,0.6747413221474122,-6.07667561699862,1.2269961575045947e-09,8.112747040450807e-08,protein_coding,HTRA1
ENSG00000135069.14,5788.194333286799,-3.333272589955397,0.548629429814967,-6.075635773092942,1.2349743565189937e-09,8.146148385796851e-08,protein_coding,PSAT1
ENSG00000154277.13,8102.985812363303,-5.534504813456732,0.9117662089412394,-6.0700920468236115,1.2783695758377343e-09,8.372869532475099e-08,protein_coding,UCHL1
ENSG00000186684.14,290.8684264497047,-6.554524276065479,1.0799019220818271,-6.069555153147347,1.2826503781470093e-09,8.381186837112711e-08,protein_coding,CYP27C1
ENSG00000171951.5,1807.4054033633577,-5.590091087808213,0.9219471542599078,-6.063353047925673,1.333125873323116e-09,8.690606981223011e-08,protein_coding,SCG2
ENSG00000198774.5,140.94715156808402,-6.2247465678907465,1.0275716471094296,-6.057725108902165,1.380600622926038e-09,8.95813495099515e-08,protein_coding,RASSF9
ENSG00000163735.7,210.9401022822305,-5.92811168161654,0.9792634987362929,-6.053643058550197,1.41606198775423e-09,9.16686081188994e-08,protein_coding,CXCL5
ENSG00000169933.17,105.05387572196932,-6.602376125423427,1.0907738041282633,-6.052928756113635,1.4223578414826184e-09,9.177326398031456e-08,protein_coding,FRMPD4
ENSG00000089327.15,6743.438084787778,-3.945813826191701,0.6519083905536767,-6.052712134661215,1.4242725262069221e-09,9.177326398031456e-08,protein_coding,FXYD5
ENSG00000165124.19,964.4295044650017,-5.5274947156740595,0.9181292552376125,-6.020388397539452,1.7399904217039885e-09,1.1083380635824307e-07,protein_coding,SVEP1
ENSG00000157227.14,16049.347667722892,-4.906441109336497,0.8153770324264814,-6.0173893968234715,1.7725234245342945e-09,1.1213627737576505e-07,protein_coding,MMP14
ENSG00000173040.13,165.33251032369566,-7.643074098962456,1.2716115990946162,-6.010541351151801,1.8490483682278188e-09,1.1618535074038277e-07,protein_coding,EVC2
ENSG00000264230.9,286.2290261438411,-6.151502561883661,1.0237389929492213,-6.008858316671331,1.8683430786040134e-09,1.171333286847327e-07,protein_coding,ANXA8L1
ENSG00000140545.16,21967.633422556995,-3.31897302121364,0.5530575901307894,-6.001134566164719,1.9594351312423554e-09,1.2256817149047686e-07,protein_coding,MFGE8
ENSG00000140464.20,2582.5467611999497,-1.6282761145270896,0.27212195339710926,-5.983626437338321,2.182234915268529e-09,1.3528884432386366e-07,protein_coding,PML
ENSG00000128510.12,1690.3936695521127,-4.151087353435853,0.693836247572969,-5.982805550958613,2.193265458400302e-09,1.3567052733340178e-07,protein_coding,CPA4
ENSG00000119681.12,8107.402854495492,-3.63015419464514,0.6069466469991014,-5.981010378084376,2.217577433537235e-09,1.3686813842640446e-07,protein_coding,LTBP2
ENSG00000011465.18,5231.90007792814,-6.19848021193139,1.0364845065733492,-5.980292201784822,2.2273770192255073e-09,1.3686813842640446e-07,protein_coding,DCN
ENSG00000157680.16,205.78543807050326,-5.001625019370082,0.8369491141814392,-5.976020446908314,2.2865431402722927e-09,1.3988618648927373e-07,protein_coding,DGKI
ENSG00000115414.21,694344.7892128748,-4.261022695263596,0.7143253192751153,-5.96510102650093,2.444827276168381e-09,1.4924169311276987e-07,protein_coding,FN1
ENSG00000178919.9,281.7119076721595,-6.94359717966158,1.1648074061793428,-5.961154730666686,2.504616607321589e-09,1.5230003325860537e-07,protein_coding,FOXE1
ENSG00000130775.16,321.4122711570166,-3.6520266602429614,0.6135767946752805,-5.952028648957792,2.648389985027379e-09,1.595683628208271e-07,protein_coding,THEMIS2
ENSG00000132780.17,12798.544416259556,-1.44313966568325,0.24282889280622236,-5.943031115473053,2.7979929761406414e-09,1.6785545793933382e-07,protein_coding,NASP
ENSG00000198028.4,122.24951286209439,-8.760783874196706,1.475493128636619,-5.937529429426635,2.893491182688337e-09,1.7283952910152906e-07,protein_coding,ZNF560
ENSG00000141837.22,231.09139789637567,-4.520311916826335,0.7619454627517313,-5.932592472565471,2.981883416856495e-09,1.7660363147152635e-07,protein_coding,CACNA1A
ENSG00000204267.19,1846.1856209503517,-2.3849832692678725,0.4021999136247764,-5.929845304474357,3.032202131903307e-09,1.7882283589758572e-07,protein_coding,TAP2
ENSG00000113578.18,848.1832988162703,-6.4198411323040485,1.0828190662934694,-5.928821658339844,3.0511624657358514e-09,1.7918176876840328e-07,protein_coding,FGF1
ENSG00000121690.11,295.2634766383152,-3.559752710550567,0.6007867979088471,-5.925151356422884,3.1200987758386015e-09,1.8246023009294815e-07,protein_coding,DEPDC7
ENSG00000146112.12,5712.594799520525,-2.255671859851068,0.3808124854431659,-5.923313825244089,3.1551789561026556e-09,1.841248667129424e-07,protein_coding,PPP1R18
ENSG00000123689.6,140.6874397591925,-4.625454644031366,0.7812679978067105,-5.920445553915708,3.2107057766684227e-09,1.869732343082473e-07,protein_coding,G0S2
ENSG00000140682.19,1622.263472545988,-4.604979217311701,0.7780642363078557,-5.918507756073825,3.2487568796285926e-09,1.8840082604446147e-07,protein_coding,TGFB1I1
ENSG00000196628.20,1682.2056115175067,-4.804853723005673,0.8119312711146506,-5.917808432737643,3.2625964995623938e-09,1.8881005439047567e-07,protein_coding,TCF4
ENSG00000090339.9,1954.5479653922246,-4.068329270161553,0.6891853633394662,-5.903098769318539,3.5673655142402204e-09,2.0474471433895005e-07,protein_coding,ICAM1
ENSG00000170989.10,195.97080368662995,-7.117329557122737,1.2081784831325753,-5.890958708906044,3.8396149444599e-09,2.1856752882205676e-07,protein_coding,S1PR1
ENSG00000071991.9,103.78905474209459,-6.7340380078349,1.144652414552493,-5.883041805723708,4.027941316891641e-09,2.2742753447666474e-07,protein_coding,CDH19
ENSG00000188060.8,232.72180742883714,-4.931804664843676,0.8387571717376306,-5.87989567305468,4.1052514508811055e-09,2.3085611997318476e-07,protein_coding,RAB42
ENSG00000163430.12,57747.153059454875,-4.97893218703179,0.8470973682886134,-5.877638596718465,4.161602474971575e-09,2.3355315825263863e-07,protein_coding,FSTL1
ENSG00000125538.12,1406.7544779543123,-6.020071755152036,1.0250612082530886,-5.872890034938942,4.2826256885075984e-09,2.393798567576255e-07,protein_coding,IL1B
ENSG00000066697.15,1437.6366556493927,-1.6873565539320088,0.287607106215394,-5.866880607144379,4.440701939668503e-09,2.4623780715659855e-07,protein_coding,MSANTD3
ENSG00000166396.13,364.25103406031303,-5.853565304115456,0.9997842976354587,-5.854828204403129,4.775033494125933e-09,2.6425016370276233e-07,protein_coding,SERPINB7
ENSG00000157570.12,493.4689115157065,-5.218919326005538,0.892108589716872,-5.85009424431376,4.9129455798408755e-09,2.708054518028725e-07,protein_coding,TSPAN18
ENSG00000124191.18,343.7292299521713,-4.746968929320254,0.8138871846241638,-5.832465505047,5.461429799806932e-09,2.975036397405592e-07,protein_coding,TOX2
ENSG00000184384.14,1466.311507888116,-3.3993726295164355,0.5829120687011823,-5.831707408444571,5.486306076292821e-09,2.98160230911204e-07,protein_coding,MAML2
ENSG00000010438.17,181.54481454103663,-5.843546295017528,1.004813367323492,-5.815553897917286,6.043343662262812e-09,3.2601262438516984e-07,protein_coding,PRSS3
ENSG00000229544.9,236.80618797454662,-6.778881165078853,1.1664903861001625,-5.811347650915636,6.197191571096542e-09,3.3237962345480415e-07,protein_coding,NKX1-2
ENSG00000170558.10,7600.958224595119,-5.23044909712411,0.8999931940674825,-5.811654056499371,6.185856994738519e-09,3.3237962345480415e-07,protein_coding,CDH2
ENSG00000173705.9,764.6278233009139,-4.706065197431365,0.8101521435917256,-5.808865945311843,6.289742442546016e-09,3.3669475121290555e-07,protein_coding,SUSD5
ENSG00000145431.11,1798.4685586146636,-3.694898997405061,0.636347775519723,-5.80641457320619,6.382481331574358e-09,3.403500964477085e-07,protein_coding,PDGFC
ENSG00000139292.13,316.0058382273952,-6.406128739848105,1.1055205904044396,-5.794671574144549,6.845500899791051e-09,3.636476394018773e-07,protein_coding,LGR5
ENSG00000164692.19,303848.70632683975,-6.341152476561758,1.0964995335262628,-5.783087254190682,7.334199667521042e-09,3.8812696187284353e-07,protein_coding,COL1A2
ENSG00000178695.6,2141.8685833088534,-4.117707145280868,0.7121640550988555,-5.781964304150803,7.383337692862444e-09,3.899859355190114e-07,protein_coding,KCTD12
ENSG00000159403.18,4793.82434824684,-4.660411358593234,0.8063139154843325,-5.779896972004808,7.474638506016883e-09,3.9257942119621397e-07,protein_coding,C1R
ENSG00000138134.12,585.426560427823,-3.0746371980007243,0.5323794030697563,-5.775274513386578,7.68277238825566e-09,3.9973392934483093e-07,protein_coding,STAMBPL1
ENSG00000189410.12,322.91783535688415,-3.643501066858178,0.6311027186140271,-5.773229871136854,7.776623420627878e-09,4.038621073443985e-07,protein_coding,SH2D5
ENSG00000133048.13,386.07131164550424,-5.136560705208416,0.8901305583790714,-5.770570010046726,7.900383326761224e-09,4.095252705469748e-07,protein_coding,CHI3L1
ENSG00000235568.7,115.12743797241748,-4.591306039942052,0.7959762243400887,-5.76814470023714,8.01489760593808e-09,4.146890144217331e-07,protein_coding,NFAM1
ENSG00000171812.13,272.34933023489924,-4.866851259822594,0.8440332043869975,-5.766184593836305,8.108624425243181e-09,4.179845731501281e-07,protein_coding,COL8A2
ENSG00000189320.9,380.7896900581302,-6.786970921870054,1.1769958359962005,-5.766350835154495,8.1006340476123e-09,4.179845731501281e-07,protein_coding,FAM180A
ENSG00000117385.16,4697.791384559092,-2.3304815878477543,0.4043345862430349,-5.763745341455809,8.226751804515285e-09,4.2250897274997686e-07,protein_coding,P3H1
ENSG00000127329.16,426.2304933956444,-4.644418147906188,0.805915409639217,-5.762910216576387,8.267578161084096e-09,4.232131039056117e-07,protein_coding,PTPRB
ENSG00000173530.6,2551.295818402423,-4.734829558541726,0.82161348279382,-5.762843061486016,8.270869684029773e-09,4.232131039056117e-07,protein_coding,TNFRSF10D
ENSG00000105855.10,1152.1363047928517,-3.9100930085073013,0.6790470311290758,-5.7582064706267095,8.501233505124077e-09,4.333816423232788e-07,protein_coding,ITGB8
ENSG00000101596.17,5296.554677785614,-1.4503697922344765,0.25194583154672456,-5.7566731044149,8.578780693813352e-09,4.3576448794340963e-07,protein_coding,SMCHD1
ENSG00000111863.13,102.07158142424021,-5.659667807732924,0.9834489389920221,-5.754917803392776,8.6683961959728e-09,4.3871541183836153e-07,protein_coding,ADTRP
ENSG00000157654.19,6189.892577819923,-3.84878852407722,0.6693115822417672,-5.75036892561493,8.904891860194733e-09,4.490517569209793e-07,protein_coding,PALM2AKAP2
ENSG00000138347.17,281.87579350449107,-4.786407948395471,0.8330958115101411,-5.745327106757644,9.17434565021423e-09,4.609694684465042e-07,protein_coding,MYPN
ENSG00000165030.4,1218.8403468704923,-1.8820985919776194,0.32794068992575687,-5.739143234722447,9.515671525949223e-09,4.763996989142492e-07,protein_coding,NFIL3
ENSG00000135362.14,392.11626129628377,-3.5966032523531006,0.6290070747406118,-5.717905881799911,1.0784484482308547e-08,5.295215720306343e-07,protein_coding,PRR5L
ENSG00000134757.5,1119.4811925930505,-37.844978487687285,6.623231910403338,-5.713974536848525,1.1036752033689594e-08,5.39927995799268e-07,protein_coding,DSG3
ENSG00000139946.11,168.30703398551103,-4.295075129392821,0.7533677896938289,-5.701166399931106,1.1899041177814526e-08,5.790589339609181e-07,protein_coding,PELI2
ENSG00000091513.16,274.6907953949051,-4.697456992352489,0.8242206993276792,-5.699270833872806,1.2032094579544719e-08,5.845120152115301e-07,protein_coding,TF
ENSG00000154645.14,192.79005451884663,-5.79605654773821,1.0170970584814798,-5.698626792207708,1.207762926639582e-08,5.857018959222893e-07,protein_coding,CHODL
ENSG00000164283.13,585.9929743074296,-5.623218104445275,0.9875755178158488,-5.693962641846114,1.2412425445126817e-08,5.977721015407441e-07,protein_coding,ESM1
ENSG00000117525.14,5427.738431222772,-4.317271795165987,0.7594774283553009,-5.684529432975155,1.3117333142237087e-08,6.273352666600054e-07,protein_coding,F3
ENSG00000122694.16,814.1316538064881,-3.8366208675773614,0.6749566647268344,-5.684247697783832,1.3138973288647188e-08,6.273352666600054e-07,protein_coding,GLIPR2
ENSG00000183691.6,113.98265927185322,-5.458115891833126,0.960534358836131,-5.682374442541197,1.3283743015523289e-08,6.331614222262094e-07,protein_coding,NOG
ENSG00000104368.19,6216.349270495779,-4.681148359972813,0.8263522177868027,-5.664834267051656,1.4716670861532812e-08,6.95506366895802e-07,protein_coding,PLAT
ENSG00000170549.4,156.70682314891258,-10.421748654085137,1.8408932024690396,-5.661245660588728,1.5027811273389198e-08,7.090070417051894e-07,protein_coding,IRX1
ENSG00000122417.16,2135.7974362904897,-1.527453087571246,0.2701398017753194,-5.6543059465249,1.5647727134735874e-08,7.32050642894971e-07,protein_coding,ODF2L
ENSG00000022267.19,7844.405961103209,-4.624599948636674,0.8199262046877288,-5.640263626405216,1.6979000506522003e-08,7.903469198989072e-07,protein_coding,FHL1
ENSG00000113657.13,5930.608562308891,-5.046081566049437,0.8950953718486481,-5.637479228194111,1.7255741136543517e-08,7.989407018540017e-07,protein_coding,DPYSL3
ENSG00000186340.17,5383.677069452368,-5.307267320260687,0.9429784934144185,-5.62819550745391,1.8210461834897632e-08,8.396065028282404e-07,protein_coding,THBS2
ENSG00000120693.14,357.8360832711994,-3.1403490971716472,0.5583942807212199,-5.623891944443959,1.8670246114374482e-08,8.561861134097662e-07,protein_coding,SMAD9
ENSG00000162616.9,2457.935898834321,-2.493122135946798,0.44388906143115725,-5.6165433045559645,1.9481544151715217e-08,8.904569179099258e-07,protein_coding,DNAJB4
ENSG00000164176.13,8816.103038899175,-5.2715751111882305,0.9391005583025877,-5.613429855389008,1.9835503062942032e-08,9.036678613094181e-07,protein_coding,EDIL3
ENSG00000073464.13,730.7938669483617,-4.690107533804396,0.8364927707100323,-5.606871569043371,2.0601641538368566e-08,9.339858206221945e-07,protein_coding,CLCN4
ENSG00000164465.19,1964.2720442548264,-2.264211909573498,0.40428391934512914,-5.600549023174442,2.1367396736382766e-08,9.639916621619947e-07,protein_coding,DCBLD1
ENSG00000182197.13,9718.780319335412,-2.2306646907675827,0.3984593727841657,-5.598223666270416,2.165592444890135e-08,9.722811499348678e-07,protein_coding,EXT1
ENSG00000116132.12,2234.296050479471,-5.242952311579999,0.9371896703070103,-5.594334292931848,2.2146987451437617e-08,9.892734782419403e-07,protein_coding,PRRX1
ENSG00000166979.13,312.24546024688004,-2.5712779084455857,0.4597335821458365,-5.59297386204414,2.232129048027321e-08,9.941367068942162e-07,protein_coding,EVA1C
ENSG00000112319.21,205.56841837575777,-5.292287699327409,0.9468124697668464,-5.58958385986471,2.2761442377741205e-08,1.012120623046013e-06,protein_coding,EYA4
ENSG00000143178.13,193.77402072807442,-1.8479969868818726,0.3309723473701325,-5.583538931774331,2.3567299092228664e-08,1.0413005357639318e-06,protein_coding,TBX19
ENSG00000196591.12,8551.194885519191,-1.1781301470216563,0.2111065931674736,-5.580735918025214,2.3950305002251408e-08,1.0503862603185929e-06,protein_coding,HDAC2
ENSG00000131386.20,406.4386627493794,-5.367027522919105,0.9623129546735218,-5.57721632744718,2.443978686755792e-08,1.0696633761719219e-06,protein_coding,GALNT15
ENSG00000171150.9,2073.5284030592434,-1.3746962802771505,0.24675301844642236,-5.571142711575945,2.530739154478519e-08,1.1022390746244523e-06,protein_coding,SOCS5
ENSG00000183873.18,166.8147757193175,-5.030118753701192,0.9028946897196372,-5.571102378798044,2.5313251725761116e-08,1.1022390746244523e-06,protein_coding,SCN5A
ENSG00000162458.13,3395.3688372670517,-3.1280446464420373,0.5614970384683569,-5.570901415570543,2.5342470461260577e-08,1.1022390746244523e-06,protein_coding,FBLIM1
ENSG00000102802.10,1061.3990824667274,-8.256018516181248,1.4839647566048861,-5.563486922068095,2.6443668945108098e-08,1.1429906347143309e-06,protein_coding,MEDAG
ENSG00000026652.15,686.7369275456226,-3.6033087595628626,0.648165885063835,-5.559238526118956,2.7095418783712764e-08,1.1675357233180007e-06,protein_coding,AGPAT4
ENSG00000041982.17,21312.06448635372,-5.523289738816874,0.9938294021491395,-5.557583350696661,2.7353537292379623e-08,1.1768362659515907e-06,protein_coding,TNC
ENSG00000158163.15,385.2236651779463,-3.5234501671089204,0.6341986581167754,-5.555751533079,2.7641984142098537e-08,1.1874109113880477e-06,protein_coding,DZIP1L
ENSG00000198846.6,179.30282353731423,-4.668215949561853,0.8404719131853179,-5.554279537872606,2.7875908345090528e-08,1.195208770007368e-06,protein_coding,TOX
ENSG00000142156.16,34835.42065174298,-4.3123869610210726,0.7784004601239894,-5.54006219412327,3.023642432400305e-08,1.2830199809191293e-06,protein_coding,COL6A1
ENSG00000105810.10,4570.240986738354,-3.1340234897452484,0.5658151044016819,-5.538953388420594,3.042846096892811e-08,1.2892034087231092e-06,protein_coding,CDK6
ENSG00000092964.18,3905.284949166839,-2.8510114509756015,0.5160956428976647,-5.524192056666755,3.310052324388654e-08,1.383462710235474e-06,protein_coding,DPYSL2
ENSG00000170425.4,1082.753879663652,-3.3677927637353764,0.6101108587234682,-5.519968568961043,3.3906030468451746e-08,1.4150048937328676e-06,protein_coding,ADORA2B
ENSG00000271605.6,115.11757548892325,-5.09143458269043,0.9235087637906907,-5.513141598994487,3.52484415390318e-08,1.4622587461706246e-06,protein_coding,MILR1
ENSG00000169429.12,6257.492903263211,-5.347999351915206,0.9705494766092198,-5.510279981397089,3.582633738173864e-08,1.4840207252352335e-06,protein_coding,CXCL8
ENSG00000163734.4,228.63417032097104,-5.44772726932422,0.9897769179361691,-5.503995062527357,3.7127995028945195e-08,1.5243287162621217e-06,protein_coding,CXCL3
ENSG00000204767.4,245.70985858093675,-6.053056457037395,1.1000367577755101,-5.502594721723537,3.7424203997659e-08,1.531970797762994e-06,protein_coding,INSYN2B
ENSG00000196639.7,1164.8658278711578,-4.355066018657255,0.7918908654160465,-5.499578551609096,3.80700081813489e-08,1.5538368735132375e-06,protein_coding,HRH1
ENSG00000136158.12,1159.6240335716914,-3.509954123917591,0.6383435050691628,-5.4985350301908325,3.8295946941311106e-08,1.5584882734770993e-06,protein_coding,SPRY2
ENSG00000147509.14,173.65917126447505,-3.680610866798771,0.6693616833877355,-5.498687717185531,3.826280678416346e-08,1.5584882734770993e-06,protein_coding,RGS20
ENSG00000107159.14,217.2976698881004,-4.659408597783938,0.8492848534019711,-5.486273043867197,4.105022346118992e-08,1.64888026012364e-06,protein_coding,CA9
ENSG00000168542.16,128787.6415139246,-6.391695392032399,1.1661899944070846,-5.480835389332997,4.2332220965103995e-08,1.6930455499779236e-06,protein_coding,COL3A1
ENSG00000087245.13,17418.416252416842,-5.53644256330693,1.0103805850957275,-5.47956150877779,4.263812049790657e-08,1.7003935847847096e-06,protein_coding,MMP2
ENSG00000137462.9,227.95180330601158,-4.325964707979672,0.7904619847730363,-5.4727043062314715,4.432193162894371e-08,1.7650147193466052e-06,protein_coding,TLR2
ENSG00000171456.21,9125.78218555614,-1.4766364939562213,0.2701858569675575,-5.465261988652234,4.6222361089911926e-08,1.8309058646913604e-06,protein_coding,ASXL1
ENSG00000146122.17,581.8114065830824,-4.6692360015093355,0.8547142022524729,-5.462920809323461,4.6836357115603925e-08,1.8466527431585707e-06,protein_coding,DAAM2
ENSG00000162413.17,2520.6231180126065,-1.3625025412958753,0.25002282866130526,-5.449512544878838,5.050806075823073e-08,1.9857943209973316e-06,protein_coding,KLHL21
ENSG00000141867.19,7065.179437387462,-1.5298474892533844,0.2807736278459246,-5.448686548627328,5.074315050001235e-08,1.992223324849568e-06,protein_coding,BRD4
ENSG00000148082.10,797.9477638539005,-3.871684839727785,0.7106089352139773,-5.4484043865307585,5.0823700423574386e-08,1.9925753873107272e-06,protein_coding,SHC3
ENSG00000135318.12,11217.268828927528,-4.952996252836443,0.9091715188138398,-5.447812816770175,5.099298066430463e-08,1.9964002950373893e-06,protein_coding,NT5E
ENSG00000188042.8,3411.5977139494653,-3.4715031478993366,0.6375888177335296,-5.44473656272654,5.188211152531829e-08,2.025512561597139e-06,protein_coding,ARL4C
ENSG00000196549.13,1847.4374702357215,-5.513470844243392,1.0129644764779056,-5.44290641209238,5.2418190003281016e-08,2.043575261808586e-06,protein_coding,MME
ENSG00000127863.16,465.5841783105053,-4.572570781830001,0.841122159781139,-5.436274301725436,5.440617792747128e-08,2.097576688073533e-06,protein_coding,TNFRSF19
ENSG00000084636.18,6396.510325773319,-3.703298943525837,0.6814153364121915,-5.434716164482822,5.488372569412931e-08,2.113061394774251e-06,protein_coding,COL16A1
ENSG00000146281.6,1169.5880060794125,-3.6830202413499533,0.6794459539224165,-5.4206228178827365,5.939175222980559e-08,2.2615989262228025e-06,protein_coding,PM20D2
ENSG00000065243.20,4223.646688430709,-1.01194945321617,0.18681449773176287,-5.4168678850030965,6.065212268028252e-08,2.3032912509254354e-06,protein_coding,PKN2
ENSG00000090376.11,239.65426846560973,-4.522080873508022,0.8361225731201432,-5.408394676671695,6.359216620438759e-08,2.4083694400888887e-06,protein_coding,IRAK3
ENSG00000146674.16,53288.625695880044,-4.133649189445652,0.764430836023629,-5.407486190572613,6.391546918261091e-08,2.417324728487986e-06,protein_coding,IGFBP3
ENSG00000080986.13,3050.6913598320284,-2.0193538395272808,0.37417905277398944,-5.396758115016676,6.785576839868433e-08,2.5524772556024012e-06,protein_coding,NDC80
ENSG00000059804.16,1282.9890498448572,-4.618544893116543,0.8561146765491541,-5.394773643798604,6.860999048936544e-08,2.573891772590265e-06,protein_coding,SLC2A3
ENSG00000040275.17,4455.4220069041,-1.6336961040153957,0.30306466787205893,-5.390585829375112,7.022836350783329e-08,2.6239956061799294e-06,protein_coding,SPDL1
ENSG00000087053.20,3585.6930908942763,-1.2914158550290604,0.2395866975161559,-5.390181793970331,7.038644380080334e-08,2.6263767421436484e-06,protein_coding,MTMR2
ENSG00000163513.19,4418.872349958897,-4.028580185403092,0.7476000009169829,-5.388684029510114,7.097546206221642e-08,2.6448098553733017e-06,protein_coding,TGFBR2
ENSG00000138316.11,251.94082186945803,-4.044771807808708,0.7506851866842171,-5.388106598552316,7.120381820644074e-08,2.649772036891022e-06,protein_coding,ADAMTS14
ENSG00000113070.8,772.6921732212874,-3.473244169292271,0.644875859213207,-5.38591128768546,7.207850956912517e-08,2.675169856488224e-06,protein_coding,HBEGF
ENSG00000154027.19,549.9646528362084,-4.24335518933431,0.7893978756865981,-5.37543274441111,7.639896610574462e-08,2.8167438682377574e-06,protein_coding,AK5
ENSG00000145990.11,1305.7414134915375,-2.4022529173569183,0.44705092873847346,-5.373555366803064,7.719908578557759e-08,2.8260378482756963e-06,protein_coding,GFOD1
ENSG00000174125.8,292.3520987371842,-5.054347935297583,0.9406215685572544,-5.373412756258663,7.726019552154782e-08,2.8260378482756963e-06,protein_coding,TLR1
ENSG00000142627.13,6435.767672507045,-3.2084756405563337,0.5972127670984432,-5.372416360327836,7.768846800315598e-08,2.8379740096271e-06,protein_coding,EPHA2
ENSG00000145147.20,1724.7648092080913,-4.967044088816658,0.9272996557181149,-5.356460620024822,8.486798663560123e-08,3.0720224655248323e-06,protein_coding,SLIT2
ENSG00000154822.18,158.33555067763723,-4.471772476331403,0.8356686057373434,-5.351131352344847,8.740604672028662e-08,3.1534392152173256e-06,protein_coding,PLCL2
ENSG00000061337.15,270.8619799291615,-4.428581715907305,0.8276136051044264,-5.351025754764527,8.745707264505589e-08,3.1534392152173256e-06,protein_coding,LZTS1
ENSG00000101384.12,6541.737976181357,-4.1381785397809905,0.7735025299449437,-5.349922436679731,8.799193607400137e-08,3.1686203525949574e-06,protein_coding,JAG1
ENSG00000265190.7,654.7381280398229,-5.370963849513098,1.0049597048617926,-5.344456920540652,9.068854055084111e-08,3.2405728045869235e-06,protein_coding,ANXA8
ENSG00000124875.10,456.3253504310858,-6.4378454666990645,1.204701894246015,-5.343932384806542,9.09515065738664e-08,3.245802739730955e-06,protein_coding,CXCL6
ENSG00000168994.14,2423.4156268963907,-3.382867773240162,0.6334925928851438,-5.34002735191175,9.293255943568456e-08,3.3110006532592652e-06,protein_coding,PXDC1
ENSG00000291237.1,19532.922191482518,-3.2229044163859353,0.6038138757408187,-5.337579253924493,9.419573281647725e-08,3.3444291054584957e-06,protein_coding,SOD2
ENSG00000124882.4,824.6772132686378,-5.462849648144991,1.025760153939143,-5.32565983106914,1.0058722220704293e-07,3.5263802485582453e-06,protein_coding,EREG
ENSG00000168497.5,425.58808884163614,-5.509127778745365,1.0346557989057732,-5.324599528240875,1.0117569298338238e-07,3.538121777969646e-06,protein_coding,CAVIN2
ENSG00000168779.21,555.9593784907557,-3.706170773634092,0.6960470131480736,-5.324598344114522,1.0117635203563149e-07,3.538121777969646e-06,protein_coding,SHOX2
ENSG00000171867.18,11346.899743695498,-3.1251511234655576,0.5873013247302405,-5.321205643288823,1.0308179746989118e-07,3.5912201681750825e-06,protein_coding,PRNP
ENSG00000075340.23,1536.478568911893,-5.767436855896765,1.0843265511339724,-5.318911401611689,1.043899504678516e-07,3.6322483265288966e-06,protein_coding,ADD2
ENSG00000174130.13,703.541193333936,-4.142889483533305,0.7805823951854876,-5.3074339225250435,1.1117928932567311e-07,3.844455525055201e-06,protein_coding,TLR6
ENSG00000065989.16,616.8657789557,-2.5893607773814145,0.49007463914991145,-5.28360492571692,1.2666626074051426e-07,4.326235624506693e-06,protein_coding,PDE4A
ENSG00000077935.17,341.28797979520925,-4.408047270750567,0.8355153498661119,-5.27584235461017,1.3214765464378317e-07,4.492796226098317e-06,protein_coding,SMC1B
ENSG00000161040.18,216.39525631257027,-3.683577228298421,0.6982044915321418,-5.275785637263905,1.321885367572396e-07,4.492796226098317e-06,protein_coding,FBXL13
ENSG00000115008.6,311.42014317705684,-5.225697264430671,0.9953053671953772,-5.2503457096347335,1.5181401878209583e-07,5.10990934319035e-06,protein_coding,IL1A
ENSG00000076053.12,991.356980725073,-1.3983771515661778,0.2667417347623465,-5.242438543829901,1.5846818091109662e-07,5.320274026054686e-06,protein_coding,RBM7
ENSG00000080573.7,2707.0823544443365,-7.070098407523421,1.3487909960824027,-5.241804273648548,1.5901399380639786e-07,5.326490411064851e-06,protein_coding,COL5A3
ENSG00000029153.15,1354.0757388394163,-2.9162435060927407,0.557241925348328,-5.233352648887316,1.6646271604455078e-07,5.549288818941455e-06,protein_coding,ARNTL2
ENSG00000065882.18,2778.692137157175,-2.0059504532540826,0.38354335658229566,-5.2300487515383995,1.6946534396109016e-07,5.635886875150425e-06,protein_coding,TBC1D1
ENSG00000116871.16,6217.158650395259,-1.4200054135906053,0.27156508803634266,-5.228968951268768,1.7045798632241857e-07,5.662134256886448e-06,protein_coding,MAP7D1
ENSG00000126785.13,336.2938696522472,-6.604313801354769,1.2635504148752192,-5.226790893030549,1.7247737318751617e-07,5.722383980986532e-06,protein_coding,RHOJ
ENSG00000154237.13,1117.7811898360665,-2.2860727635752456,0.4379400606435421,-5.220058562845149,1.7886656140442798e-07,5.892224382548708e-06,protein_coding,LRRK1
ENSG00000065978.19,42775.65436960169,-1.4924685425640134,0.28608060895500725,-5.216951082478779,1.8189227116108113e-07,5.963666972956248e-06,protein_coding,YBX1
ENSG00000166582.11,560.7435493747881,-2.660816376598686,0.510985526371409,-5.2072245480093615,1.9168607879593278e-07,6.255303270062819e-06,protein_coding,CENPV
ENSG00000173083.16,578.6816262252419,-3.710379332720457,0.7126402929250437,-5.2065247636941,1.9241002715583252e-07,6.271575545561773e-06,protein_coding,HPSE
ENSG00000136490.9,392.62325613902766,-3.2729152625957534,0.6292846790432491,-5.201008973509133,1.9820953103025971e-07,6.4401215076801486e-06,protein_coding,LIMD2
ENSG00000196460.14,116.37542674689135,-5.312642405975812,1.0232756691804799,-5.191799791575809,2.082708961984041e-07,6.7022296723454065e-06,protein_coding,RFX8
ENSG00000111252.11,1504.9128824737845,-2.3630997662202016,0.4553181559567787,-5.189996786432826,2.1029770997727787e-07,6.75184204720589e-06,protein_coding,SH2B3
ENSG00000164318.18,171.87746333298128,-6.200522414431252,1.1952700275453696,-5.1875494838306695,2.1307931689863447e-07,6.817558465736079e-06,protein_coding,EGFLAM
ENSG00000197860.10,924.5385933066584,-1.7607945573274248,0.33960501249238706,-5.18483088457623,2.162109656843057e-07,6.909096797410062e-06,protein_coding,SGTB
ENSG00000056277.16,536.4720294893455,-1.3499026429859011,0.2604195243549508,-5.183569267049229,2.1767933188944946e-07,6.940803989089021e-06,protein_coding,ZNF280C
ENSG00000097033.15,5211.820880729366,-1.1306331333610076,0.21834002529344196,-5.178313650195253,2.239005711786597e-07,7.090439475914871e-06,protein_coding,SH3GLB1
ENSG00000145242.14,588.2391279766495,-5.292908077458097,1.0225502407497484,-5.176183884693296,2.2647025679416302e-07,7.1555346970741445e-06,protein_coding,EPHA5
ENSG00000117020.19,2993.672771438215,-4.0752458836263825,0.7875081949737714,-5.174861556535436,2.2808003644558445e-07,7.1982266377542955e-06,protein_coding,AKT3
ENSG00000049192.15,847.0930529815638,-3.9686932408516182,0.7675335702699639,-5.170709653071869,2.3320666963010645e-07,7.335074413360049e-06,protein_coding,ADAMTS6
ENSG00000164430.17,599.8534708485421,-3.1769582142020383,0.615096641127451,-5.164974089890627,2.4047223113511227e-07,7.5211067706482975e-06,protein_coding,CGAS
ENSG00000113361.13,2361.2469156247666,-4.90835111336337,0.951276682979143,-5.159751312301414,2.472780869753582e-07,7.707987490533113e-06,protein_coding,CDH6
ENSG00000174010.10,758.5595077563353,-1.330430977393563,0.2578588614709221,-5.159531729118378,2.475682665842857e-07,7.708400747919661e-06,protein_coding,KLHL15
ENSG00000148346.12,752.9639261204339,-4.699007217535684,0.9131620204199485,-5.145863617252375,2.6629284366758317e-07,8.227000661854434e-06,protein_coding,LCN2
ENSG00000119917.15,1169.2738241784252,-4.185165133322405,0.814706998232794,-5.137018759382913,2.7913110171295823e-07,8.547737455755671e-06,protein_coding,IFIT3
ENSG00000149294.17,643.6847362593513,-4.827640338019773,0.9398176931881892,-5.136783839047267,2.794801074093757e-07,8.549020076755366e-06,protein_coding,NCAM1
ENSG00000271503.6,199.34043589999303,-4.009178413646075,0.7806393311416526,-5.135762769962946,2.810019453546287e-07,8.586136279793023e-06,protein_coding,CCL5
ENSG00000142945.13,4787.199776377341,-1.5280044286554317,0.2976571850066148,-5.13343707332808,2.844981792734894e-07,8.683433463000934e-06,protein_coding,KIF2C
ENSG00000131016.17,3402.2254511021147,-3.410567352563947,0.6649647181503764,-5.128944828908463,2.9137071171982737e-07,8.864038395008869e-06,protein_coding,AKAP12
ENSG00000008256.16,3653.542680497999,-2.4360489466025212,0.47516603619320585,-5.126732049535643,2.948146311657266e-07,8.939498990336782e-06,protein_coding,CYTH3
ENSG00000149380.12,508.08985988799435,-3.410969086884091,0.6656915227015218,-5.123948511529233,2.9920271939961463e-07,9.0626843277559e-06,protein_coding,P4HA3
ENSG00000011422.12,2302.7755262116343,-2.9093599176868974,0.5704944889787344,-5.099716077704907,3.4016334535278415e-07,1.0170555189301932e-05,protein_coding,PLAUR
ENSG00000116717.13,3826.9262218598146,-2.3747343005489623,0.4659028297719437,-5.097059190886174,3.44970490533032e-07,1.0292174249172002e-05,protein_coding,GADD45A
ENSG00000147065.18,22146.84423758109,-4.018837183777632,0.7884940828883431,-5.096851417142125,3.4534917082161964e-07,1.0292440598491011e-05,protein_coding,MSN
ENSG00000038382.23,13411.398829734857,-1.6249623189267086,0.31928652724736795,-5.0893544833721265,3.5928443870353247e-07,1.0608807380896007e-05,protein_coding,TRIO
ENSG00000118473.23,221.54211670498924,-5.855959377638201,1.150549190780358,-5.089707962565605,3.5861537456674685e-07,1.0608807380896007e-05,protein_coding,SGIP1
ENSG00000103187.8,8646.44761978901,-2.4890593846748277,0.48915161971357096,-5.088523239751978,3.6086256490011184e-07,1.0640858428558807e-05,protein_coding,COTL1
ENSG00000185483.13,1284.7696483052007,-4.511317465106237,0.8866222461377867,-5.088206939040812,3.614648211664306e-07,1.0647338372474881e-05,protein_coding,ROR1
ENSG00000118495.21,1066.1048582194849,-4.855804914091504,0.9564314196785962,-5.077002714657024,3.834353962858729e-07,1.1223246783400167e-05,protein_coding,PLAGL1
ENSG00000112208.11,1090.1925170418053,-2.9005983156837485,0.5719545065134432,-5.071379423803129,3.9494246320584854e-07,1.1511642309736125e-05,protein_coding,BAG2
ENSG00000099256.19,474.2032509542817,-3.9314380588146327,0.7763431277928032,-5.064046963347226,4.1044846434741126e-07,1.191370537390463e-05,protein_coding,PRTFDC1
ENSG00000017797.13,6075.854060965306,-1.250819218953922,0.2472324836959561,-5.059283473817973,4.208348469616309e-07,1.2177088149713053e-05,protein_coding,RALBP1
ENSG00000198873.12,539.7303975165485,-2.5911338721824357,0.5126402985871364,-5.054487287331364,4.3154850094268217e-07,1.2448273649990156e-05,protein_coding,GRK5
ENSG00000085415.16,3374.1907440242862,-1.173679005561971,0.23242948088028262,-5.049613332684323,4.4270523158840254e-07,1.2729690757050107e-05,protein_coding,SEH1L
ENSG00000170264.13,516.0481639603813,-1.6854572450243492,0.33410430397496865,-5.044703779543723,4.5422450944292666e-07,1.2981307438247747e-05,protein_coding,FAM161A
ENSG00000148677.7,3338.840710663234,-5.181536014985103,1.0276486195140406,-5.042128132702959,4.6038283188374764e-07,1.3116905330927328e-05,protein_coding,ANKRD1
ENSG00000136859.10,588.7789294981842,-4.247972437449815,0.8431474957679702,-5.038231695844157,4.698524669258051e-07,1.3373019702808497e-05,protein_coding,ANGPTL2
ENSG00000128346.11,149.36952768371611,-2.0558086881568305,0.4082257522236904,-5.035960315973242,4.754590635753688e-07,1.3504978054779557e-05,protein_coding,C22orf23
ENSG00000204175.6,1305.2643184187978,-4.643951975057792,0.9224609138032996,-5.034307584817672,4.795791090179612e-07,1.360811832683381e-05,protein_coding,GPRIN2
ENSG00000164484.12,2022.9421912677772,-5.312627619426524,1.05621574156999,-5.029869760821477,4.908131115945712e-07,1.3912702417868111e-05,protein_coding,TMEM200A
ENSG00000162490.7,117.25237865289955,-4.138293148329629,0.8228166836410874,-5.029422993730584,4.919580263645653e-07,1.3930970113818964e-05,protein_coding,DRAXIN
ENSG00000100139.14,3376.8573210305453,-1.6634472836435377,0.33214282401198886,-5.008228880427339,5.493318663433129e-07,1.5414517975335138e-05,protein_coding,MICALL1
ENSG00000159753.15,377.801754514375,-3.399398305568779,0.679652132643574,-5.001673859753054,5.683467956677185e-07,1.5884037554424308e-05,protein_coding,CARMIL2
ENSG00000213949.10,1702.6154647776639,-5.327084694091349,1.0653639329121325,-5.0002487690098185,5.725639041279829e-07,1.598584637442982e-05,protein_coding,ITGA1
ENSG00000047932.14,3285.569710557869,-1.4214865561955694,0.28439364208333234,-4.998306381895306,5.783603939248329e-07,1.611535528057222e-05,protein_coding,GOPC
ENSG00000178031.18,3640.434535936771,-5.289675681657138,1.0604988449425796,-4.987912723227478,6.103512877829357e-07,1.6905212384801787e-05,protein_coding,ADAMTSL1
ENSG00000168487.20,3788.7123697752327,-2.535140010364568,0.5084174291693743,-4.986335764504271,6.153516767374069e-07,1.699298539053815e-05,protein_coding,BMP1
ENSG00000139174.12,452.470082974019,-4.033535464082172,0.8096888260324652,-4.981587165833562,6.306486536064725e-07,1.7380926655237393e-05,protein_coding,PRICKLE1
ENSG00000079739.17,3675.8760417580743,-2.2855128113826435,0.45915884641715127,-4.977608139790098,6.437481736062162e-07,1.7706891462947267e-05,protein_coding,PGM1
ENSG00000165757.9,1728.8690664408325,-3.897122888798209,0.7831511872835505,-4.976207598325715,6.484210466792801e-07,1.7782707640753144e-05,protein_coding,JCAD
ENSG00000140945.17,3562.1841990541398,-4.76899758124266,0.9593162193458056,-4.971246691205557,6.652373912222143e-07,1.8136677788502993e-05,protein_coding,CDH13
ENSG00000187957.8,817.671165500613,-4.8942767603934545,0.9847159316502314,-4.9702422831642465,6.686928947235254e-07,1.8213048353741736e-05,protein_coding,DNER
ENSG00000027697.16,4046.879928185433,-1.974274216697268,0.39766689745203615,-4.964643095382089,6.882752367821076e-07,1.8691540966894386e-05,protein_coding,IFNGR1
ENSG00000100142.16,2215.9014902073236,-1.0387439767329132,0.20933089271529878,-4.962210609523653,6.969536238879246e-07,1.8871985481074193e-05,protein_coding,POLR2F
ENSG00000115844.11,486.6931164981937,-3.9854471231654665,0.8034978527490393,-4.960121684868101,7.044903519456457e-07,1.9020556194722593e-05,protein_coding,DLX2
ENSG00000166813.17,863.6573730817938,-2.372610333329917,0.4788735461027255,-4.954565464388707,7.249210786588742e-07,1.953427216413206e-05,protein_coding,KIF7
ENSG00000111860.14,336.24992659865836,-2.2599542835350936,0.4564739967526597,-4.950893806903198,7.387340788452985e-07,1.9863322958782133e-05,protein_coding,CEP85L
ENSG00000135919.14,41774.51247266927,-4.492836080563775,0.9079119647428449,-4.948537143506328,7.477332259295405e-07,2.0032629525480936e-05,protein_coding,SERPINE2
ENSG00000151702.18,224.45237269363855,-4.013165228326033,0.8123610292808807,-4.940125244410816,7.807240715217005e-07,2.085627183769487e-05,protein_coding,FLI1
ENSG00000117399.14,7191.038185060555,-1.6541085330210752,0.33520529268395916,-4.934613411908787,8.030966940232475e-07,2.141283484179226e-05,protein_coding,CDC20
ENSG00000114948.13,767.7088797346474,-4.1776094262115215,0.8492537843411245,-4.91915314743358,8.691944440455551e-07,2.2933551226968786e-05,protein_coding,ADAM23
ENSG00000100979.15,894.8513473685421,-4.81353646799647,0.9786895820216255,-4.918348530954432,8.72774131106482e-07,2.3006193857462153e-05,protein_coding,PLTP
ENSG00000167550.11,138.1024094344044,-1.6878524467854605,0.3432203540792882,-4.917693332358563,8.756995503117456e-07,2.3061468952202223e-05,protein_coding,RHEBL1
ENSG00000112742.10,2704.6482919987207,-1.587600322296063,0.32285966862493526,-4.91730766204921,8.774259556085815e-07,2.3069240695906866e-05,protein_coding,TTK
ENSG00000150093.20,71507.78582227771,-1.8571969103426236,0.3776896026069546,-4.917257180297146,8.776521733354422e-07,2.3069240695906866e-05,protein_coding,ITGB1
ENSG00000189001.11,130.34257186565517,-4.170025734573238,0.8494106638193734,-4.909316438085113,9.139440203209792e-07,2.3887836384652373e-05,protein_coding,SBSN
ENSG00000152492.15,5585.7120698908875,-1.6344822278984772,0.3329766974652063,-4.908698537588411,9.168278364789718e-07,2.3940731384829888e-05,protein_coding,CCDC50
ENSG00000129680.16,1795.4224899280257,-3.5195085882175374,0.7172232565332247,-4.907131156384218,9.241823462534963e-07,2.4087584073326144e-05,protein_coding,MAP7D3
ENSG00000094755.17,1268.8720618788298,-7.00190202052475,1.427026554428372,-4.906637510560917,9.265103835085918e-07,2.4125671688816804e-05,protein_coding,GABRP
ENSG00000186832.9,4128.475189394208,-5.41326470858625,1.1041450033638875,-4.902675547228128,9.454006378368089e-07,2.4594553415724683e-05,protein_coding,KRT16
ENSG00000026508.21,25862.569256357852,-3.3923161540531965,0.692134033513298,-4.901241652333832,9.523282595366562e-07,2.4728553575058173e-05,protein_coding,CD44
ENSG00000157766.19,1109.113710384525,-5.344741348244776,1.0927982234516516,-4.890876681116093,1.0038784712725091e-06,2.5898017725988475e-05,protein_coding,ACAN
ENSG00000266074.11,2627.0833729193932,-2.624000424905413,0.5366967852387353,-4.889167397822583,1.0126335886920769e-06,2.605144969947565e-05,protein_coding,BAHCC1
ENSG00000138448.13,13549.523364893459,-1.5379621761629036,0.3145834636095915,-4.8888843632021475,1.0140903944421474e-06,2.6053414704925744e-05,protein_coding,ITGAV
ENSG00000154845.16,6154.506458779291,-1.4393902425459715,0.2945135042437812,-4.887348871291579,1.0220289410773633e-06,2.6220458621041e-05,protein_coding,PPP4R1
ENSG00000166401.15,672.0804127352911,-2.5987717100594527,0.5321062635443232,-4.8839336954036465,1.0399005603797119e-06,2.6605397057655936e-05,protein_coding,SERPINB8
ENSG00000152784.16,216.87205152954533,-4.144619840363158,0.8495685357090016,-4.878499692675522,1.0689583064932798e-06,2.7248647820097927e-05,protein_coding,PRDM8
ENSG00000106665.16,2492.5618419243056,-2.533533447287382,0.519690328165007,-4.87508292916115,1.0876275475196327e-06,2.769917695586139e-05,protein_coding,CLIP2
ENSG00000140853.17,1137.4044424062865,-2.3526089884815526,0.4826055565108966,-4.874807089852546,1.0891483498683856e-06,2.7712553443269086e-05,protein_coding,NLRC5
ENSG00000156265.16,499.52275235878403,-3.943905009253701,0.8093182123502867,-4.873120299369603,1.0984928547342442e-06,2.782315478105771e-05,protein_coding,MAP3K7CL
ENSG00000127955.17,1812.441108567281,-3.6201213750218515,0.7435569735096154,-4.8686536526377395,1.1236113913831232e-06,2.8407671835186758e-05,protein_coding,GNAI1
ENSG00000157368.12,103.5766416123667,-4.21010893622276,0.8653659692578978,-4.865119597704051,1.1438761676229044e-06,2.889377223407547e-05,protein_coding,IL34
ENSG00000106714.18,516.1434290456525,-4.239019104844894,0.8721142685438038,-4.860623495958753,1.1701661819315883e-06,2.9477598045473023e-05,protein_coding,CNTNAP3
ENSG00000175832.13,1016.8844599529216,-3.0182694855637906,0.6214280107451107,-4.856989761283525,1.1918375440704016e-06,2.994222913063511e-05,protein_coding,ETV4
ENSG00000112149.10,411.2866031215791,-2.483664039723755,0.5116761429676168,-4.8539766292776765,1.2101000351191427e-06,3.031894201402021e-05,protein_coding,CD83
ENSG00000233608.4,757.1075554745204,-6.6876251257131765,1.3790257658516296,-4.8495287697421485,1.2375512008200725e-06,3.092322731241251e-05,protein_coding,TWIST2
ENSG00000137752.25,202.00233840644339,-4.74970147247451,0.9802267762271045,-4.845512883004608,1.2628501641992379e-06,3.1470633098164715e-05,protein_coding,CASP1
ENSG00000137076.21,26007.51363851801,-1.4888827652727241,0.307700924322751,-4.8387334830070845,1.3066912904300516e-06,3.244697480857352e-05,protein_coding,TLN1
ENSG00000275832.5,2528.2979323337604,-3.722188289853353,0.7709239325979355,-4.828217327888572,1.3776070477936745e-06,3.396551796491118e-05,protein_coding,ARHGAP23
ENSG00000134470.21,321.0338842254954,-2.466854778603336,0.5109730133493532,-4.827759420078694,1.380777569425457e-06,3.401356143586462e-05,protein_coding,IL15RA
ENSG00000165072.10,279.44304398810146,-3.9133059346805195,0.8108015765937336,-4.826465620751192,1.3897737150638649e-06,3.420489932141268e-05,protein_coding,MAMDC2
ENSG00000057019.16,8126.130563243303,-3.228966090584123,0.6697116999601203,-4.821427027146757,1.4253486278104096e-06,3.498765820434794e-05,protein_coding,DCBLD2
ENSG00000165617.15,682.3643519637498,-5.112150345126073,1.0604954060588994,-4.820530401092701,1.4317703457928274e-06,3.5109080582716944e-05,protein_coding,DACT1
ENSG00000173432.13,429.59874301306775,-4.9614823110126025,1.0295829497789943,-4.818924315012804,1.4433428956783996e-06,3.5335877611349105e-05,protein_coding,SAA1
ENSG00000006468.15,610.6410107790985,-3.92955633033239,0.816454371944849,-4.812952769144862,1.487164458260567e-06,3.637672219696058e-05,protein_coding,ETV1
ENSG00000130309.12,12839.938103489912,-1.4858356463211402,0.3088906808149378,-4.810231381539582,1.5075567870480139e-06,3.681083396865659e-05,protein_coding,COLGALT1
ENSG00000206560.12,4253.001898489637,-1.261065958732207,0.2623812638114976,-4.806234791361451,1.5379926848799307e-06,3.7455436899665575e-05,protein_coding,ANKRD28
ENSG00000144583.5,679.6423424212794,-4.633167039853737,0.9652356777126685,-4.800037075746115,1.5863625938481118e-06,3.853227675598258e-05,protein_coding,MARCHF4
ENSG00000197093.11,272.3738020253943,-3.3046347864067327,0.6892783143855318,-4.794340279445325,1.6321103768622109e-06,3.950558647855348e-05,protein_coding,GAL3ST4
ENSG00000182718.18,85859.10450492467,-1.7182110506336947,0.3586989616771609,-4.790119945148134,1.6668164650697953e-06,4.017099837375136e-05,protein_coding,ANXA2
ENSG00000177707.11,1165.0481636832367,-3.9129043578742007,0.817017586669553,-4.789253526138348,1.6740287350275442e-06,4.030991684102658e-05,protein_coding,NECTIN3
ENSG00000152377.14,11639.364271958684,-3.799580351451633,0.793549864569113,-4.788080146059572,1.6838440505080552e-06,4.040645085339847e-05,protein_coding,SPOCK1
ENSG00000169436.17,153.9080723717113,-4.992365805329961,1.0456228884563643,-4.774537608582869,1.8012062198294414e-06,4.2963475865614676e-05,protein_coding,COL22A1
ENSG00000168502.18,2314.7027607761765,-2.790701302346993,0.5846140770485411,-4.7735786938898475,1.809807845891607e-06,4.309479144417346e-05,protein_coding,MTCL1
ENSG00000092969.12,2600.618591169624,-3.663360284900955,0.7679388091274817,-4.7703804539624715,1.8387828807763947e-06,4.363543074960931e-05,protein_coding,TGFB2
ENSG00000164161.10,627.7572895639545,-4.1523530795042385,0.8704795899342637,-4.770190051001441,1.8405218559135216e-06,4.363949436218807e-05,protein_coding,HHIP
ENSG00000172059.11,1350.1178467430896,-1.360278346525593,0.28519137786936605,-4.769703616876798,1.8449717007495216e-06,4.370777213792654e-05,protein_coding,KLF11
ENSG00000065150.21,15206.099724717178,-1.2496965214068667,0.26212188173023665,-4.767616168317435,1.8641850844136926e-06,4.4050471994685523e-05,protein_coding,IPO5
ENSG00000112837.17,863.5503342147966,-6.303444020468231,1.3227578221566982,-4.765380264537574,1.884978089330073e-06,4.4428662230814486e-05,protein_coding,TBX18
ENSG00000101134.12,322.4264852052801,-5.197310215802624,1.091362904188938,-4.7622199690441915,1.9147479945260256e-06,4.505403649672565e-05,protein_coding,DOK5
ENSG00000003400.16,218.9835518081902,-4.148356013208647,0.8725448270145552,-4.754318500061943,1.9911692703244625e-06,4.669434524747409e-05,protein_coding,CASP10
ENSG00000057252.13,3510.9156883718333,-2.4002740204415813,0.5049157166607371,-4.753811262433673,1.9961739694638687e-06,4.6772305230636575e-05,protein_coding,SOAT1
ENSG00000115226.10,358.0231924490615,-3.8813540673833473,0.8171436982215056,-4.749903934682511,2.035133028069859e-06,4.752513671925553e-05,protein_coding,FNDC4
ENSG00000254087.8,815.8627385401144,-2.819531119134843,0.5938539482742381,-4.747852779843439,2.055875909578951e-06,4.792911375128952e-05,protein_coding,LYN
ENSG00000262655.4,157.0392875497791,-3.560166316218487,0.7513503561926322,-4.738357128436267,2.1545785414752355e-06,5.006247769658152e-05,protein_coding,SPON1
ENSG00000105664.11,278.2478555144033,-5.555722617490272,1.1733515306480966,-4.734917432989232,2.191442942472937e-06,5.0791844918132125e-05,protein_coding,COMP
ENSG00000162607.13,5715.184392629841,-1.1963884503551312,0.2528510574073774,-4.731593621250264,2.2276403446749225e-06,5.1587850777347036e-05,protein_coding,USP1
ENSG00000172201.12,1738.031996727395,-4.233899894363055,0.895905614773796,-4.72583252582032,2.291744726123398e-06,5.289635671340871e-05,protein_coding,ID4
ENSG00000145623.13,7070.779416378452,-2.722111798264634,0.5769615664626304,-4.718012353845313,2.381600354484998e-06,5.460809511321615e-05,protein_coding,OSMR
ENSG00000055332.19,4964.913293478885,-1.1402627403444945,0.24204299762992124,-4.71099247451865,2.4651334001576726e-06,5.6430471485846195e-05,protein_coding,EIF2AK2
ENSG00000106829.21,1519.4951280776086,-4.167119159092403,0.8847532751321401,-4.709922275755389,2.4781127583772184e-06,5.6680975137377367e-05,protein_coding,TLE4
ENSG00000152495.11,142.66890084392494,-3.919899662460323,0.8330417268365584,-4.705526189361462,2.532119949703e-06,5.767928880518225e-05,protein_coding,CAMK4
ENSG00000136717.15,1773.6997576416509,-3.3448169729812465,0.7107911127280222,-4.705766452458601,2.5291392892948617e-06,5.767928880518225e-05,protein_coding,BIN1
ENSG00000196196.3,175.28872068315306,-3.707626548435039,0.7886838335413326,-4.701030236396665,2.58852178343725e-06,5.891585638901005e-05,protein_coding,HRCT1
ENSG00000140092.15,2335.8189100325753,-4.257630982647437,0.9059556403958382,-4.699602047609257,2.6066894261676794e-06,5.9280887963074775e-05,protein_coding,FBLN5
ENSG00000184254.17,6066.4078151040285,-4.028191292451488,0.8581383832497989,-4.694104553622916,2.6777706067016634e-06,6.0748510683086797e-05,protein_coding,ALDH1A3
ENSG00000131634.14,318.4800719916482,-4.307507327195275,0.9184737402408143,-4.689853545585191,2.7340066261854575e-06,6.188549148397909e-05,protein_coding,TMEM204
ENSG00000163739.5,834.4107098969791,-4.718921216347235,1.0062068429286186,-4.68981228811023,2.7345579294903823e-06,6.188549148397909e-05,protein_coding,CXCL1
ENSG00000078081.8,216.13296954476047,-4.079197327734442,0.8701457663403964,-4.687947106713477,2.7595931624452875e-06,6.240132840765803e-05,protein_coding,LAMP3
ENSG00000173809.18,373.60865154947686,-5.567386362350327,1.1880870507884436,-4.686008789217653,2.785843049121654e-06,6.294377200921296e-05,protein_coding,TDRD12
ENSG00000163975.14,1580.2936057525303,-2.4635016883814065,0.5257630528088505,-4.685573996157261,2.791764099122508e-06,6.302639534726208e-05,protein_coding,MELTF
ENSG00000101680.16,101.68882255351481,-3.205593323084194,0.686039532100619,-4.672607296067657,2.9740006324748115e-06,6.636504936556676e-05,protein_coding,LAMA1
ENSG00000103196.12,2509.1827418596213,-2.6018252841278215,0.5567913031889722,-4.672891385382819,2.96988842709029e-06,6.636504936556676e-05,protein_coding,CRISPLD2
ENSG00000135916.16,6689.854013456318,-2.651418700546822,0.5674169963299881,-4.6727868881193295,2.9714003949507237e-06,6.636504936556676e-05,protein_coding,ITM2C
ENSG00000163283.7,744.3160277877848,-5.830389546271225,1.2481895810380963,-4.671076922002663,2.996247007702102e-06,6.677624636220634e-05,protein_coding,ALPP
ENSG00000159674.12,890.3474068121708,-4.021655495496263,0.8611986291908209,-4.669834994134855,3.014417627977169e-06,6.707380423051356e-05,protein_coding,SPON2
ENSG00000172638.13,4095.2308435471186,-2.685051927471631,0.5750653443995655,-4.669124915317466,3.0248542275072924e-06,6.714500979018579e-05,protein_coding,EFEMP2
ENSG00000048740.19,426.2579617633879,-3.4895818468149473,0.7485616128809691,-4.661716265925909,3.1358331402133456e-06,6.927702483411006e-05,protein_coding,CELF2
ENSG00000143147.15,1235.7058874074603,-3.4497418336911734,0.7404401574070517,-4.659042056513829,3.176842987094575e-06,7.01273603400195e-05,protein_coding,GPR161
ENSG00000121895.8,141.48965759643056,-4.481479179520299,0.9619504910855184,-4.658742025759713,3.1814760188548278e-06,7.017398293252217e-05,protein_coding,TMEM156
ENSG00000170681.7,129.8297462500699,-2.912998795144569,0.626109216426069,-4.652540992404535,3.2786953282764708e-06,7.191943511261137e-05,protein_coding,CAVIN4
ENSG00000018408.15,3876.8856048985126,-2.555867798708433,0.5498108381702166,-4.648631167792947,3.3414510286569206e-06,7.3008344453449e-05,protein_coding,WWTR1
ENSG00000153721.19,457.07669094009924,-2.8931658072136157,0.622925307412894,-4.644482689633184,3.4092963130138555e-06,7.43157182216552e-05,protein_coding,CNKSR3
ENSG00000075391.18,3527.1808334372845,-1.3837037078343604,0.2980847800361242,-4.641980404590507,3.4508559445600575e-06,7.510400787550723e-05,protein_coding,RASAL2
ENSG00000164086.10,1137.8582308976054,-1.6321960357962155,0.35165857284388446,-4.641422566771361,3.460186887966157e-06,7.524825172923902e-05,protein_coding,DUSP7
ENSG00000173960.14,1472.6603363218378,-1.0837344003359102,0.23354699812205354,-4.6403268252223135,3.478585819766373e-06,7.547148470694992e-05,protein_coding,UBXN2A
ENSG00000109511.12,135.9247135064135,-4.166182721467386,0.8981429813834367,-4.6386631169238655,3.506701116747509e-06,7.593292911575606e-05,protein_coding,ANXA10
ENSG00000071054.17,12272.333602815814,-2.225262937492887,0.47996643426695307,-4.636288662334282,3.5472051061798846e-06,7.66614917202044e-05,protein_coding,MAP4K4
ENSG00000107796.13,5018.43874379621,-4.063302773838493,0.8764977654949502,-4.635839284249611,3.554921013698845e-06,7.676864339590461e-05,protein_coding,ACTA2
ENSG00000104635.15,7555.1977440151295,-2.2121337783658195,0.4772649315638315,-4.635022672035477,3.5689836117870744e-06,7.70125797036473e-05,protein_coding,SLC39A14
ENSG00000105976.16,6078.521357141931,-3.2696476266683563,0.705798040282028,-4.632554130303119,3.6118185684786104e-06,7.787651562522897e-05,protein_coding,MET
ENSG00000151689.13,570.7719992319801,-2.471198810232771,0.5338579638678655,-4.628944358774077,3.675344964446702e-06,7.912366777288353e-05,protein_coding,INPP1
ENSG00000173457.11,5476.9536230653575,-1.1400509097749574,0.2464377869902277,-4.626120546278746,3.725785019815074e-06,8.008567707457328e-05,protein_coding,PPP1R14B
ENSG00000107863.20,7350.26655654882,-1.4020951417180216,0.30345566032321825,-4.6204283690889625,3.829485439827884e-06,8.206124457509543e-05,protein_coding,ARHGAP21
ENSG00000135046.14,19297.514744290653,-3.5899122296301944,0.7771313623378573,-4.619440680955922,3.8477586166763554e-06,8.238939142600233e-05,protein_coding,ANXA1
ENSG00000123609.11,698.2892301074697,-2.5106347775702003,0.5435821768322915,-4.6186848733725006,3.861798200629257e-06,8.262645250785241e-05,protein_coding,NMI
ENSG00000164713.10,2558.4020296001167,-1.6555792403978635,0.3589310925398636,-4.612526679376464,3.978034652957596e-06,8.485254605343114e-05,protein_coding,BRI3
ENSG00000185585.20,685.3916503004214,-2.8789713999570474,0.6249856772235792,-4.606459803601449,4.09582190619836e-06,8.716460136157305e-05,protein_coding,OLFML2A
ENSG00000143702.16,4446.620712034913,-1.7387640514730056,0.3774983849465635,-4.606017193210336,4.104544681397253e-06,8.728350324780287e-05,protein_coding,CEP170
ENSG00000115758.14,8056.497949063487,-2.081793203641841,0.45213607841498593,-4.604350997469173,4.1375412737931946e-06,8.785095262952508e-05,protein_coding,ODC1
ENSG00000180336.18,217.78150056027968,-2.702760775562062,0.5890481546937298,-4.588352843524886,4.467570651704678e-06,9.406905950140047e-05,protein_coding,MEIOC
ENSG00000060558.4,115.42440630079585,-3.8962310191064637,0.8498058399845517,-4.584848486305168,4.5431576087456104e-06,9.537204765991163e-05,protein_coding,GNA15
ENSG00000157933.11,3823.9724917897897,-1.0668709602427264,0.23295722850806036,-4.579686009639372,4.656744860983037e-06,9.760929966138842e-05,protein_coding,SKI
ENSG00000185963.14,3892.6121078065216,-1.035185812497427,0.22612825607088338,-4.577870233841684,4.697339264680482e-06,9.81645163450795e-05,protein_coding,BICD2
ENSG00000158470.5,6412.4010855982715,-1.5958023018510012,0.3488460912580269,-4.574516790760464,4.773203291847067e-06,9.952575792648312e-05,protein_coding,B4GALT5
ENSG00000134184.13,197.08215921384974,-5.265393548963555,1.151717887245086,-4.571773701942234,4.83613066900609e-06,0.00010053661934462547,protein_coding,GSTM1
ENSG00000072110.16,30411.835624201205,-1.4723102999574325,0.32219876935411673,-4.569571457112771,4.887225152047022e-06,0.00010144727765278219,protein_coding,ACTN1
ENSG00000070182.21,200.57030423050588,-3.056665769856959,0.6692505762215414,-4.567296433443957,4.940550915996934e-06,0.00010225443337156058,protein_coding,SPTB
ENSG00000240065.8,995.1815342944561,-2.825923556893883,0.6195789867036442,-4.561038410822627,5.090126777269688e-06,0.00010511036273893104,protein_coding,PSMB9
ENSG00000013619.15,1073.3381766321775,-3.8962335408711373,0.8544800704243141,-4.559771111965621,5.120940572520151e-06,0.00010548295651916714,protein_coding,MAMLD1
ENSG00000149289.11,799.9142141557885,-3.211017252052284,0.7050779213014202,-4.554131047140784,5.260255828243394e-06,0.00010790308123432801,protein_coding,ZC3H12C
ENSG00000141744.4,1021.7325940271944,-6.420594279045638,1.4100543790785602,-4.553437352707884,5.277639313241519e-06,0.00010814304997538876,protein_coding,PNMT
ENSG00000143322.22,5076.314981155289,-1.416175015208036,0.31105339150183364,-4.552835795714794,5.2927584182231255e-06,0.00010825071515772147,protein_coding,ABL2
ENSG00000277586.4,141.05131163994216,-4.965608458669641,1.0918346977506623,-4.547948942179173,5.417127312845211e-06,0.00011046971126766249,protein_coding,NEFL
ENSG00000130816.17,13765.131953211841,-1.309634833150978,0.28818442638015335,-4.544433054905599,5.508330966305104e-06,0.00011200138844270919,protein_coding,DNMT1
ENSG00000144712.13,201.75221647692248,-3.039755166542667,0.6692097830681919,-4.542305333024276,5.5642370363721085e-06,0.00011297308690332167,protein_coding,CAND2
ENSG00000141391.14,347.8497576152373,-1.5920285224404578,0.35056738184762126,-4.54129107519893,5.591077530489632e-06,0.0001132769062010351,protein_coding,PRELID3A
ENSG00000078399.19,212.77429603475005,-5.156391310300247,1.1354492426688652,-4.5412785675739995,5.59140929444684e-06,0.0001132769062010351,protein_coding,HOXA9
ENSG00000173546.7,2736.7440856307408,-2.971338128234528,0.6543201163659513,-4.541107714580341,5.595943046563452e-06,0.0001132863059230111,protein_coding,CSPG4
ENSG00000067798.16,1265.1692723117326,-3.7446405791398725,0.8248356801686256,-4.539862507371572,5.629092290198933e-06,0.00011387457339387901,protein_coding,NAV3
ENSG00000164530.15,123.07795169909005,-5.44741118074663,1.2009757700278896,-4.535821052093439,5.737981764905484e-06,0.00011574091333906452,protein_coding,PI16
ENSG00000135862.6,33243.410074042346,-2.127237676201103,0.46904518658391975,-4.535251052662718,5.753500622635292e-06,0.00011588599372769608,protein_coding,LAMC1
ENSG00000008517.19,904.8880647860502,-4.018076323248774,0.8870798473796525,-4.529554284338418,5.9108246755920515e-06,0.00011879690662078004,protein_coding,IL32
ENSG00000154134.15,389.5514050253741,-2.80573080868882,0.6197002631414944,-4.527561105857067,5.966834976964814e-06,0.0001195772630804842,protein_coding,ROBO3
ENSG00000115825.11,3240.349567897268,-2.3722347082683277,0.5242207596682499,-4.525258995407932,6.032158736645389e-06,0.00012068382952709874,protein_coding,PRKD3
ENSG00000179772.8,115.66761324524569,-6.285884241684649,1.3899550593561616,-4.522365093297564,6.1152462220548425e-06,0.00012184967346966257,protein_coding,FOXS1
ENSG00000115963.14,8440.952141389285,-2.0865201733996,0.4615972111101882,-4.520218327102339,6.177588897407988e-06,0.00012300383730203774,protein_coding,RND3
ENSG00000170689.10,187.70827183701354,-4.092555176571285,0.9059881661200089,-4.517228071640372,6.265441073636183e-06,0.0001243084944588288,protein_coding,HOXB9
ENSG00000176890.16,1338.3824874371028,-1.2365183852538,0.27412836322151235,-4.510727641322609,6.460562809916984e-06,0.00012732736401485038,protein_coding,TYMS
ENSG00000155189.12,2564.504615313217,-1.4047732088784497,0.31171193124731233,-4.506639201320472,6.586248346969391e-06,0.0001292911205826798,protein_coding,AGPAT5
ENSG00000137868.19,521.9848343304085,-3.7897833572661526,0.8409776662907812,-4.506401904798951,6.593614611493138e-06,0.00012934450762898026,protein_coding,STRA6
ENSG00000143815.15,5066.456027856259,-1.2630477328945375,0.2802982387198557,-4.506085156521057,6.60345953567249e-06,0.00012935531290287082,protein_coding,LBR
ENSG00000081189.16,148.56322936688613,-2.8622913808941797,0.6353625794718083,-4.504973181256077,6.6381325467526745e-06,0.0001298517621724578,protein_coding,MEF2C
ENSG00000112242.16,3163.8981791782044,-1.0227909071090162,0.22711820883423,-4.503341728339955,6.689319011305749e-06,0.0001306693922797943,protein_coding,E2F3
ENSG00000115828.17,579.5084516184322,-3.3973024739768056,0.7546354152860677,-4.5019123210497005,6.734476478854828e-06,0.00013136712492319762,protein_coding,QPCT
ENSG00000109846.9,4363.927573705063,-5.010268742547681,1.1145041942779876,-4.495513581977588,6.940222780947951e-06,0.00013480979361456328,protein_coding,CRYAB
ENSG00000163453.11,9309.42292343037,-4.184848503704926,0.9324399212891337,-4.488062349281672,7.187389598531526e-06,0.0001391294693078745,protein_coding,IGFBP7
ENSG00000047849.22,18854.501363883697,-1.2499840269210927,0.27886494424155855,-4.482399285864813,7.380847899994746e-06,0.00014218220217595418,protein_coding,MAP4
ENSG00000168917.9,262.6727404115981,-2.9953943479242016,0.668803496522414,-4.478736076440078,7.50862995960224e-06,0.0001441449817624055,protein_coding,SLC35G2
ENSG00000148841.17,1886.6541562383602,-2.7796900763882393,0.6210861663378621,-4.475530493261908,7.622181878432368e-06,0.0001458220307684147,protein_coding,ITPRIP
ENSG00000166250.12,3439.559658056267,-4.52202670453538,1.010940708531605,-4.473087953005314,7.709804658243157e-06,0.0001472958973691534,protein_coding,CLMP
ENSG00000170955.10,825.4599370370913,-4.70968732774292,1.052955016263477,-4.472828615657054,7.719164382122963e-06,0.00014737356635169738,protein_coding,CAVIN3
ENSG00000095752.7,878.4874558266417,-3.6618970737550485,0.8188558760719186,-4.471967754962329,7.750311584993428e-06,0.00014786680827955933,protein_coding,IL11
ENSG00000145287.11,426.6846708340041,-4.215553574340217,0.942875084218673,-4.470956593188053,7.787050368514676e-06,0.00014827373677137848,protein_coding,PLAC8
ENSG00000133019.12,371.9428790714581,-4.877188443649745,1.0922933993552757,-4.465090099902185,8.003506336354263e-06,0.0001515940333020656,protein_coding,CHRM3
ENSG00000114480.13,4767.823390629195,-1.7548861312325135,0.39353071224237585,-4.459337166425978,8.221350491955987e-06,0.00015483728842631046,protein_coding,GBE1
ENSG00000175354.20,2442.561689158176,-1.2766145812857228,0.28635481676325003,-4.458156477742056,8.266754781726894e-06,0.00015548201763793907,protein_coding,PTPN2
ENSG00000157111.13,157.96682177417622,-2.9729942272392993,0.6681696615392664,-4.449460067358333,8.608643342176037e-06,0.00016104179843602967,protein_coding,TMEM171
ENSG00000203760.9,1308.2089765066744,-1.3646277108954223,0.3067516307344983,-4.448640444479149,8.641553609756354e-06,0.00016154888266029405,protein_coding,CENPW
ENSG00000151388.11,3309.4480204782944,-4.214833529217374,0.947567967937578,-4.4480540413276515,8.665173168371286e-06,0.0001618817183320692,protein_coding,ADAMTS12
ENSG00000147408.16,1296.9880066690023,-3.1185114989506197,0.7013141945373335,-4.446668159922165,8.721240126624395e-06,0.00016281987938612788,protein_coding,CSGALNACT1
ENSG00000170542.6,381.7352859556523,-4.393876384290086,0.9882989596489958,-4.445898016376153,8.752546592730774e-06,0.00016329483039896367,protein_coding,SERPINB9
ENSG00000123485.12,4198.361652579846,-1.2298711033977512,0.27665774472548876,-4.445460598321873,8.770375501138663e-06,0.00016351786500314522,protein_coding,HJURP
ENSG00000184500.16,617.1681480747743,-3.5368416057866727,0.7959495587731833,-4.443549929518264,8.848660960156123e-06,0.00016464660861424186,protein_coding,PROS1
ENSG00000162929.14,1079.0506238658368,-1.0327029170010529,0.23273703168719018,-4.437209280855036,9.113268068528442e-06,0.00016878039251866782,protein_coding,SANBR
ENSG00000171488.15,577.3390666498718,-2.4257628123874717,0.5468517889113904,-4.4358688433961255,9.170167036404052e-06,0.00016972125639982925,protein_coding,LRRC8C
ENSG00000054598.9,1475.7624038681272,-3.849154220871604,0.8692679979374791,-4.4280408688741915,9.509288612190116e-06,0.00017518236784177637,protein_coding,FOXC1
ENSG00000110330.10,4187.797255175235,-1.1848126377875683,0.2675903560733851,-4.42771053177507,9.523859652926355e-06,0.00017521887461920555,protein_coding,BIRC2
ENSG00000069431.14,347.6996669488546,-5.578305811319554,1.263661944129585,-4.414397250177468,1.012918105675615e-05,0.0001850104225038479,protein_coding,ABCC9
ENSG00000115841.21,216.40774441978144,-1.5986476079019223,0.36216505954261446,-4.414140916633113,1.0141188872030478e-05,0.0001851082842241576,protein_coding,RMDN2
ENSG00000138756.19,592.9754374343439,-1.19526799750587,0.27136270617741004,-4.404687786111751,1.0593633945985901e-05,0.00019160779371050262,protein_coding,BMP2K
ENSG00000020633.19,596.2726613344074,-4.290471839806395,0.9741567561743,-4.40429305921554,1.0612939449817819e-05,0.00019183232631501872,protein_coding,RUNX3
ENSG00000123473.17,2678.6116332389192,-1.101443184855198,0.25045387334314295,-4.397788583393669,1.0935942562345277e-05,0.00019741433019808245,protein_coding,STIL
ENSG00000269190.6,730.8922842824479,-2.746114665248726,0.6245327322323597,-4.397070839558531,1.0972154289324517e-05,0.0001979396544378725,protein_coding,FBXO17
ENSG00000136010.14,3212.125463781681,-2.906891428792484,0.6615616164616255,-4.393984409706304,1.1129180064186975e-05,0.00020025330075417494,protein_coding,ALDH1L2
ENSG00000182578.14,212.27383246437384,-3.79447041378413,0.863646603963624,-4.393545225986843,1.1151697664894232e-05,0.00020033643100765262,protein_coding,CSF1R
ENSG00000123146.20,3070.8884615499214,-2.775344141582347,0.631919076640473,-4.391929669756377,1.1234904488969616e-05,0.00020163430132492472,protein_coding,ADGRE5
ENSG00000110395.8,3872.473342375947,-1.291423960279479,0.2943096386417212,-4.387977119062683,1.1440980855691408e-05,0.00020414816865322178,protein_coding,CBL
ENSG00000176105.14,5504.2987669099,-1.426729583039548,0.32513111501084907,-4.388166856906146,1.143100647957591e-05,0.00020414816865322178,protein_coding,YES1
ENSG00000174807.4,5173.064913043757,-3.6786635846407294,0.8383971541576992,-4.387733863835119,1.1453780754633634e-05,0.000204180700546086,protein_coding,CD248
ENSG00000151692.15,692.3883382203126,-2.5440769350490666,0.5805809649582941,-4.381950302541902,1.1762164272077884e-05,0.00020947639454738323,protein_coding,RNF144A
ENSG00000111801.16,703.7658481361339,-2.6034353030662243,0.5947387500785569,-4.37744354596425,1.2007944990642152e-05,0.0002133076941668889,protein_coding,BTN3A3
ENSG00000188313.13,2889.6875697727714,-2.2462765013726975,0.5132914006012596,-4.376220795324941,1.2075469683743559e-05,0.0002142337629806792,protein_coding,PLSCR1
ENSG00000171793.17,5816.954247680247,-1.1334306153989546,0.259077783562535,-4.374866110915961,1.2150703352715187e-05,0.0002152940665348058,protein_coding,CTPS1
ENSG00000145730.21,9988.42525145699,-2.372325661565503,0.5424169196392231,-4.373620319851755,1.2220284192945256e-05,0.0002162516406832957,protein_coding,PAM
ENSG00000136002.20,960.2395962863044,-2.914512698366794,0.666942821363553,-4.3699588705492385,1.2426994068708477e-05,0.0002194909942237114,protein_coding,ARHGEF4
ENSG00000147454.14,4712.633054983948,-1.853830952466012,0.42476833525534374,-4.364334152524826,1.2751054339467429e-05,0.00022450243427793505,protein_coding,SLC25A37
ENSG00000196611.6,1789.0672012212806,-4.107192271651178,0.9417454207498253,-4.361255368123796,1.2931832764749312e-05,0.0002272541015401274,protein_coding,MMP1
ENSG00000144407.10,310.80003303321854,-5.973576784698996,1.3699898914138644,-4.360307197985318,1.2987997656459354e-05,0.00022809709953640543,protein_coding,PTH2R
ENSG00000182118.8,220.40512205065062,-3.08701485257441,0.7080544327987374,-4.359855273234178,1.301484926090981e-05,0.00022819537486581116,protein_coding,FAM89A
ENSG00000134775.16,1039.8483364601113,-3.6484695598208092,0.8368434937334163,-4.359799158554563,1.3018187070229492e-05,0.00022819537486581116,protein_coding,FHOD3
ENSG00000143469.21,328.1703514915549,-5.089765249381146,1.1676828205165954,-4.3588594093808615,1.307420667356052e-05,0.00022903311325691043,protein_coding,SYT14
ENSG00000134324.12,2320.847598627192,-1.4918973755682396,0.3423092735399583,-4.358331751108952,1.310576177535414e-05,0.00022927606486151646,protein_coding,LPIN1
ENSG00000073712.15,6480.735967762365,-2.0876688378478607,0.4798119887841311,-4.3510143277956095,1.355091960854638e-05,0.00023575212388968566,protein_coding,FERMT2
ENSG00000177283.8,902.0898610313039,-3.4615785328039794,0.795903540698813,-4.349243791232127,1.3660778064493718e-05,0.0002375149395398171,protein_coding,FZD8
ENSG00000221869.5,838.8521554356413,-2.1213633531747913,0.4878043322616634,-4.348799739722011,1.3688463583161088e-05,0.00023784773551864674,protein_coding,CEBPD
ENSG00000276600.5,237.25426180693663,-3.4741407807188707,0.7993275150752116,-4.346329527255141,1.3843454854504907e-05,0.00023979241401991198,protein_coding,RAB7B
ENSG00000102854.16,126.68628209730625,-3.306995223859119,0.7609164787250245,-4.346068611104664,1.3859923196909006e-05,0.00023992837195843227,protein_coding,MSLN
ENSG00000012232.10,2745.406233706976,-1.1516167845972864,0.26513721197278417,-4.343474746636084,1.4024660579072764e-05,0.00024187760339471466,protein_coding,EXTL3
ENSG00000097046.13,1484.9768406183834,-1.0200056813565224,0.23518880799459965,-4.336965224042223,1.4446347041248317e-05,0.0002485343116441212,protein_coding,CDC7
ENSG00000138131.4,1306.1816412713474,-4.4422344911509475,1.024482821698224,-4.3360751367088035,1.4504938003801843e-05,0.00024938817435072767,protein_coding,LOXL4
ENSG00000114698.15,581.6884315664304,-2.9166967151139347,0.6731814944066367,-4.3327048342064165,1.4728851960079873e-05,0.0002529255540782131,protein_coding,PLSCR4
ENSG00000134690.11,4138.99692852473,-1.3105406560640964,0.3028232805391873,-4.327740765936601,1.5064662893010695e-05,0.0002577381415426218,protein_coding,CDCA8
ENSG00000164379.7,230.28355064769076,-4.382723507463245,1.0131314425924645,-4.3259179640585,1.5189795032210918e-05,0.0002595599352465458,protein_coding,FOXQ1
ENSG00000153233.13,104.09728322517265,-3.8539983322807982,0.890977037587863,-4.325586597287295,1.5212648970180725e-05,0.00025963169634209116,protein_coding,PTPRR
ENSG00000115504.15,2486.7597679543696,-1.2452741326217092,0.28819373165357665,-4.320961894197586,1.5535050269464026e-05,0.00026407870586056537,protein_coding,EHBP1
ENSG00000198053.12,2094.2933001279935,-3.1678041842886033,0.7337486092083493,-4.317288161822055,1.5795788451782735e-05,0.00026745229157166926,protein_coding,SIRPA
ENSG00000184661.14,1980.7711948880801,-1.6705505635608797,0.38701271637491447,-4.316526286806948,1.5850381299569913e-05,0.00026794393195859377,protein_coding,CDCA2
ENSG00000175183.10,825.3826693084491,-2.8718729474655045,0.6667553034786903,-4.307236751596818,1.6530664962481355e-05,0.0002778669021108883,protein_coding,CSRP2
ENSG00000182492.16,9688.530410496756,-4.657354547599985,1.081451706988276,-4.306576537356628,1.658005783889505e-05,0.0002783609710515577,protein_coding,BGN
ENSG00000141338.15,210.11884597531332,-5.737960902749522,1.3326566809345426,-4.3056557512814955,1.664917991474526e-05,0.00027935296691190424,protein_coding,ABCA8
ENSG00000101639.19,3591.610996702595,-1.1482106973580595,0.26670696754371326,-4.305139486728511,1.6688055216237564e-05,0.0002796680945208843,protein_coding,CEP192
ENSG00000147650.12,3163.935361259793,-2.4125668592636456,0.56037954405303,-4.305237200156148,1.6680690654190352e-05,0.0002796680945208843,protein_coding,LRP12
ENSG00000151835.17,3703.7730643442546,-2.8491722691044443,0.6619353879142329,-4.3043057088732235,1.6751022363505134e-05,0.0002805544275033267,protein_coding,SACS
ENSG00000124216.4,289.80275504534666,-2.206461495706232,0.513690329994734,-4.295314446991539,1.744458944472773e-05,0.0002902496065651172,protein_coding,SNAI1
ENSG00000114767.7,1817.7875529231171,-1.1332087629902157,0.26431005631234467,-4.287422048183677,1.8075865848810156e-05,0.0002988430193492039,protein_coding,RRP9
ENSG00000168394.13,3054.222065462121,-1.5703639444140438,0.3663682409177382,-4.286299326820314,1.8167416132313562e-05,0.00030012355813595267,protein_coding,TAP1
ENSG00000153551.14,761.5797063345727,-2.4757199020408875,0.577887713407188,-4.284084683933156,1.8349301866881155e-05,0.0003024104006906477,protein_coding,CMTM7
ENSG00000143498.18,643.1565051727001,-1.036037343128082,0.24211866948861135,-4.279047730256979,1.8769461368183234e-05,0.00030805821146506394,protein_coding,TAF1A
ENSG00000141469.18,602.9521056237583,-5.408702546903579,1.2648843587995482,-4.276045086079462,1.902427116174571e-05,0.00031168900062292736,protein_coding,SLC14A1
ENSG00000152558.15,14483.311153564093,-1.4568271155527557,0.34106475957067084,-4.27140909364719,1.9424170691488774e-05,0.0003173070512724657,protein_coding,TMEM123
ENSG00000119922.11,841.8217394601276,-3.2467155361494653,0.7603465197169761,-4.270047211313587,1.9543159432228113e-05,0.00031906356947536754,protein_coding,IFIT2
ENSG00000170876.8,5276.88801524212,-1.2478882188769114,0.2923495690756432,-4.268479761480442,1.9680968009268877e-05,0.00032093698037844663,protein_coding,TMEM43
ENSG00000133069.17,354.91874802016713,-2.569122194871869,0.6019341054915661,-4.2681120266043235,1.9713432644073425e-05,0.0003212781680798758,protein_coding,TMCC2
ENSG00000118496.5,1609.9604650919368,-1.155326970662114,0.27085221295528006,-4.265525313809668,1.994323993641304e-05,0.00032445355164815505,protein_coding,FBXO30
ENSG00000159164.10,1223.1242813562253,-3.9214095649952396,0.9202486928639616,-4.261249807148526,2.032868479926715e-05,0.0003298414864082951,protein_coding,SV2A
ENSG00000128805.15,730.5616025267988,-3.4721741677524833,0.8156926101518921,-4.256718921489213,2.0744889574726175e-05,0.00033572950360585916,protein_coding,ARHGAP22
ENSG00000065534.20,3758.8787915543335,-2.2638883369964033,0.53209204720384,-4.254693053379027,2.0933598115174143e-05,0.0003385866572539148,protein_coding,MYLK
ENSG00000184216.15,15311.013602872861,-1.5565799513603178,0.36588591802681114,-4.254276742200982,2.0972579186661923e-05,0.0003390201592566326,protein_coding,IRAK1
ENSG00000075426.12,7024.47690158931,-1.5972884504290903,0.375792594431561,-4.250452175209076,2.133393862171663e-05,0.0003440622916999445,protein_coding,FOSL2
ENSG00000179954.16,845.0551364352185,-2.7929016239972473,0.6589714479277621,-4.238274105471428,2.2524466258919e-05,0.0003601327069404189,protein_coding,SSC5D
ENSG00000157890.19,107.70016050241527,-2.695603382607496,0.636867867041814,-4.232594423594171,2.3101087424492468e-05,0.0003682943124559979,protein_coding,MEGF11
ENSG00000099139.14,283.53866626209333,-4.107862117055521,0.9705924407726347,-4.2323244489576695,2.3128842967091495e-05,0.000368525742891791,protein_coding,PCSK5
ENSG00000170891.11,206.09113385752298,-5.266999223096705,1.2453256076988763,-4.229415335663989,2.3429943277549032e-05,0.00037288449445754335,protein_coding,CYTL1
ENSG00000047457.14,506.5868738484646,-3.7862996906062913,0.8963349941343619,-4.2242015712695915,2.3978936219062236e-05,0.00037838870101690274,protein_coding,CP
ENSG00000197632.9,5964.147781481821,-4.216560214834573,0.9982462900545948,-4.223967829225757,2.4003832945283412e-05,0.0003785669653625547,protein_coding,SERPINB2
ENSG00000108691.10,1767.3856698605875,-4.307697879058092,1.021418671527699,-4.217367470495937,2.4717100085621808e-05,0.0003878383303175697,protein_coding,CCL2
ENSG00000160584.17,1893.7358259442046,-1.0273649171128485,0.2437316569566747,-4.215147633840076,2.496148448466552e-05,0.0003914523279521969,protein_coding,SIK3
ENSG00000135045.7,754.5801015445718,-1.303478596254603,0.3093263837779742,-4.213926339985933,2.5096916539334352e-05,0.00039313324073658474,protein_coding,C9orf40
ENSG00000144560.16,2703.3775501367745,-1.34557308861333,0.3194491606783334,-4.212166611288246,2.5293286554437666e-05,0.0003959864592403413,protein_coding,VGLL4
ENSG00000162694.14,1209.6381222188731,-1.2805842815127708,0.3042111935221195,-4.209523872827705,2.5590940311834687e-05,0.0003997471461954154,protein_coding,EXTL2
ENSG00000129038.16,2374.270793483379,-2.8613638753065387,0.6798927549839995,-4.208551796340112,2.570126186700708e-05,0.0004010179193438436,protein_coding,LOXL1
ENSG00000164929.17,145.2982387112299,-4.229404552776258,1.0055440998180056,-4.206085594397842,2.5983185837857935e-05,0.00040406898983457834,protein_coding,BAALC
ENSG00000254535.4,126.4773826089866,-4.810987644401636,1.1442561707865413,-4.204467292577194,2.6169777645368153e-05,0.00040650777373686827,protein_coding,PABPC4L
ENSG00000130830.15,661.5836538589954,-2.7222900612070053,0.647636527549501,-4.203422669050939,2.6290899829353828e-05,0.00040793393960417677,protein_coding,MPP1
ENSG00000169902.15,1401.9573751903542,-1.844054024592231,0.4388083169540981,-4.202413567254993,2.640840944701372e-05,0.00040930093840037523,protein_coding,TPST1
ENSG00000099250.18,6683.682312289031,-2.955340087505077,0.7034937375840251,-4.200947257404821,2.6580051374915528e-05,0.00041173194773074494,protein_coding,NRP1
ENSG00000164220.7,296.880267488918,-4.046178072600387,0.9653169252734434,-4.1915540551143184,2.770501585955187e-05,0.00042631112297760414,protein_coding,F2RL2
ENSG00000119729.12,2489.294647494499,-1.3422683829278648,0.32069976375733533,-4.1854361450154425,2.846190739020826e-05,0.0004361644979166253,protein_coding,RHOQ
ENSG00000196284.17,359.6960381592438,-1.4967685654344203,0.35761543249262145,-4.185413797726143,2.8464707833885364e-05,0.0004361644979166253,protein_coding,SUPT3H
ENSG00000166444.19,1275.0018053705082,-1.8848715213910563,0.4508493771764679,-4.180712266246061,2.9059739448466533e-05,0.000443966469422346,protein_coding,DENND2B
ENSG00000164342.14,138.76392601315862,-3.152865086883495,0.756286919152436,-4.168874281756563,3.0610776540997134e-05,0.0004646028221347853,protein_coding,TLR3
ENSG00000161544.10,124.86986495666592,-2.6822264541682914,0.6434356531219453,-4.1686009178293855,3.064750608200586e-05,0.00046490680070774664,protein_coding,CYGB
ENSG00000154640.15,1672.0593060037727,-2.425601545235363,0.5818978514433375,-4.168431863460071,3.067024140675785e-05,0.0004649982787573592,protein_coding,BTG3
ENSG00000176014.13,10862.235119266401,-2.8419206880584005,0.6819486883340087,-4.1673526713588585,3.0815755032535275e-05,0.0004666960593501915,protein_coding,TUBB6
ENSG00000116741.8,341.2617380534663,-2.5702452246760203,0.6167997444326112,-4.167065968939995,3.085452291115722e-05,0.0004670290917645309,protein_coding,RGS2
ENSG00000101230.6,152.73973860787112,-3.837388891531294,0.9244677912454298,-4.150916806264952,3.31146126759795e-05,0.0004979893886810185,protein_coding,ISM1
ENSG00000172986.13,337.4947253580489,-2.9164118521232383,0.7037343031084412,-4.1441945337057655,3.410101762567883e-05,0.0005111267622076413,protein_coding,GXYLT2
ENSG00000145423.5,118.717999353427,-6.228258053715717,1.5032416767006125,-4.143218053524033,3.424660378910209e-05,0.0005125206790717449,protein_coding,SFRP2
ENSG00000172216.6,2267.2005640677753,-1.7267332505911637,0.41684318675823206,-4.142404878966307,3.4368292562051645e-05,0.0005140654442543093,protein_coding,CEBPB
ENSG00000151748.15,1804.7535091260993,-1.0865543051783166,0.26298784733682207,-4.13157610201931,3.6028437023256404e-05,0.0005365904617332078,protein_coding,SAV1
ENSG00000048052.24,1115.509452200706,-2.4989555622067834,0.6050473633659943,-4.130181723798638,3.624765987627581e-05,0.0005387025415461898,protein_coding,HDAC9
ENSG00000148120.18,2408.340115061503,-1.4850557689028836,0.3597459334860865,-4.128068257817623,3.658235326071624e-05,0.0005428072416659367,protein_coding,AOPEP
ENSG00000101443.18,563.175490230698,-4.083279035253013,0.9892136990365011,-4.1278027581200565,3.662460526942379e-05,0.0005431446522534259,protein_coding,WFDC2
ENSG00000188070.9,1631.9466686563296,-1.1226642721549047,0.2720664172647967,-4.126434579620455,3.684307478658132e-05,0.0005458029961465022,protein_coding,ZFTA
ENSG00000144355.15,1187.680277303613,-3.5886291648894644,0.8698212996558978,-4.1257085407188,3.695950995401826e-05,0.0005469457305050783,protein_coding,DLX1
ENSG00000145860.12,5299.467295110276,-2.189311604206669,0.5311097303333893,-4.122145536351574,3.75359922760697e-05,0.0005540041786832854,protein_coding,RNF145
ENSG00000116729.14,2987.709852662927,-3.212642820535863,0.7799338927384788,-4.119121954369408,3.8031883341222484e-05,0.0005595430785868229,protein_coding,WLS
ENSG00000178773.15,1394.417762581623,-2.997172558051417,0.7277874248015598,-4.118197781266464,3.8184691662823396e-05,0.0005611980343856136,protein_coding,CPNE7
ENSG00000106823.13,142.43149160703027,-2.934538913956728,0.7148261072436284,-4.105248653091755,4.038802113056062e-05,0.0005889161635360321,protein_coding,ECM2
ENSG00000163297.18,3975.700756432679,-3.064005596385869,0.7465040760160121,-4.104472694560542,4.052381293021152e-05,0.0005902777900185076,protein_coding,ANTXR2
ENSG00000244405.8,1129.4045287697923,-3.0353405002457463,0.7403931683238958,-4.099633316602797,4.138052459118023e-05,0.0006003702179289691,protein_coding,ETV5
ENSG00000080822.17,2481.654592340275,-1.3561774377254683,0.33095082304878587,-4.097821619635472,4.170564704559299e-05,0.00060464499539642,protein_coding,CLDND1
ENSG00000154529.15,233.48079386353857,-4.3796284686527605,1.0726977419162103,-4.082816899408425,4.449307837004763e-05,0.0006410503775924667,protein_coding,CNTNAP3B
ENSG00000134569.10,269.0605105031352,-2.6868473927413357,0.6608585382599929,-4.06569218249895,4.7890111181157614e-05,0.0006822257598969823,protein_coding,LRP4
ENSG00000188549.13,3845.0529934574943,-2.63746189634007,0.6487857360255427,-4.065227932563907,4.798554226830007e-05,0.0006832355777904863,protein_coding,CCDC9B
ENSG00000050344.9,913.4570686642732,-2.1338352202652615,0.5250282595533742,-4.064229270402418,4.819143839746472e-05,0.0006851158729478181,protein_coding,NFE2L3
ENSG00000152749.8,1836.9565557144008,-1.1575313526118403,0.2848639467657014,-4.063453328349416,4.8351993805713286e-05,0.0006870475240305437,protein_coding,GPR180
ENSG00000185920.18,971.0226397769134,-2.900521639416509,0.7139447217751321,-4.062669771134008,4.85146394428802e-05,0.0006890068895571495,protein_coding,PTCH1
ENSG00000205208.5,1305.7414160658739,-1.3045752741336132,0.32112419396986697,-4.062525647805999,4.854461203124536e-05,0.0006890809895470402,protein_coding,C4orf46
ENSG00000122862.5,3979.4814918366997,-3.0364161474073064,0.7486853364559329,-4.055663974642339,4.9992086449315464e-05,0.0007071035154487527,protein_coding,SRGN
ENSG00000188807.13,1353.6390257476285,-1.0748394416441651,0.2650952271034405,-4.054540903615595,5.023286052345764e-05,0.0007092167538533098,protein_coding,TMEM201
ENSG00000138646.9,477.7807067639455,-2.7876548820090727,0.687547292336924,-4.05449183362214,5.0243405611392685e-05,0.0007092167538533098,protein_coding,HERC5
ENSG00000137507.11,1892.9937370294242,-4.472770741194378,1.1036283403050322,-4.052787136617158,5.0611048450678156e-05,0.0007136824441099682,protein_coding,LRRC32
ENSG00000170802.17,1275.2534602973658,-1.1400539978319448,0.2813271440117924,-4.052413789776921,5.069190581053896e-05,0.0007140991346873293,protein_coding,FOXN2
ENSG00000127947.16,6040.035160445728,-1.0763336349019428,0.265674036197479,-4.051331663068084,5.092695902704168e-05,0.0007166849501904611,protein_coding,PTPN12
ENSG00000057657.17,231.38814980026794,-3.4280821213616752,0.8462022939486166,-4.0511378258800095,5.096917214576817e-05,0.000716916561823953,protein_coding,PRDM1
ENSG00000197063.11,3435.769617070277,-1.1753421045882924,0.29014962122179005,-4.050813851278001,5.103980013367482e-05,0.0007175474123843295,protein_coding,MAFG
ENSG00000134321.13,311.9009736241497,-3.1993159788079626,0.7901073783456585,-4.049216684328085,5.138934796586114e-05,0.0007206417581751692,protein_coding,RSAD2
ENSG00000122863.6,3120.090688944569,-3.212224371678831,0.7955149339178951,-4.037918378048153,5.3927608986020676e-05,0.000752822930659414,protein_coding,CHST3
ENSG00000204923.4,169.34544005718206,-1.5315022497484725,0.3793605359672081,-4.037062647657308,5.412461907392824e-05,0.0007551944343568253,protein_coding,FBXO48
ENSG00000169087.11,353.7025815524887,-1.2127891259894337,0.300424136362637,-4.036923067078393,5.4156818554936426e-05,0.000755265130909424,protein_coding,HSPBAP1
ENSG00000006638.13,106.78789871270403,-2.8437765787621756,0.7049440590892239,-4.034045740361708,5.482463872541702e-05,0.0007638131349152693,protein_coding,TBXA2R
ENSG00000154642.11,1218.8001021791365,-1.773052722599682,0.4398398085092867,-4.031132899518452,5.550864365793617e-05,0.0007714121841549233,protein_coding,C21orf91
ENSG00000173237.5,109.23575703557725,-3.4700155217124706,0.8610525552146319,-4.02996948408975,5.57840943466892e-05,0.0007740807827689135,protein_coding,C11orf86
ENSG00000132357.14,283.7209298829419,-3.8988816922762854,0.9675102806707154,-4.02980905750524,5.582217843616214e-05,0.0007742232979317436,protein_coding,CARD6
ENSG00000168036.18,20156.060161624304,-1.219069930721219,0.3026320144225224,-4.028225278966037,5.6199479934785356e-05,0.0007790680893748432,protein_coding,CTNNB1
ENSG00000170035.16,2303.8512537757697,-1.3897929237419357,0.3450807415509752,-4.027442729766582,5.6386796065213456e-05,0.0007812756870439431,protein_coding,UBE2E3
ENSG00000084774.14,6347.727466300434,-1.0667773898906836,0.2648986407338859,-4.027115378679333,5.6465328283156636e-05,0.0007819745662139046,protein_coding,CAD
ENSG00000149972.12,275.52870958576165,-6.042578973187059,1.5005863337072591,-4.026811945073912,5.653821516249784e-05,0.0007825946082860714,protein_coding,CNTN5
ENSG00000188641.14,1488.642228648183,-3.3134630537755942,0.8228748783571529,-4.026691227214072,5.656723721155241e-05,0.000782607164523247,protein_coding,DPYD
ENSG00000080608.10,3181.2303146742506,-1.2808931574920694,0.31817083453618866,-4.025803180103804,5.678116872803199e-05,0.0007847867987653915,protein_coding,PUM3
ENSG00000177374.13,308.20988162537157,-1.6259916842087658,0.40392041981116866,-4.025524842167948,5.684837822639318e-05,0.0007853257847691715,protein_coding,HIC1
ENSG00000005100.13,2764.151745042645,-1.0393370809111802,0.2584582607526454,-4.021295654797686,5.787890499238584e-05,0.0007975827719643823,protein_coding,DHX33
ENSG00000156500.16,223.64753186822588,-1.4882128418431027,0.3701964121295573,-4.02006284523977,5.81826185789825e-05,0.0008009749608133318,protein_coding,PABIR3
ENSG00000177150.13,1323.2343030380196,-1.0496100828188528,0.2614626793134576,-4.0143782109741,5.960270923980707e-05,0.0008193091429132196,protein_coding,FAM210A
ENSG00000169621.11,157.04432390578944,-2.5340567169436596,0.6312987992396318,-4.0140369663237205,5.968899222217837e-05,0.0008200902208768792,protein_coding,APLF
ENSG00000143942.5,399.7975750632219,-1.1022593603565667,0.2746235434304745,-4.0137103563213685,5.97716856323018e-05,0.0008208212339717578,protein_coding,CHAC2
ENSG00000120217.14,361.4320193780423,-3.1425503560584898,0.7830077119670974,-4.013434744038054,5.9841551468266084e-05,0.0008213754569381926,protein_coding,CD274
ENSG00000088826.18,995.0419657005485,-2.593797923900108,0.6468442789361011,-4.009926358421635,6.0737687763883996e-05,0.0008324442523857582,protein_coding,SMOX
ENSG00000136960.13,754.2743612709393,-3.99265131673399,0.9960520682165115,-4.008476508545444,6.111171644271916e-05,0.0008359241960194253,protein_coding,ENPP2
ENSG00000188343.14,600.9081138793633,-1.6358866699075858,0.40841066939028864,-4.0054944508422885,6.188788680364007e-05,0.000845709974013807,protein_coding,CIBAR1
ENSG00000109743.11,1083.7310710646557,-3.2313121600811394,0.8069477318601578,-4.0043636440149495,6.218464660251746e-05,0.0008489317424363296,protein_coding,BST1
ENSG00000180914.11,3218.4217551508277,-2.811887063187785,0.704164696225373,-3.9932235715035334,6.518105695438772e-05,0.0008837374711180108,protein_coding,OXTR
ENSG00000250510.8,104.19296797360523,-3.3739595114285374,0.8449862499627688,-3.9929164664835652,6.526556524729387e-05,0.0008840546346587213,protein_coding,GPR162
ENSG00000140931.20,783.445794919782,-2.4974380309442683,0.6256537661117703,-3.991725401838486,6.559430106238627e-05,0.000886781430001255,protein_coding,CMTM3
ENSG00000244486.9,759.1333514384169,-2.2212724998015747,0.5569506781107275,-3.988275061153553,6.655546853025358e-05,0.000897595940895416,protein_coding,SCARF2
ENSG00000143514.18,4077.2391961084536,-1.294545737396341,0.32476954891948306,-3.9860440786500124,6.718403617424506e-05,0.0009041816330198865,protein_coding,TP53BP2
ENSG00000141384.13,631.6617248421654,-2.009866428608199,0.5046224802892377,-3.9829110020151908,6.807625384400951e-05,0.0009141199237828504,protein_coding,TAF4B
ENSG00000143631.11,121.11944981333737,-3.289015790152413,0.8260596555693832,-3.9815717520853537,6.846104734393476e-05,0.0009184008259594062,protein_coding,FLG
ENSG00000183072.10,201.98226121104506,-5.763118070903606,1.4478257118158597,-3.980533032305053,6.876090856541222e-05,0.0009215352194640417,protein_coding,NKX2-5
ENSG00000189129.14,214.87730879586476,-2.9968047092653927,0.753377559026502,-3.9778258236650923,6.954828571424085e-05,0.0009314576692104376,protein_coding,PLAC9
ENSG00000105997.23,153.38730379919565,-3.6433702253341838,0.9163088225172433,-3.976137886924713,7.004352227302598e-05,0.0009369204641960362,protein_coding,HOXA3
ENSG00000184785.6,133.62182355000547,-4.1114977859082495,1.034359808518179,-3.9749202860060557,7.040283273947238e-05,0.0009403710422917242,protein_coding,SMIM10
ENSG00000165410.15,2725.6706247196244,-1.9511364274803429,0.491131855610471,-3.9727344198740755,7.105225451028871e-05,0.0009472272780404198,protein_coding,CFL2
ENSG00000024526.17,2633.4219255192615,-1.3185042103384628,0.3319289576259317,-3.972248217717585,7.119747379817325e-05,0.0009487088945169702,protein_coding,DEPDC1
ENSG00000137628.18,1374.7194208799333,-2.457894540956814,0.6200301827808016,-3.964153051280973,7.365698639971557e-05,0.0009744847307141077,protein_coding,DDX60
ENSG00000072657.10,379.61752136005566,-4.327082795380538,1.0914927054434376,-3.9643717028989096,7.358951150922489e-05,0.0009744847307141077,protein_coding,TRHDE
ENSG00000116285.13,6618.206266788974,-2.1275044076019265,0.5368214784925669,-3.9631506801406515,7.396706322754949e-05,0.0009776577264967083,protein_coding,ERRFI1
ENSG00000164985.15,4998.889190642375,-1.268790508351845,0.3202236177490336,-3.962201530513669,7.426181394532162e-05,0.0009810877327868879,protein_coding,PSIP1
ENSG00000145246.14,1637.6393528423264,-2.151600141469933,0.5430879380303137,-3.9617895939162544,7.439008287339612e-05,0.0009823161038253578,protein_coding,ATP10D
ENSG00000125657.5,236.97898836292543,-2.926209453753025,0.7387425992127119,-3.9610677073063423,7.461536958053983e-05,0.0009848238158577083,protein_coding,TNFSF9
ENSG00000137309.21,12065.051917444816,-1.8371184176263713,0.4647806185984856,-3.9526571120071172,7.728815008276064e-05,0.0010119440008013758,protein_coding,HMGA1
ENSG00000161638.11,19950.010303346837,-2.7366831481105143,0.6927388778982512,-3.950526288366445,7.797953179617161e-05,0.0010190789892386071,protein_coding,ITGA5
ENSG00000109790.18,3285.909274489638,-1.76481657025467,0.44677732868517117,-3.950103232517146,7.811749332693884e-05,0.0010204028832701405,protein_coding,KLHL5
ENSG00000178385.15,602.2205605127249,-1.2961242486817552,0.3282554853895746,-3.9485227402780825,7.86349472763683e-05,0.001025237654512875,protein_coding,PLEKHM3
ENSG00000164764.11,1118.0138902746783,-3.5957390206755293,0.9116056878253955,-3.9444016954885863,7.999946212327196e-05,0.0010420519549196997,protein_coding,SBSPON
ENSG00000143248.13,370.09059134887025,-2.7788161646179113,0.7061211135976626,-3.935325132058351,8.308414100316897e-05,0.0010771914992846817,protein_coding,RGS5
ENSG00000156140.10,155.66390575232634,-3.2978389841833144,0.8383297766614164,-3.9338206467110157,8.36061785624322e-05,0.0010834551147410906,protein_coding,ADAMTS3
ENSG00000107105.15,554.1192143258013,-3.9199465808444502,0.9965140592496013,-3.933659083341245,8.366242297631557e-05,0.0010836794816048022,protein_coding,ELAVL2
ENSG00000092853.14,2864.6153283637937,-1.3350099814195564,0.3401184212224179,-3.925132830563554,8.668189303314268e-05,0.0011181080511911768,protein_coding,CLSPN
ENSG00000196843.17,454.88891715526387,-1.848804667052357,0.4713714164048986,-3.922182386774744,8.775052599778781e-05,0.0011297981691371051,protein_coding,ARID5A
ENSG00000171246.7,177.97140595298475,-3.548566782632364,0.9048334326512228,-3.921790082661761,8.789355012579402e-05,0.0011305937436698718,protein_coding,NPTX1
ENSG00000169679.15,4912.148070371618,-1.1315427729313332,0.28857038910958527,-3.9212019515336594,8.810838045659586e-05,0.0011312660878181745,protein_coding,BUB1
ENSG00000155966.14,104.65717577033784,-3.7738069715927627,0.9630058227232363,-3.9187789757293485,8.89986787413901e-05,0.0011411180200116696,protein_coding,AFF2
ENSG00000182263.14,622.307707231785,-3.3477058931674923,0.8544110989371492,-3.918144201698568,8.923332113709397e-05,0.0011424057784902354,protein_coding,FIGN
ENSG00000084731.15,1767.3034101045773,-1.668336144847328,0.4258651531330127,-3.917522090205506,8.946384979959396e-05,0.0011444465638885558,protein_coding,KIF3C
ENSG00000145545.12,2340.188232171569,-1.2613372621747638,0.3220725518095456,-3.9163140574631865,8.991310436260408e-05,0.0011486099922154416,protein_coding,SRD5A1
ENSG00000197635.11,1402.2260411169527,-3.8938171666868655,0.9944724797795775,-3.9154599507368175,9.023202267815941e-05,0.0011510992590601492,protein_coding,DPP4
ENSG00000135596.18,2379.441882896896,-1.22459173127638,0.31302639928829096,-3.912103688572784,9.149560965565834e-05,0.0011645504299839533,protein_coding,MICAL1
ENSG00000188522.15,1578.912071207033,-1.0850747289997345,0.27742047652940977,-3.911300069029706,9.180063182761777e-05,0.0011673651838983866,protein_coding,FAM83G
ENSG00000163803.13,103.22260695895818,-2.711855357609123,0.6935085670428732,-3.9103415393590573,9.216570773945959e-05,0.001170403576932298,protein_coding,PLB1
ENSG00000196632.11,150.6399507615229,-2.8659434642129957,0.7329899082361864,-3.909935774026403,9.23206646158215e-05,0.001171836762538079,protein_coding,WNK3
ENSG00000139329.5,5227.484617215454,-4.482067133963754,1.1465331894618955,-3.9092345299374456,9.258904148372706e-05,0.0011736377772044748,protein_coding,LUM
ENSG00000117594.10,193.96042469270623,-5.7545297583501975,1.4726909668124815,-3.907493077658651,9.325871252311764e-05,0.0011799770553606829,protein_coding,HSD11B1
ENSG00000137575.12,7603.478798267589,-1.4232443717991523,0.3642677370179502,-3.907138149127433,9.339575936769279e-05,0.0011806377646499076,protein_coding,SDCBP
ENSG00000188039.16,137.8625252623231,-3.35986938512702,0.8600355861786675,-3.9066632115255593,9.357944229102486e-05,0.0011818862775013466,protein_coding,NWD1
ENSG00000136235.17,3925.5260000736885,-3.2540635598447443,0.8331055478950063,-3.905943932394558,9.385827442742182e-05,0.0011840799630782619,protein_coding,GPNMB
ENSG00000129195.16,1810.0504946105066,-1.3914512161424806,0.35624470314417706,-3.9058860492848972,9.388074718040394e-05,0.0011840799630782619,protein_coding,PIMREG
ENSG00000158445.10,363.4697884161066,-3.049175321018787,0.7813547492468398,-3.9024211780346065,9.523525588089238e-05,0.0011984487263564738,protein_coding,KCNB1
ENSG00000141401.12,1658.616614991268,-1.6549275443728644,0.42407324558711934,-3.9024568552577663,9.522121516669288e-05,0.0011984487263564738,protein_coding,IMPA2
ENSG00000158966.16,1386.9815615661805,-3.354086128385638,0.8596078642552564,-3.901879296196921,9.544875310482149e-05,0.0012000503574642327,protein_coding,CACHD1
ENSG00000100599.16,846.912042926062,-3.0185088285964867,0.7741134881621845,-3.8993104690149503,9.646701490982851e-05,0.0012101197958675016,protein_coding,RIN3
ENSG00000104856.15,870.6348665136111,-1.9544292621245758,0.5013053644715915,-3.898680127200856,9.671843978263302e-05,0.0012127272476528705,protein_coding,RELB
ENSG00000137054.16,2372.995407385893,-1.4450783480113651,0.37098378582677405,-3.895260125158476,9.809339877392048e-05,0.0012277553274599147,protein_coding,POLR1E
ENSG00000128595.17,52376.5376262701,-1.4418283152254354,0.37050319174326213,-3.891540875643904,9.960960341120981e-05,0.0012422638532949984,protein_coding,CALU
ENSG00000075142.14,2950.3498433197,-1.3064559178748472,0.33583452077046944,-3.890177563871588,0.00010017089718679825,0.0012481455210795508,protein_coding,SRI
ENSG00000170390.16,1159.5890307261232,-3.039157172671419,0.7830672522574743,-3.88109343598516,0.00010398787699526973,0.0012882094098977874,protein_coding,DCLK2
ENSG00000183340.7,888.5692692118351,-1.5762784947657658,0.406518769102966,-3.8775048400447027,0.00010553322879532864,0.0013021378354373973,protein_coding,JRKL
ENSG00000135912.11,1978.9935203932803,-1.0608665072004488,0.27363682116292404,-3.8769143081398623,0.00010578959598562917,0.0013047227265644543,protein_coding,TTLL4
ENSG00000105173.14,1547.6328107104368,-1.7680870622798055,0.45617692020172745,-3.8758801332998916,0.00010623997792487381,0.0013085380643879589,protein_coding,CCNE1
ENSG00000122707.12,3193.8048143865417,-2.812459756216451,0.7263386460992757,-3.8721053482703507,0.00010789929447419395,0.0013248719722027626,protein_coding,RECK
ENSG00000196110.8,485.0657103635054,-1.6510108638219976,0.42655176092257546,-3.8705991044347767,0.0001085682084883919,0.001330737407081848,protein_coding,ZNF699
ENSG00000129451.12,446.26648990814743,-4.223642224483043,1.091579901981459,-3.8692927717120824,0.00010915150939055179,0.0013353285295629612,protein_coding,KLK10
ENSG00000154864.14,1273.6307470338024,-4.614560127459814,1.1926321695094217,-3.8692232571237546,0.0001091826316024321,0.0013353285295629612,protein_coding,PIEZO2
ENSG00000171943.12,710.099506227656,-1.033377196347206,0.26759941813732463,-3.8616571124863412,0.00011262055254748448,0.001365971982880949,protein_coding,SRGAP2C
ENSG00000180398.13,8740.392224331332,-1.2006674488304212,0.3112471332261817,-3.857601631170374,0.00011450507299320851,0.001384606086811013,protein_coding,MCFD2
ENSG00000196923.14,6625.743472485465,-1.325108381180439,0.34353535799052876,-3.8572692747888038,0.00011466082541159761,0.001385887423429106,protein_coding,PDLIM7
ENSG00000151012.13,4165.2291362367805,-2.0390347084751226,0.5289624713091486,-3.854781424150263,0.00011583307062470911,0.001398234758850565,protein_coding,SLC7A11
ENSG00000134686.21,4080.7854576542327,-1.1533870789545781,0.29940359439709324,-3.852282005087965,0.0001170221418546556,0.0014089222926756892,protein_coding,PHC2
ENSG00000176463.14,1772.4662259671868,-2.698757690866639,0.701091729395739,-3.8493646090971003,0.00011842461918386578,0.0014239601294177484,protein_coding,SLCO3A1
ENSG00000163507.15,2201.132450703875,-1.0924553139577793,0.28409134491360166,-3.8454368058626307,0.00012033787612193929,0.0014429246777510106,protein_coding,CIP2A
ENSG00000010292.13,11813.70740083275,-1.278488014231383,0.3325759920241348,-3.844198152879911,0.00012094725112481545,0.0014490042470812026,protein_coding,NCAPD2
ENSG00000171492.14,1951.1215256350424,-1.1683931085778085,0.3042129599213091,-3.840707867541335,0.00012268003941052488,0.0014631197845035861,protein_coding,LRRC8D
ENSG00000212724.3,269.08779477494465,-5.053088047232603,1.315610092306824,-3.8408705411892905,0.00012259876110637296,0.0014631197845035861,protein_coding,KRTAP2-3
ENSG00000182253.15,1319.551581881368,-2.430170085539731,0.6330603407049965,-3.838765326593377,0.000123654544441764,0.0014722189474255531,protein_coding,SYNM
ENSG00000178033.6,391.581329649417,-4.681399387808461,1.2206834768723152,-3.8350641067112115,0.0001255315485577462,0.0014926510831496896,protein_coding,CALHM5
ENSG00000072195.15,2556.972735351463,-2.211076296547519,0.5766623251715189,-3.8342652190601667,0.00012594019816231414,0.0014962319061229946,protein_coding,SPEG
ENSG00000169991.11,2786.1855197409022,-1.6199024932605282,0.42268684418756597,-3.8323939236247004,0.00012690232312341163,0.0015057344699331997,protein_coding,IFFO2
ENSG00000162407.9,1761.9598259286959,-2.510772237166933,0.655724430235971,-3.82900517563971,0.00012866230141856433,0.001521428981430398,protein_coding,PLPP3
ENSG00000143067.5,723.4155023335655,-1.773502023190692,0.463680773385553,-3.824834077638185,0.00013086018791362778,0.0015402216451432316,protein_coding,ZNF697
ENSG00000134318.16,5386.139982812901,-1.0692974495910126,0.2796552969323027,-3.8236266622543607,0.00013150298757065934,0.0015455268943445778,protein_coding,ROCK2
ENSG00000183160.9,362.2671085677385,-3.938576811465707,1.0304959398686644,-3.822020698080261,0.00013236257671094757,0.0015533072029198722,protein_coding,TMEM119
ENSG00000125351.14,1901.2029200613351,-1.096980658331752,0.28704586605342136,-3.821621517892181,0.0001325770571712585,0.0015551685475849774,protein_coding,UPF3B
ENSG00000189362.12,492.7960488478809,-1.4196228211074895,0.3714892451700372,-3.821437200578184,0.00013267620177504624,0.0015556759699284699,protein_coding,NEMP2
ENSG00000104907.13,2938.9236635421753,-1.094963302478647,0.2865996626546592,-3.820532419111857,0.00013316389929258357,0.001560736968719308,protein_coding,TRMT1
ENSG00000180773.15,1505.232889588042,-1.4256178236735062,0.3731775747967517,-3.820213003018625,0.00013333647478513922,0.0015614447253340913,protein_coding,SLC36A4
ENSG00000076356.7,4389.551986400858,-2.9011067603250145,0.7602263110198346,-3.8161093851556047,0.00013557242209784882,0.0015846259833033852,protein_coding,PLXNA2
ENSG00000143641.10,8124.592821167525,-1.3345888629447453,0.34975492038293,-3.8157829530562934,0.00013575179436760464,0.0015851491846077123,protein_coding,GALNT2
ENSG00000167755.15,2414.7307050670142,-4.636596170727732,1.215114380748958,-3.8157693170167915,0.00013575929214343965,0.0015851491846077123,protein_coding,KLK6
ENSG00000008441.19,7841.008924342573,-2.885205835921769,0.756233661170629,-3.8152306410898844,0.00013605579539548474,0.001587945123953339,protein_coding,NFIX
ENSG00000091972.18,223.75200379693354,-3.488870953618364,0.9144877163537434,-3.8151096960921826,0.00013612245093153858,0.0015880572272130376,protein_coding,CD200
ENSG00000165633.13,380.16899326631324,-4.304647582658111,1.1293871368036565,-3.8114898269878847,0.00013813174138195883,0.0016047726014641929,protein_coding,VSTM4
ENSG00000196588.21,2630.024778392558,-1.1090805842867315,0.29101411044567893,-3.811088687721051,0.00013835611436753347,0.0016067087190382403,protein_coding,MRTFA
ENSG00000075218.19,3226.375451967514,-1.130781561431542,0.2974261659682097,-3.801889984193271,0.00014359649169921301,0.001663400725318058,protein_coding,GTSE1
ENSG00000108379.10,295.3904304765371,-1.7456596296165248,0.4594339066220218,-3.799588155022015,0.00014493674986410898,0.0016754399373826155,protein_coding,WNT3
ENSG00000147324.11,1438.7966464855476,-1.3808772634916595,0.3636005700073415,-3.7977863001253773,0.00014599410438026383,0.0016813785227674902,protein_coding,MFHAS1
ENSG00000090621.15,8476.662266809339,-1.0290191708704308,0.27110151837296953,-3.7956968188379956,0.00014722933659350884,0.0016942024859102572,protein_coding,PABPC4
ENSG00000100170.10,234.01908245133566,-4.838149531157737,1.2749110341824632,-3.7948918798559155,0.00014770781025477713,0.0016990060356413127,protein_coding,SLC5A1
ENSG00000175505.11,886.4126737197937,-1.9273487259482054,0.508219406095365,-3.792355629935445,0.00014922500565570446,0.0017143323390145229,protein_coding,CLCF1
ENSG00000196569.14,795.5158060355245,-3.168708809873739,0.8359150015128457,-3.790706954820746,0.00015021910580383446,0.00172457851392088,protein_coding,LAMA2
ENSG00000197081.16,17721.655773900486,-1.3914103929329888,0.3672044669292107,-3.789197894483194,0.00015113448458389854,0.0017319800382368875,protein_coding,IGF2R
ENSG00000122483.18,1052.0438877194872,-1.3678408036453844,0.36140347469616996,-3.78480258053778,0.00015383064374404162,0.0017549302455980092,protein_coding,CCDC18
ENSG00000115112.8,2448.5355518452816,-3.5389567183482353,0.9354175006211255,-3.7832911143936654,0.0001547682174152242,0.0017634580843103483,protein_coding,TFCP2L1
ENSG00000130508.11,27113.85259722169,-2.572576131498847,0.6800794596498716,-3.7827581689105827,0.000155100088136716,0.0017665163884507474,protein_coding,PXDN
ENSG00000117152.14,4761.796186764944,-3.9097147010821476,1.0338120432707758,-3.7818428664388426,0.00015567162007613117,0.0017723007020201175,protein_coding,RGS4
ENSG00000072041.18,418.64857027118455,-4.284126752498415,1.1332604228091454,-3.7803550413230247,0.0001566048776021035,0.0017785611476671373,protein_coding,SLC6A15
ENSG00000153250.21,4297.331231297039,-1.48266070640049,0.3923242398323687,-3.779171807059379,0.00015735083299205278,0.0017848483240288432,protein_coding,RBMS1
ENSG00000059378.13,1984.5453155198356,-1.4866873693779952,0.3934453566981165,-3.7786374754924448,0.00015768879061053997,0.0017872252342976346,protein_coding,PARP12
ENSG00000177409.12,988.3371457632243,-3.226275106765821,0.8539031213182663,-3.7782683143083693,0.00015792267904459346,0.001789147616558935,protein_coding,SAMD9L
ENSG00000148634.16,6297.673668612891,-1.3727106460204073,0.36357455444363374,-3.7755960345492863,0.00015962550891825228,0.00180623401067011,protein_coding,HERC4
ENSG00000112655.16,7380.182410164456,-1.9734622516743416,0.5229016099773548,-3.77406038539412,0.00016061185737227483,0.001815918627869473,protein_coding,PTK7
ENSG00000173517.11,4768.461090795077,-1.5221222690544292,0.4034861325783214,-3.7724277147467205,0.00016166681138265,0.001826362565603671,protein_coding,PEAK1
ENSG00000183486.14,379.63408225071754,-2.9293335472061517,0.7765498454326282,-3.772241491560885,0.00016178755333518089,0.0018269851256138318,protein_coding,MX2
ENSG00000253304.2,236.6721689766654,-3.7004014354578807,0.9816084067836061,-3.7697328281680336,0.0001634223941057949,0.001842456768865495,protein_coding,TMEM200B
ENSG00000282936.2,242.77716387435598,-1.2267694663978095,0.32552813400643865,-3.768551280957931,0.00016419775518879658,0.001848498554836483,protein_coding,ENSG00000282936
ENSG00000178878.13,676.0836840184755,-1.7714491400582346,0.4704637703789597,-3.76532530577504,0.0001663323842281718,0.0018676999787718394,protein_coding,APOLD1
ENSG00000075420.13,7447.201167815317,-1.3257064927895028,0.35219228795472346,-3.764155372305968,0.00016711296008834186,0.0018741967594758597,protein_coding,FNDC3B
ENSG00000169379.17,790.2028319071673,-1.189096007263426,0.3161903198220142,-3.7606970635052233,0.00016944052971228906,0.0018995354752602812,protein_coding,ARL13B
ENSG00000156535.15,6488.912068788605,-3.13898055457621,0.8348014105354451,-3.7601524326161053,0.00016980985405790728,0.0019029094595635694,protein_coding,CD109
ENSG00000150630.4,1622.8293218320648,-2.687525582927691,0.7153323226968151,-3.7570308200189717,0.00017194132745389814,0.0019206094666961112,protein_coding,VEGFC
ENSG00000204540.11,113.36906101919286,-2.324822445373559,0.619138811757927,-3.754929268240619,0.00017339043706476263,0.0019329179840347347,protein_coding,PSORS1C1
ENSG00000157036.13,683.8874636596261,-1.1841872690256217,0.31593794679966886,-3.74816409684556,0.00017813369960910055,0.001970284821681654,protein_coding,EXOG
ENSG00000088325.16,14924.053015975423,-1.22552967286343,0.32708932274125707,-3.7467737026466046,0.0001791235422500889,0.0019762516536161213,protein_coding,TPX2
ENSG00000164543.7,2865.12610238547,-1.1893120948747662,0.3176774459962917,-3.7437725273346887,0.00018127778106917554,0.001997454117618031,protein_coding,STK17A
ENSG00000133030.22,16101.680611607351,-1.0776340496547898,0.2882543418658605,-3.738483322330208,0.00018513377171950818,0.0020361057564536665,protein_coding,MPRIP
ENSG00000225968.8,246.95664376017646,-4.409670165185261,1.180075478612097,-3.7367695923751714,0.00018639958142572166,0.0020445076617740367,protein_coding,ELFN1
ENSG00000174640.15,440.0889751220586,-3.138540789914906,0.8398838459937392,-3.736874812970628,0.00018632162867364348,0.0020445076617740367,protein_coding,SLCO2A1
ENSG00000171004.19,517.3350049415025,-3.434641305875503,0.9193461876726138,-3.735960785969567,0.0001869998105485675,0.0020492091888200895,protein_coding,HS6ST2
ENSG00000133216.17,1600.5023643732043,-2.854781471062726,0.7649012656864508,-3.7322221822979196,0.00018979797612244311,0.002071849593468363,protein_coding,EPHB2
ENSG00000128422.18,3635.987997764246,-4.1963761342817225,1.1245937683903502,-3.731459529860338,0.0001903735966047798,0.002076684091068363,protein_coding,KRT17
ENSG00000106392.11,2658.4048999496335,-1.37875007334094,0.36985519437913034,-3.7278104898740825,0.0001931505281326983,0.002099390121476685,protein_coding,C1GALT1
ENSG00000172380.6,9785.401608041268,-2.088654820925675,0.5604380276542115,-3.7268256575450813,0.00019390648614729227,0.002105962133591895,protein_coding,GNG12
ENSG00000136295.16,9131.587699912607,-1.6326642632918527,0.43879624233182657,-3.7207799561264223,0.00019860843635055266,0.0021519908268797135,protein_coding,TTYH3
ENSG00000072958.9,3474.642341426374,-1.2749772256683989,0.3427619403999771,-3.7197164427899945,0.00019944656731746738,0.002159761157210924,protein_coding,AP1M1
ENSG00000173559.15,2553.863174690277,-2.0541522830715873,0.5528047732232603,-3.7158729131341643,0.00020250335415298286,0.00218483851403195,protein_coding,NABP1
ENSG00000108854.16,5100.938324767964,-1.4845765807420037,0.39978926375575813,-3.7133978206302483,0.0002044950510937025,0.002202059668179614,protein_coding,SMURF2
ENSG00000163535.18,1992.4912427887948,-1.02110213049925,0.27505582050903615,-3.7123451109288736,0.00020534772743772473,0.0022103864427519358,protein_coding,SGO2
ENSG00000121152.10,3172.4834768821115,-1.1343615789588413,0.30563569787538947,-3.711482614250548,0.00020604882240962043,0.0022162190960564893,protein_coding,NCAPH
ENSG00000173320.12,319.5610409464577,-3.175593623879664,0.8558908950223442,-3.7102785440856465,0.0002070313321543809,0.0022233503710838527,protein_coding,STOX2
ENSG00000066651.20,1103.2122994644822,-1.1288165525849048,0.30428163214255655,-3.7097755281398386,0.00020744309008414918,0.0022269131722261384,protein_coding,TRMT11
ENSG00000185950.9,1145.1387639697732,-2.59630025533781,0.7003258593081703,-3.707274579154642,0.0002095017566336716,0.002246414059189092,protein_coding,IRS2
ENSG00000151640.13,719.4302948225633,-3.4638188647701336,0.9345468054312365,-3.7064156066231395,0.00021021323925431146,0.00225230782443534,protein_coding,DPYSL4
ENSG00000141404.17,266.2842657479902,-2.501954454961733,0.6751608733702361,-3.705716005835165,0.00021079439115837773,0.00225592951644929,protein_coding,GNAL
ENSG00000125733.18,3263.206421847749,-1.1937725278161706,0.3226695896116521,-3.6996747330696134,0.00021587596724825404,0.0023049955597707708,protein_coding,TRIP10
ENSG00000105835.13,11049.404569767046,-1.8994010757469428,0.5139112917093646,-3.6959706984238108,0.00021904823725891508,0.002329040004713201,protein_coding,NAMPT
ENSG00000101224.18,8502.315097551165,-1.3912980550416771,0.3770251592047635,-3.6901995028030985,0.0002240782471894877,0.0023761684147682208,protein_coding,CDC25B
ENSG00000123240.17,6811.269100756066,-1.8395710924363184,0.4986758338126488,-3.688911649020154,0.00022521540468400377,0.0023872995305059333,protein_coding,OPTN
ENSG00000143401.15,8544.146265837815,-1.2213943143965376,0.3312995747046854,-3.6866763728425154,0.00022720199350137512,0.0024010610064936514,protein_coding,ANP32E
ENSG00000150551.11,104.60127455586782,-2.714483723220231,0.7364781858438613,-3.6857625594299965,0.00022801886663110395,0.002407209667275196,protein_coding,LYPD1
ENSG00000164111.15,28276.737521871946,-1.3402136482695293,0.3640839930407904,-3.6810562229781345,0.00023226977602561688,0.002447184513796015,protein_coding,ANXA5
ENSG00000120647.10,1018.6860996601926,-1.1283648196255778,0.3067373506876076,-3.6786026126135036,0.0002345153369797743,0.002466176395983754,protein_coding,CCDC77
ENSG00000123143.13,7469.118862637462,-1.2849803670920121,0.350073999611972,-3.670596412519371,0.0002419851710239465,0.0025294401879919545,protein_coding,PKN1
ENSG00000085840.13,1138.9299652572176,-1.1809037353027243,0.3217897349299389,-3.6697992729936977,0.00024274100208052112,0.0025354365980913268,protein_coding,ORC1
ENSG00000165661.17,3135.957620137183,-1.101307031917466,0.30012638233190114,-3.669477582612388,0.00024304664895142788,0.0025376768642955535,protein_coding,QSOX2
ENSG00000165480.16,1568.269851354214,-1.045984166480781,0.28544643110236007,-3.6643799063849385,0.00024793854020602294,0.0025829405707989725,protein_coding,SKA3
ENSG00000162302.13,3594.750394837815,-1.1781915078302982,0.3215634687086574,-3.6639470041846147,0.00024835819352819673,0.0025863444351106935,protein_coding,RPS6KA4
ENSG00000180801.14,2049.9925776147916,-2.9840015430638203,0.8147205656383861,-3.6626073636985734,0.0002496610592970047,0.002594089304438754,protein_coding,ARSJ
ENSG00000234745.14,18471.776586645556,-2.35951286241354,0.6443320717809136,-3.661951601899811,0.00025030115407437563,0.0025988000465551366,protein_coding,HLA-B
ENSG00000137834.15,2289.5656028804324,-2.324918603969682,0.6351832480881496,-3.6602328713288643,0.0002519861333235931,0.0026114244256126348,protein_coding,SMAD6
ENSG00000134744.14,2380.498464182936,-1.7959640101555872,0.49084418492488147,-3.658928974437052,0.0002532715152951879,0.002622792373421447,protein_coding,TUT4
ENSG00000151746.15,991.4975165337713,-1.4587581271088188,0.3989734086869711,-3.6562790786223545,0.00025590275278638067,0.0026461029073408964,protein_coding,BICD1
ENSG00000137831.15,4151.325843099522,-1.6634644966623617,0.4560229745953772,-3.6477646726863493,0.00026453175471482506,0.0027151570517116043,protein_coding,UACA
ENSG00000126561.18,491.90805728173166,-2.2571171060152486,0.619096846970255,-3.645822324990283,0.0002665380940636992,0.002728637979586557,protein_coding,STAT5A
ENSG00000145375.9,687.7694538414909,-1.028536674685337,0.28214033596893834,-3.6454790172170624,0.0002668941924012167,0.0027293411975313256,protein_coding,SPATA5
ENSG00000163808.17,1802.2955243778192,-1.1016477400227327,0.30228848787134655,-3.6443588962990616,0.00026805914932367985,0.0027402476976033613,protein_coding,KIF15
ENSG00000169908.12,15769.8022571824,-2.990821457531148,0.8212335330290615,-3.641864752526258,0.00027067027316125055,0.0027628814535080935,protein_coding,TM4SF1
ENSG00000204531.21,115.453933613344,-2.1671551136947005,0.5955109562267092,-3.639152380043989,0.0002735369116312081,0.002788053266996085,protein_coding,POU5F1
ENSG00000138623.10,1990.1590643314112,-2.249174999478366,0.6182253982173822,-3.63811484607998,0.00027464096015461823,0.0027982817594670397,protein_coding,SEMA7A
ENSG00000138386.17,1887.6620773867655,-1.4777370088789565,0.40656268157597586,-3.6347089288931858,0.00027829465300070657,0.002831363289812744,protein_coding,NAB1
ENSG00000133874.2,218.23106308918116,-1.8414396677162586,0.5077637640793236,-3.6265677033002817,0.0002872135386258548,0.002903005105733222,protein_coding,RNF122
ENSG00000133026.14,8151.042042253781,-1.604819637381892,0.4429057539515899,-3.62338854951363,0.00029076852377958986,0.0029346746294157586,protein_coding,MYH10
ENSG00000142303.14,372.19746406728854,-3.340096714270069,0.9226740253610666,-3.6200181455883094,0.0002945823566602924,0.0029681492183645025,protein_coding,ADAMTS10
ENSG00000182963.11,1989.0543794088537,-2.9970031058302133,0.8279044898354406,-3.6199865354346805,0.00029461834639822967,0.0029681492183645025,protein_coding,GJC1
ENSG00000069849.11,7293.195786494202,-1.1524265409360237,0.31852433970514976,-3.6180172039687672,0.0002968686671051569,0.0029854177086485363,protein_coding,ATP1B3
ENSG00000120156.22,283.1753086632324,-3.8668803244053622,1.0693264122052861,-3.616183309669349,0.00029897869300862475,0.0030022983039639534,protein_coding,TEK
ENSG00000160094.15,1468.5336090615733,-1.1930404170384767,0.3301593722012164,-3.6135288514886543,0.0003020577266232995,0.003029938334517537,protein_coding,ZNF362
ENSG00000010803.17,2096.434233493495,-1.0202951811148098,0.28275488461381926,-3.608408684109234,0.00030808091341018334,0.0030781551707415155,protein_coding,SCMH1
ENSG00000198689.13,1390.5687223299344,-2.312150819316448,0.6408248405147459,-3.608085506578055,0.0003084648364949652,0.003078675937136555,protein_coding,SLC9A6
ENSG00000139926.16,7025.091618392148,-1.7895419184831436,0.4962428646665892,-3.6061816620486495,0.0003107356421238955,0.003096898436863858,protein_coding,FRMD6
ENSG00000171016.13,369.77091909836196,-3.167860512488745,0.8794441702915249,-3.6021166772174276,0.0003156366289325437,0.003137879001059388,protein_coding,PYGO1
ENSG00000101574.15,1070.150076208759,-1.1759931430925132,0.3265253259742855,-3.6015373067420957,0.0003163410155517617,0.0031437588393069755,protein_coding,METTL4
ENSG00000169515.9,239.29873798208013,-4.422139965116973,1.228794024893125,-3.59876421559064,0.0003197329067603431,0.0031729358975333016,protein_coding,CCDC8
ENSG00000091490.11,3906.293936550236,-2.689492570333129,0.7478857760486312,-3.596127452166232,0.0003229895966597699,0.003197379478793604,protein_coding,SEL1L3
ENSG00000115232.14,913.6893016084384,-3.3085528165717095,0.9201694012238844,-3.5955909989737997,0.0003236559643438715,0.00320159467785217,protein_coding,ITGA4
ENSG00000150938.10,20335.71249942176,-1.979904454490961,0.5506913073543491,-3.5953072584401027,0.00032400893924564305,0.0032039477203700604,protein_coding,CRIM1
ENSG00000134900.13,4051.24734002124,-1.022124033027639,0.2844139425883733,-3.5937901768301814,0.00032590231873815836,0.0032169563632607717,protein_coding,TPP2
ENSG00000137825.11,182.46778868387497,-2.1710860406231216,0.6043515596956414,-3.5924223339747914,0.0003276183144709677,0.003227413711510395,protein_coding,ITPKA
ENSG00000147010.19,2473.545032059588,-2.3770709408862523,0.6625223925122642,-3.5879103374490837,0.0003333388738640329,0.003274107583937622,protein_coding,SH3KBP1
ENSG00000177614.11,1499.3326196714424,-3.4688560916949664,0.9683438634139862,-3.5822564925079323,0.0003406390903352451,0.003330808417268687,protein_coding,PGBD5
ENSG00000023608.5,638.9964700876873,-1.3318338572845876,0.3719005097810073,-3.5811563099734247,0.0003420769134688884,0.003337557996256564,protein_coding,SNAPC1
ENSG00000189184.12,1313.4109808213311,-3.840276635778528,1.073055106147841,-3.5788251822077726,0.0003451422332615047,0.003365106551687301,protein_coding,PCDH18
ENSG00000103742.12,167.0889798704642,-2.2830619849285254,0.6381782099689678,-3.577467781357721,0.0003469389670263256,0.0033787411967664206,protein_coding,IGDCC4
ENSG00000073008.15,6018.756755812388,-1.0906527172494735,0.3049857338069081,-3.5760778172659884,0.00034878786719756775,0.003390766793862198,protein_coding,PVR
ENSG00000104626.15,1565.7789029383898,-1.0534346771006804,0.2945908504135077,-3.575924627740502,0.0003489921994688604,0.003390766793862198,protein_coding,ERI1
ENSG00000168621.15,146.81157068759728,-3.727940453556548,1.0450092912158115,-3.5673754146427656,0.0003605747191312195,0.0034838451515920256,protein_coding,GDNF
ENSG00000130813.18,437.34906970526384,-1.43528430967128,0.4025791618276521,-3.565222559347815,0.00036354755686413004,0.003506482949712378,protein_coding,SHFL
ENSG00000101298.15,461.4949518257985,-2.5814271481136046,0.7241947423300488,-3.564548314460325,0.0003644833116286857,0.0035118578963295585,protein_coding,SNPH
ENSG00000124613.9,280.1339591649192,-2.50225443197706,0.7023401717460921,-3.5627385882772304,0.00036700609739160234,0.0035288365205501356,protein_coding,ZNF391
ENSG00000142871.18,33929.91760551675,-2.346651805702157,0.6591803668581044,-3.559954033350782,0.00037091971426397326,0.0035603176435351587,protein_coding,CCN1
ENSG00000122591.13,3074.4318576672345,-2.346048306441249,0.659286959411408,-3.5584630834132254,0.0003730312081183035,0.003578117404955581,protein_coding,FAM126A
ENSG00000106333.13,3095.7453994576454,-2.5342389268208474,0.7122236167710864,-3.5582068147501063,0.0003733952673259598,0.0035803757014417556,protein_coding,PCOLCE
ENSG00000109805.10,3290.2822871714557,-1.2403361354894278,0.34869911899692607,-3.557038340267105,0.0003750594338714661,0.0035926202344274366,protein_coding,NCAPG
ENSG00000124813.23,1291.3925746418731,-2.2183753126879178,0.6239366131924291,-3.555449809776984,0.0003773329749423932,0.0036044751854826555,protein_coding,RUNX2
ENSG00000185652.12,108.23562352822344,-4.503889702362377,1.2672236829090275,-3.554139464962719,0.00037921805939336866,0.003619997908530113,protein_coding,NTF3
ENSG00000074800.16,109180.46356060322,-1.3700743505292732,0.38567390361327597,-3.5524165303729704,0.0003817101004938804,0.0036400419175565794,protein_coding,ENO1
ENSG00000164951.16,2919.85948752937,-1.316909319543444,0.37098776357187757,-3.5497378858650612,0.0003856148889696238,0.003672246339157868,protein_coding,PDP1
ENSG00000146457.16,3848.7969834438377,-1.0426136179474603,0.2939633620924343,-3.5467468140455516,0.00039001921898305616,0.003705315692700461,protein_coding,WTAP
ENSG00000184226.15,253.29905100593362,-3.1534594255822745,0.8898505384755889,-3.5438079646324594,0.00039439239863917915,0.003740479321471956,protein_coding,PCDH9
ENSG00000120254.16,2965.8086672641557,-1.9314760636155621,0.5456808508790151,-3.5395709057853613,0.0004007780908388507,0.00378556462049211,protein_coding,MTHFD1L
ENSG00000164045.12,1371.7639358672957,-1.0216931826297435,0.28926318602066126,-3.5320539633300134,0.0004123452003809697,0.0038750982436882757,protein_coding,CDC25A
ENSG00000020181.18,2429.0330870983244,-2.970798784791531,0.8416648578934502,-3.5296695079166733,0.00041607906991638456,0.0039049146966259204,protein_coding,ADGRA2
ENSG00000174607.11,388.680022211893,-3.0758025454136244,0.8724060465135559,-3.525654777045187,0.0004224372477417794,0.00395533447309698,protein_coding,UGT8
ENSG00000029534.22,415.25213298951786,-2.7446867480452743,0.7791766835694476,-3.5225473322324357,0.00042742071150482486,0.003991171729435862,protein_coding,ANK1
ENSG00000011426.11,14437.78534721083,-1.3460540751196561,0.382658794728958,-3.517635276285975,0.0004354103583851832,0.004056944098140632,protein_coding,ANLN
ENSG00000171877.21,286.0788782513603,-2.167668514322066,0.6162703606365386,-3.517398617196365,0.00043579879184583775,0.004058512937377297,protein_coding,FRMD5
ENSG00000197971.16,1813.4002187739438,-2.92862409120191,0.8328541209337069,-3.5163710157532155,0.0004374891702488842,0.004071530773335988,protein_coding,MBP
ENSG00000163840.10,2477.3892434448335,-1.5115306048072816,0.4298828245234682,-3.516145606614632,0.0004378607802200128,0.004073627232020146,protein_coding,DTX3L
ENSG00000198795.11,214.8913951674766,-3.489191273424261,0.9929547843602999,-3.513947793375238,0.00044149957471533775,0.004097140026168165,protein_coding,ZNF521
ENSG00000132003.10,492.5331064681119,-1.403260704717781,0.39947348421362083,-3.5127755913015215,0.00044345184604529847,0.0041091629782013745,protein_coding,ZSWIM4
ENSG00000112419.15,2316.2898377066367,-1.4418421787389744,0.4104973043129733,-3.512427885859338,0.0004440324879288354,0.0041108582308182345,protein_coding,PHACTR2
ENSG00000164251.5,1583.9012719127238,-2.2282697930676925,0.6348426984664675,-3.509955770855244,0.0004481812369348118,0.004143332086123355,protein_coding,F2RL1
ENSG00000177426.22,3457.5837777093247,-1.073759342029094,0.3064496831341461,-3.5038683383433744,0.00045855201131057946,0.004222379684697747,protein_coding,TGIF1
ENSG00000150051.14,108.13585995158367,-3.078883533445155,0.8790768241738152,-3.50240553359917,0.0004610772520127233,0.0042414231285611914,protein_coding,MKX
ENSG00000145901.16,6625.331253615784,-1.0488811950417711,0.2996444113539634,-3.500419681789929,0.0004645261977364005,0.0042614608383637525,protein_coding,TNIP1
ENSG00000137699.17,2272.5225209364503,-3.5187153590014906,1.0053356854159243,-3.500040245309445,0.0004651879202477665,0.004263737552853746,protein_coding,TRIM29
ENSG00000043039.7,1719.7055096201639,-3.3254519694191007,0.9505115645380826,-3.4985918041251405,0.00046772204046326496,0.0042839087903516785,protein_coding,BARX2
ENSG00000107104.21,2887.8020887613734,-1.6927721241691758,0.4839371088610551,-3.497917587169769,0.00046890600413549414,0.004290751982615258,protein_coding,KANK1
ENSG00000166484.20,1156.9703849619411,-1.032141642744109,0.29520061433233297,-3.496407502669143,0.00047156795076436946,0.004306724896610727,protein_coding,MAPK7
ENSG00000175040.6,215.89796509997376,-3.0982616098334534,0.886275148271545,-3.4958236343147244,0.0004726009560527279,0.004312905421493292,protein_coding,CHST2
ENSG00000075213.11,668.874874664133,-2.79830213023463,0.8009520026590952,-3.493720124232782,0.00047634010550576944,0.004338809940071531,protein_coding,SEMA3A
ENSG00000158220.14,286.13905807664014,-2.0990441605099415,0.6014276284812162,-3.490102650938489,0.00048283504450006345,0.004389352155030622,protein_coding,ESYT3
ENSG00000079156.17,745.3785170127883,-1.3993876573632584,0.4011778815273969,-3.4881974351013483,0.0004862888508320393,0.004414982534820824,protein_coding,OSBPL6
ENSG00000112290.13,974.7787951788863,-1.342128857568546,0.38492499864087404,-3.486728225777616,0.0004889679773479917,0.004433522025230846,protein_coding,WASF1
ENSG00000198853.12,3207.840223436684,-1.2400629671680594,0.356248170645208,-3.4808963788421914,0.0004997387839126579,0.004517937248779716,protein_coding,RUSC2
ENSG00000132016.12,452.1457797022596,-1.958121394909456,0.5633464293525672,-3.4758743339508715,0.0005091908225393361,0.004584034843533299,protein_coding,BRME1
ENSG00000136378.15,1743.8131947896502,-3.2958485667618933,0.9502583485441156,-3.4683710717316405,0.0005236237137968916,0.004697337379679443,protein_coding,ADAMTS7
ENSG00000247596.10,1390.2426750972977,-1.0452355749959203,0.301475659644126,-3.4670645591413867,0.0005261754978144821,0.0047110392914647544,protein_coding,TWF2
ENSG00000174705.13,4417.312098289733,-1.9441256925091575,0.5612648543507169,-3.4638293800850284,0.0005325441741669643,0.004754647618977301,protein_coding,SH3PXD2B
ENSG00000128340.16,989.8195984236279,-3.0753479254192073,0.8880308997564641,-3.463109139853803,0.0005339717589286258,0.004765513908796803,protein_coding,RAC2
ENSG00000181143.15,1615.7206917312922,-3.694694824615528,1.0669382388624324,-3.4628947487670936,0.0005343973906929194,0.004767783899784648,protein_coding,MUC16
ENSG00000140416.24,34754.74168962066,-1.7404708675976146,0.5030593904799191,-3.459772147255225,0.0005406326504583342,0.004812616072324333,protein_coding,TPM1
ENSG00000165152.9,281.45371408980077,-3.7953443179619337,1.0985965741070325,-3.4547206931233037,0.0005508631694911715,0.004892733626661215,protein_coding,PGAP4
ENSG00000086570.13,341.86605537195015,-2.711323329853355,0.784892030640776,-3.4543901887242563,0.0005515387736214269,0.004897171707344829,protein_coding,FAT2
ENSG00000100097.12,44318.20653555278,-1.66468244782805,0.48201079472166175,-3.453620678328013,0.0005531147682973262,0.004904906878089956,protein_coding,LGALS1
ENSG00000105928.16,1608.2857526353157,-2.5846927711553445,0.7485670960320785,-3.4528538388288736,0.0005546894649535727,0.0049120149162116865,protein_coding,GSDME
ENSG00000103888.17,25564.04978774355,-2.790315466921275,0.8081834794080626,-3.4525767205300766,0.0005552595508508792,0.004912970393351899,protein_coding,CEMIP
ENSG00000115163.15,1292.2582907503868,-1.2749559574425529,0.3693651938592079,-3.451749051180312,0.000556965477414725,0.004923369650465635,protein_coding,CENPA
ENSG00000115306.16,20202.19181762983,-1.430353409158241,0.41506758634642077,-3.446073497930165,0.0005687956362794283,0.0050056893238931924,protein_coding,SPTBN1
ENSG00000163520.14,7848.502688004499,-3.985871102515471,1.1566909643767156,-3.4459256839299885,0.0005691068444583094,0.005006845171410082,protein_coding,FBLN2
ENSG00000139793.21,3503.239535808144,-1.4673743644765544,0.4261928760991381,-3.4429819144495126,0.0005753377879093126,0.00505846578150462,protein_coding,MBNL2
ENSG00000023909.10,3156.5885071734565,-1.4108665362210449,0.4098569295923919,-3.442339105073007,0.0005767068164065469,0.005062507392460625,protein_coding,GCLM
ENSG00000137727.13,215.82914320339242,-3.38413840218335,0.9833889131999655,-3.4413021712552174,0.0005789216291638693,0.005078746444817353,protein_coding,ARHGAP20
ENSG00000124795.17,14191.859807339137,-1.0754032985301796,0.3126080902552417,-3.4401006629486854,0.0005814978644634966,0.005096528512344424,protein_coding,DEK
ENSG00000166592.12,140.41515480348843,-3.3113500304062105,0.9633184449890294,-3.43744070056078,0.0005872392880986273,0.0051339173440682765,protein_coding,RRAD
ENSG00000244694.8,212.57001939387527,-3.9987620004160056,1.1640640923223646,-3.4351733953396675,0.0005921747939800718,0.0051624733996959845,protein_coding,PTCHD4
ENSG00000123384.14,32705.286421479406,-2.01251077580439,0.5872868349432817,-3.42679361439926,0.0006107530768411409,0.005292939802910958,protein_coding,LRP1
ENSG00000085999.13,993.0537322233835,-1.0814168253084186,0.3156342038950416,-3.426171219605921,0.0006121543658744432,0.005293547352743399,protein_coding,RAD54L
ENSG00000105270.15,1239.3338517944649,-1.876668945599669,0.5476818770797153,-3.426567546120426,0.0006112617120725929,0.005293547352743399,protein_coding,CLIP3
ENSG00000227471.9,136.7794006863212,-3.263469524634061,0.9531894843952566,-3.4237363903616105,0.0006176650508052272,0.005331263365647846,protein_coding,AKR1B15
ENSG00000213397.12,136.5347549065173,-1.4616518027667236,0.42697525854825885,-3.4232704905113853,0.0006187247568340074,0.005336450009329775,protein_coding,HAUS7
ENSG00000119326.15,3401.6856811670186,-1.7915273905671767,0.5237238365647076,-3.4207482369304545,0.0006244911426121475,0.005377435589045064,protein_coding,CTNNAL1
ENSG00000205060.11,1668.7432791850756,-1.2072401376376178,0.35292006929638703,-3.4207182947812504,0.0006245598957961882,0.005377435589045064,protein_coding,SLC35B4
ENSG00000127603.32,20577.196098612425,-1.2297538460637327,0.3595346366417384,-3.4204043803688715,0.0006252811303595156,0.0053812406542792885,protein_coding,MACF1
ENSG00000142798.20,20827.868606103122,-1.8639991852385853,0.5449853998050911,-3.420273618165233,0.0006255817918252543,0.0053812406542792885,protein_coding,HSPG2
ENSG00000187608.10,1569.7274824629121,-2.0299767252379133,0.5943440095787021,-3.415491184435176,0.0006366709026157561,0.0054632373122146995,protein_coding,ISG15
ENSG00000091436.17,5570.245332258311,-1.4962230607383955,0.4380945701452483,-3.4152969762723364,0.0006371250565347352,0.005465335307766068,protein_coding,MAP3K20
ENSG00000176624.12,2547.374864506006,-1.1257312019830144,0.329919680835915,-3.412137157537124,0.0006445567288955726,0.0055137925954324395,protein_coding,MEX3C
ENSG00000095303.17,855.2622121449747,-3.022609178031077,0.8860390706263991,-3.4113723403802005,0.0006463676044641578,0.005525887173791246,protein_coding,PTGS1
ENSG00000183570.17,480.74389467997014,-3.7489393075883775,1.100084711476746,-3.407864202162966,0.0006547346971217891,0.00558268969592114,protein_coding,PCBP3
ENSG00000105866.15,645.2095424751675,-1.1360884596267449,0.3334558208988925,-3.4070134285381677,0.0006567789561890727,0.0055959899064827135,protein_coding,SP4
ENSG00000253293.6,194.69543215858377,-3.2632248418798397,0.9582007386346252,-3.405575377169638,0.0006602478405809041,0.005622104279721643,protein_coding,HOXA10
ENSG00000205683.12,182.69428406494353,-2.86014636632407,0.8399421891694842,-3.4051705024510297,0.0006612275531693939,0.005627004026298761,protein_coding,DPF3
ENSG00000134333.14,63394.55844356283,-1.066731039995796,0.3134055500508546,-3.4036762904253086,0.0006648549474997619,0.00565441561827173,protein_coding,LDHA
ENSG00000128602.11,989.7531351400633,-3.096575423661959,0.9098313892241316,-3.403460751450438,0.000665379720799612,0.005657150246847281,protein_coding,SMO
ENSG00000185215.11,5457.425483616065,-2.635155963837404,0.774794919280032,-3.401101244037697,0.0006711496583630547,0.005701489147290804,protein_coding,TNFAIP2
ENSG00000205413.8,1155.726286828461,-2.244689616256426,0.6603163154569832,-3.3994156493058183,0.000675300059058658,0.00572749922119342,protein_coding,SAMD9
ENSG00000066279.19,8693.430820746364,-1.0759599728769782,0.31655684916758986,-3.398947063398869,0.0006764580785930099,0.0057355732792308935,protein_coding,ASPM
ENSG00000118971.9,159.35043970232067,-2.911959157830286,0.857511038652606,-3.3958270232950043,0.000684215846847529,0.005776724321068326,protein_coding,CCND2
ENSG00000164294.14,3827.8661362230587,-2.126463846987959,0.626236438770438,-3.395624584163595,0.0006847220440557836,0.005776724321068326,protein_coding,GPX8
ENSG00000180287.17,216.68704489619793,-4.543646648724254,1.3380181167894767,-3.3958035333830607,0.0006842745653143676,0.005776724321068326,protein_coding,PLD5
ENSG00000177602.5,452.91101553257613,-1.0627682361031412,0.31308706029138444,-3.394481506562559,0.0006875868373069934,0.005798142139738707,protein_coding,HASPIN
ENSG00000125885.13,1152.1911097451025,-1.0529442711930228,0.3103856716293946,-3.392373963867297,0.0006928980099350743,0.005834092257880438,protein_coding,MCM8
ENSG00000111145.8,1464.122554961478,-1.5010725208556366,0.44282470711432925,-3.38976686878514,0.0006995208495426947,0.005875637407323612,protein_coding,ELK3
ENSG00000169594.14,108.12910044830247,-3.6273209835830547,1.0703732442546487,-3.388837494820724,0.0007018959401517297,0.005888816487005184,protein_coding,BNC1
ENSG00000128606.13,1934.7352323368161,-2.973937823673841,0.8780637073185212,-3.386927165861136,0.0007068014922002754,0.005913118341798645,protein_coding,LRRC17
ENSG00000170175.11,494.25593075692325,-1.5332116974090697,0.4532450400814013,-3.3827434650662913,0.0007176563500601615,0.005990009643260767,protein_coding,CHRNB1
ENSG00000162630.6,188.68022201559003,-3.5716998062867593,1.05648899530294,-3.38072599162531,0.0007229459719479158,0.006026931439096191,protein_coding,B3GALT2
ENSG00000005884.18,15732.284830445335,-2.0160306275990414,0.5963812157093616,-3.3804395150190754,0.0007237000161314603,0.006031411272166266,protein_coding,ITGA3
ENSG00000151468.11,348.69771605767625,-3.9402574899056506,1.166855485093649,-3.376817043962745,0.0007332980809874155,0.006098621267512907,protein_coding,CCDC3
ENSG00000184220.12,2225.5658440631382,-1.0835382069980244,0.3209909976477666,-3.3756031008290908,0.0007365408940677709,0.006119124590312407,protein_coding,CMSS1
ENSG00000090776.6,982.2257532359752,-1.7448112042886266,0.5171613774131064,-3.373823492033278,0.0007413188553387607,0.006152460243652279,protein_coding,EFNB1
ENSG00000189056.15,1059.9805573617223,-2.8403757506024596,0.8419738011435819,-3.3734728405380516,0.00074226368611974,0.006158465563883482,protein_coding,RELN
ENSG00000178752.16,322.88300485745464,-2.228358929832579,0.6612887872934851,-3.369721326975436,0.0007524423721962295,0.006226214587530988,protein_coding,ERFE
ENSG00000111913.20,189.46875075263645,-3.3980975441372405,1.0085275962069766,-3.3693649602820197,0.000753415985027854,0.0062305666545559545,protein_coding,RIPOR2
ENSG00000178921.14,3274.784992720038,-1.363569692217833,0.404979723286461,-3.3670073186684384,0.0007598867167079154,0.006269081101462295,protein_coding,PFAS
ENSG00000109063.15,182.6970379622489,-1.7820409629465608,0.5295575280433806,-3.3651508449532956,0.0007650182271735123,0.006302174421900529,protein_coding,MYH3
ENSG00000162738.7,1001.9859652886411,-3.174607975471309,0.943561868995085,-3.3644937123755745,0.0007668423151811289,0.00631346426660216,protein_coding,VANGL2
ENSG00000108106.14,5947.968124808834,-1.048911200782583,0.3118870413241971,-3.3631124792141387,0.0007706895544115463,0.00633016064815574,protein_coding,UBE2S
ENSG00000152778.10,769.9037009298854,-1.4962741597472107,0.4459572289958934,-3.355196558011148,0.0007930861129429544,0.0064759005690466645,protein_coding,IFIT5
ENSG00000065618.21,197.4234081393628,-2.555552819946622,0.7617288957091358,-3.354937477549038,0.0007938292386999374,0.006480067650572275,protein_coding,COL17A1
ENSG00000213190.4,998.9312509441967,-2.3615894887480864,0.7040052695409162,-3.3545054148360074,0.000795069970644201,0.006484490976516842,protein_coding,MLLT11
ENSG00000197406.8,114.41176580126574,-4.522450700567648,1.3496528065009077,-3.350825248378133,0.00080571129852062,0.006557830323280695,protein_coding,DIO3
ENSG00000106066.15,553.8540271711269,-3.008352382592008,0.8984858019054607,-3.3482469908951873,0.0008132449844780687,0.006607556155263141,protein_coding,CPVL
ENSG00000172260.15,558.9500095501709,-3.213564115489183,0.9608643665766432,-3.344451337016933,0.0008244549188260968,0.006684977314431469,protein_coding,NEGR1
ENSG00000135314.13,190.82039341175823,-2.1070068718292534,0.6304286382008598,-3.3421814050870315,0.0008312271715136764,0.006732045256402298,protein_coding,KHDC1
ENSG00000115041.14,524.5482758306697,-1.846509305700354,0.5525721130472181,-3.3416621325994553,0.000832783636128274,0.006742689149292215,protein_coding,KCNIP3
ENSG00000146374.14,190.80850609333658,-14.40181727980523,4.314871708125117,-3.337716218233302,0.0008446997230011135,0.006831301093764391,protein_coding,RSPO3
ENSG00000151917.18,264.1813297676163,-2.208872524642232,0.6618801079936472,-3.3372698438361788,0.0008460576196498362,0.006836243802778763,protein_coding,BEND6
ENSG00000183621.15,298.07928832581086,-1.3190941463164285,0.3952600840254869,-3.337281449931007,0.0008460222876193725,0.006836243802778763,protein_coding,ZNF438
ENSG00000116819.9,108.78383645998854,-1.5480364713520662,0.4643694086398722,-3.3336314635501747,0.0008572015232469917,0.00690824018561183,protein_coding,TFAP2E
ENSG00000239697.12,149.0200924977656,-2.8699938366470934,0.8611398872937704,-3.332784695023678,0.0008598145213759542,0.006927292913754287,protein_coding,TNFSF12
ENSG00000079150.19,528.5270958817489,-1.6585840525353286,0.4977891102826351,-3.3319010365526402,0.0008625492306490357,0.006947314926026203,protein_coding,FKBP7
ENSG00000133818.14,2354.219813133743,-1.9651287579922512,0.5898651099210953,-3.3314883774955284,0.0008638290713695174,0.0069556106539317,protein_coding,RRAS2
ENSG00000165996.14,1182.8388246042398,-2.6134665392412915,0.7852349068428394,-3.3282607745357953,0.0008739002294500477,0.0070227878709469655,protein_coding,HACD1
ENSG00000184368.16,262.3532498461871,-2.7071672197172054,0.8139734827436529,-3.3258666002142747,0.000881441030088316,0.007070833577388578,protein_coding,MAP7D2
ENSG00000091409.16,4943.332944971581,-2.2639786973532092,0.6807767515853052,-3.3255816860389955,0.0008823424141404978,0.007076025191591731,protein_coding,ITGA6
ENSG00000138778.14,4055.8226959057083,-1.0541024958962173,0.3170275566244894,-3.324955430119828,0.0008843267066339901,0.007089895796619743,protein_coding,CENPE
ENSG00000162591.17,4858.306123495464,-1.7259172134411247,0.5195968454884892,-3.3216468275871387,0.0008948788522576708,0.007158002221679461,protein_coding,MEGF6
ENSG00000141458.13,5066.662908740026,-1.3861026206700435,0.41771122930412713,-3.3183274076188414,0.0009055826794220843,0.0072207961800037634,protein_coding,NPC1
ENSG00000175164.16,495.61383509045686,-3.8883357672935257,1.1724817769943912,-3.316329382330457,0.0009120826073409384,0.0072601462562031345,protein_coding,ABO
ENSG00000172164.15,1331.8189110557098,-3.0757089744112553,0.9279403655355566,-3.3145545647603374,0.0009178926338764805,0.007293879348154643,protein_coding,SNTB1
ENSG00000087086.15,47210.9244837034,-1.8155010775564175,0.5477716917999687,-3.314338993296114,0.0009186006576667931,0.0072941349537695745,protein_coding,FTL
ENSG00000137338.6,440.2740162869684,-1.479281300931646,0.44634541511192805,-3.3142074520037204,0.0009190329410052333,0.007294611048138487,protein_coding,PGBD1
ENSG00000165304.8,4176.898788603181,-1.0174871520014104,0.30706672611328933,-3.3135701965507596,0.000921129819581418,0.007307087391812012,protein_coding,MELK
ENSG00000078018.22,870.955423553446,-1.9550780746120187,0.5920519997360032,-3.302206690432244,0.0009592735515068288,0.007577281095273577,protein_coding,MAP2
ENSG00000007372.25,316.5411051504763,-2.963201262205401,0.8975973845514601,-3.301258797323866,0.0009625205505650186,0.007598616575589297,protein_coding,PAX6
ENSG00000147889.18,1587.6008396410814,-2.752762040662394,0.8342915265183393,-3.2995205550632942,0.0009685013459818421,0.00763886314245535,protein_coding,CDKN2A
ENSG00000170396.9,110.225151819739,-2.8609815182005756,0.8671724528025203,-3.2992071057544328,0.000969583491323109,0.007643536127009364,protein_coding,ZNF804A
ENSG00000010318.22,333.9412326032567,-1.0937970267096102,0.3317245185429763,-3.2973053409312714,0.0009761731441605987,0.007684602839608152,protein_coding,PHF7
ENSG00000186951.17,1418.0023855856448,-1.4218794355150592,0.4321547048429373,-3.290209315277103,0.0010011288074450047,0.007832327567183573,protein_coding,PPARA
ENSG00000118193.12,3162.9823848376855,-1.0435334910026353,0.3174211734507261,-3.287535861764511,0.001010683156842234,0.007895979891625155,protein_coding,KIF14
ENSG00000145220.14,1536.5657234226835,-1.1134312351300204,0.33893537004735297,-3.285084218193167,0.0010195189262318322,0.007944940882023875,protein_coding,LYAR
ENSG00000185274.12,227.87032751314624,-7.122730732337737,2.1688304687420406,-3.284134391780767,0.0010229612925435646,0.007962849703367636,protein_coding,GALNT17
ENSG00000035862.12,17060.85071599129,-2.068411976390934,0.6311468755055109,-3.2772276258743416,0.0010483181926810765,0.008121621266760491,protein_coding,TIMP2
ENSG00000110693.19,173.02447682468306,-2.41008703126367,0.7355133515326115,-3.2767413755871306,0.0010501251032517332,0.00812883269580513,protein_coding,SOX6
ENSG00000167695.15,1167.613125110288,-1.3310316032714677,0.4065214946157812,-3.274197357090493,0.001059625767158463,0.008188712619273453,protein_coding,TLCD3A
ENSG00000093144.19,2026.2872571914484,-1.990769781754019,0.6080326211448569,-3.2741167373645577,0.0010599281382679222,0.008188775924736576,protein_coding,ECHDC1
ENSG00000102781.14,1873.0786939341774,-1.5407323325291793,0.4706217283486421,-3.273823199654281,0.00106102975088378,0.008195012249056855,protein_coding,KATNAL1
ENSG00000152104.12,7226.123340673451,-1.4238896606578744,0.43518664065041884,-3.2719057242422824,0.0010682519099815485,0.008237080378461603,protein_coding,PTPN14
ENSG00000113389.16,6368.218726657137,-2.947667083651011,0.9013125776165696,-3.2704160097774517,0.0010738942709065994,0.00827142250275487,protein_coding,NPR3
ENSG00000107957.17,7424.7780065034085,-2.1736755200317592,0.6651224095887419,-3.2680834214799424,0.0010827844551974052,0.008328374715356444,protein_coding,SH3PXD2A
ENSG00000139514.13,9775.978257512956,-1.2093817968622915,0.3701659285327714,-3.2671342866587545,0.0010864213347714176,0.008354039854888723,protein_coding,SLC7A1
ENSG00000178999.13,3066.4452602682295,-1.0821344248301012,0.3316720210978776,-3.262664186288899,0.0011037021911128712,0.008438567157363462,protein_coding,AURKB
ENSG00000126787.13,4278.11368447949,-1.0094816666267297,0.30939140097814766,-3.2627980720706247,0.0011031809338095543,0.008438567157363462,protein_coding,DLGAP5
ENSG00000157483.9,3345.8114132901014,-1.322202267443733,0.4053429523666224,-3.2619347634489886,0.0011065460546282797,0.008455068892844577,protein_coding,MYO1E
ENSG00000174348.14,823.7905268537285,-4.14823767848214,1.2720132481358557,-3.261159177832001,0.00110957732848792,0.008466610338758153,protein_coding,PODN
ENSG00000132563.17,594.9235251526273,-2.362774066460277,0.7249597008480525,-3.259179873993439,0.0011173480111205721,0.00851106906455826,protein_coding,REEP2
ENSG00000158560.14,155.77605972157104,-3.0295059672262976,0.9309461179944177,-3.254222675908364,0.001137031159232403,0.008628789353433253,protein_coding,DYNC1I1
ENSG00000112531.17,5025.928503571095,-1.6293386574990125,0.5009827895090946,-3.252284692445376,0.001144812927839053,0.008680744390990978,protein_coding,QKI
ENSG00000162745.11,954.4178374933697,-3.1871842670894064,0.9801803969187166,-3.2516302887801065,0.0011474517151087292,0.008697752239901697,protein_coding,OLFML2B
ENSG00000060138.13,6970.5323353334015,-1.5894875473710137,0.48892973264529155,-3.2509529309483702,0.0011501889820404376,0.008704954397103084,protein_coding,YBX3
ENSG00000164116.17,2207.1957675738217,-3.7809644253160832,1.1630331709917738,-3.250951494437493,0.0011501947935243979,0.008704954397103084,protein_coding,GUCY1A1
ENSG00000123080.12,2276.2739495380656,-1.5558272189081461,0.47861151698747945,-3.250709946766381,0.0011511723739957601,0.008707617989822277,protein_coding,CDKN2C
ENSG00000092607.15,148.4686741042899,-2.3978847449196556,0.7379713522814312,-3.249292452215955,0.0011569246853039446,0.008732146296128146,protein_coding,TBX15
ENSG00000198838.14,187.48927310586154,-1.4990089033074396,0.461369874761472,-3.2490394048428635,0.0011579543629352288,0.008735180934055564,protein_coding,RYR3
ENSG00000164038.16,551.5377308984592,-2.1359277880008114,0.6575135751528612,-3.248492302998068,0.001160183476390492,0.008743531084430128,protein_coding,SLC9B2
ENSG00000110880.11,11974.155348206781,-1.0321652779642114,0.3180934443368322,-3.2448492615624036,0.0011751281134458678,0.008826461458682993,protein_coding,CORO1C
ENSG00000169504.15,25496.895864457438,-1.422960805091074,0.43884481387413415,-3.242514802736614,0.0011847979327546704,0.008874598664913561,protein_coding,CLIC4
ENSG00000079819.20,5191.235446205125,-1.7884356704336983,0.5519090914927144,-3.2404533608906987,0.0011933979288271343,0.00892515441881572,protein_coding,EPB41L2
ENSG00000196950.14,2557.73285551232,-1.1113274748754585,0.34305984243652654,-3.2394566119497883,0.0011975768528692573,0.00895159755007214,protein_coding,SLC39A10
ENSG00000198113.3,876.5180165370501,-2.4064735971433193,0.7436364266921659,-3.2360889149120418,0.0012117963109363951,0.009040050562701032,protein_coding,TOR4A
ENSG00000185112.6,999.639324488544,-1.9298356855390422,0.5966968793771968,-3.234197717865243,0.001219849749773389,0.00908636276015308,protein_coding,FAM43A
ENSG00000106538.10,112.83938499701614,-2.6635846205867706,0.8254864248632763,-3.2266849464277194,0.0012523326871291902,0.009283603909168612,protein_coding,RARRES2
ENSG00000182175.15,367.99407432024367,-2.8642733982850443,0.8880423822633182,-3.2253791660089295,0.001258059299032008,0.00932357258995074,protein_coding,RGMA
ENSG00000128683.14,227.39284501908512,-2.653639043018409,0.8229642729217875,-3.2244887540465617,0.0012619781311068343,0.009350125966859154,protein_coding,GAD1
ENSG00000139083.11,2192.282152362278,-1.2738613556023215,0.39545292683963285,-3.221271785197604,0.001276230582547093,0.009430738942289112,protein_coding,ETV6
ENSG00000169857.9,833.9167790550268,-1.1169270425038702,0.34689634240469525,-3.2197717472640397,0.001282927015425645,0.009465474393471004,protein_coding,AVEN
ENSG00000110876.10,129.42234056706963,-2.1661095006532753,0.6729128228328074,-3.219004642435635,0.0012863640263203698,0.009482846672842642,protein_coding,SELPLG
ENSG00000177706.9,2947.2201541099316,-2.0178162297722135,0.6269209942687893,-3.2186132674113077,0.001288120853432258,0.009493283578538611,protein_coding,FAM20C
ENSG00000188910.8,269.1259848906715,-2.9459979333721944,0.9159611731664304,-3.2162912792340657,0.0012985895576245587,0.009547685928694457,protein_coding,GJB3
ENSG00000142449.13,268.70485519011345,-2.9292316285201396,0.910948842868446,-3.2155830170401374,0.0013017983585625202,0.009561176545896125,protein_coding,FBN3
ENSG00000130402.14,43663.06801316979,-1.0023747784736126,0.31170406865497435,-3.2157898445115984,0.001300860565501911,0.009561176545896125,protein_coding,ACTN4
ENSG00000147912.13,262.7132187317239,-1.3625908402545035,0.42476211976390477,-3.207891610042514,0.001337118816221586,0.009769039204289781,protein_coding,FBXO10
ENSG00000132481.7,1248.3926946325676,-1.706896928396663,0.5322309331830718,-3.2070607361890047,0.0013409868070114108,0.00979472809235624,protein_coding,TRIM47
ENSG00000163328.14,807.2653083559909,-2.6197125510388504,0.8175953559665348,-3.2041676018840772,0.0013545359935309847,0.00987038322406505,protein_coding,GPR155
ENSG00000130203.10,236.84768674732462,-2.0721988097383033,0.6474543312688451,-3.20053277839276,0.0013717376588977097,0.009967029358673099,protein_coding,APOE
ENSG00000101665.10,1792.3369724305826,-1.6861314422461666,0.5275148296009052,-3.1963678509698394,0.0013916956025044178,0.010093600518841317,protein_coding,SMAD7
ENSG00000158186.13,1579.8577910132274,-1.9435204663960859,0.6081194032930866,-3.195952071043185,0.0013937026115230227,0.010102892159988245,protein_coding,MRAS
ENSG00000125249.7,2444.780937064565,-1.022774516011186,0.3205099959044705,-3.1910846122753336,0.0014173976408935387,0.010237332831321364,protein_coding,RAP2A
ENSG00000074657.14,4275.375265237189,-1.9823232231482755,0.6219113104261806,-3.187469322257281,0.001435236821800489,0.01034738465983901,protein_coding,ZNF532
ENSG00000006062.18,1041.0471956188305,-1.2177373952242918,0.38208788576051156,-3.1870609893859756,0.0014372646428197652,0.01035663955411105,protein_coding,MAP3K14
ENSG00000167996.16,12480.200783909218,-1.3335447393500586,0.41848057951139744,-3.1866347081316326,0.0014393844146613367,0.010365605361349678,protein_coding,FTH1
ENSG00000118523.6,34433.04176517048,-3.120701171813811,0.9803123219970039,-3.1833744224050964,0.0014556924144760346,0.010448853545475735,protein_coding,CCN2
ENSG00000183578.8,288.09130268454226,-2.8940615715240416,0.9099473741190872,-3.1804713699248373,0.0014703566743860677,0.010525048240149682,protein_coding,TNFAIP8L3
ENSG00000187688.15,621.2972149259766,-2.4583216652663813,0.7730633272828614,-3.1799744969235735,0.0014728801426506222,0.010539612249568822,protein_coding,TRPV2
ENSG00000182463.16,159.40298746482134,-3.5460189872148042,1.1158393689282944,-3.1778937775072147,0.0014834908980996691,0.010601913386265056,protein_coding,TSHZ2
ENSG00000128578.10,1037.6847940962643,-1.5043227450598375,0.47361979528431075,-3.1762243893475834,0.0014920549202769235,0.010646789891563214,protein_coding,STRIP2
ENSG00000058085.15,4622.3406755633705,-2.73680721594893,0.8617311199142894,-3.175941024644836,0.0014935131056494975,0.010654390263674887,protein_coding,LAMC2
ENSG00000139344.8,132.28979484248867,-2.7885268318843877,0.8780371661555365,-3.175864233736121,0.001493908495179373,0.010654480366849352,protein_coding,AMDHD1
ENSG00000153317.15,6817.812614420632,-1.1494798097198329,0.3619622286520223,-3.1756899442259265,0.0014948062541690567,0.010658152379879575,protein_coding,ASAP1
ENSG00000188610.12,431.44980431889246,-1.1286448163228473,0.35549611249017,-3.174844327880115,0.0014991690538943565,0.01068378642708738,protein_coding,FAM72B
ENSG00000157470.12,280.89924818044227,-1.7973763337236863,0.5661825801071193,-3.1745525151685707,0.0015006773277325524,0.010689061948506481,protein_coding,FAM81A
ENSG00000160097.20,142.51483902984216,-1.9693917136490622,0.6204084242765356,-3.1743471503398575,0.0015017396218621483,0.010693892073204083,protein_coding,FNDC5
ENSG00000146733.14,1945.6004570498644,-1.3124560021326743,0.41346799327271416,-3.174262635770716,0.0015021769929855757,0.010694270786891684,protein_coding,PSPH
ENSG00000183421.12,2403.1888371746654,-2.1659784550671253,0.6827645559386009,-3.1723651092132936,0.0015120278262460228,0.010753399737195782,protein_coding,RIPK4
ENSG00000128567.17,4633.300559441787,-2.0438841057183215,0.6443603638744057,-3.171958146880526,0.0015141482684322555,0.010765729553021778,protein_coding,PODXL
ENSG00000132432.14,8984.705435498285,-1.6178240464351559,0.5101092600003534,-3.1715245601188164,0.0015164104486132186,0.010779060584166894,protein_coding,SEC61G
ENSG00000109861.17,6680.875494017415,-1.8867332397806702,0.5949260023696735,-3.1713746453601757,0.0015171933325845912,0.010781872250657309,protein_coding,CTSC
ENSG00000143341.12,2602.911225707456,-3.349009254184836,1.0560943815212862,-3.171126854553136,0.0015184881606019147,0.010788319662714369,protein_coding,HMCN1
ENSG00000142910.16,4794.096384018993,-3.2286471299829453,1.0184462653714332,-3.1701693449731874,0.0015235011881474993,0.010818413028896376,protein_coding,TINAGL1
ENSG00000164362.21,117.8434088039921,-2.1351202212569795,0.674870978565281,-3.1637457959683877,0.001557527703816448,0.011006687271752894,protein_coding,TERT
ENSG00000196368.5,202.1758367347505,-3.357534650512726,1.0617290469612684,-3.162327205912083,0.0015651359158030409,0.01103523894434991,protein_coding,NUDT11
ENSG00000163069.13,3222.04998907451,-1.8939977967958104,0.5991211951568642,-3.161293261040308,0.0015707027348829572,0.011066079809719565,protein_coding,SGCB
ENSG00000100320.24,8425.888359054516,-1.029696625337952,0.3257593184132429,-3.1609122660053193,0.0015727586266515775,0.011077021720597715,protein_coding,RBFOX2
ENSG00000110492.17,6676.982760847407,-2.400628250137436,0.760281961921216,-3.157549922756421,0.0015910099160468417,0.011180851306003506,protein_coding,MDK
ENSG00000139971.15,240.865958853586,-2.4296365773619764,0.7707617090164901,-3.152253866454068,0.0016201534729919102,0.011354126906898996,protein_coding,ARMH4
ENSG00000164733.22,34372.75865461498,-1.4793423622718302,0.46951955964204306,-3.150757688134794,0.0016284753222531726,0.011403833728362091,protein_coding,CTSB
ENSG00000165655.17,1028.7468417741804,-2.300666022821051,0.7304438410964702,-3.1496822799785926,0.0016344810981286212,0.011438867610549776,protein_coding,ZNF503
ENSG00000175556.17,246.39534286059032,-2.834130725944431,0.8998783890158264,-3.1494597053764632,0.0016357266420045805,0.011438867610549776,protein_coding,LONRF3
ENSG00000156509.14,173.44299854256258,-1.8617021204893507,0.5912334649183134,-3.148844290717829,0.0016391750956676451,0.011458583114767598,protein_coding,FBXO43
ENSG00000163378.14,1240.5492916014773,-1.058348807694413,0.33623775032457864,-3.147620416424874,0.0016460529207722428,0.011495115178779767,protein_coding,EOGT
ENSG00000077420.16,109.79894198088031,-2.811573475163483,0.8932795387458319,-3.1474732748395238,0.001646881600421835,0.011498017614582945,protein_coding,APBB1IP
ENSG00000146592.17,644.8918375205691,-2.669406173088352,0.8481901087364034,-3.147179088264914,0.0016485395668473278,0.01150382235717278,protein_coding,CREB5
ENSG00000105825.14,13520.364324790784,-3.010371972236129,0.9568543695434297,-3.146113001158735,0.0016545606593279289,0.011531384705321038,protein_coding,TFPI2
ENSG00000152894.15,7850.319921375988,-1.1674246199742269,0.37139539547808276,-3.1433470478853054,0.0016702768060317822,0.011620551155386325,protein_coding,PTPRK
ENSG00000125966.10,176.29320699315517,-1.5507024109472758,0.49350259710141847,-3.142237589133892,0.0016766192545026968,0.011653027108199017,protein_coding,MMP24
ENSG00000147202.19,813.0887546841305,-1.5662452997022547,0.4993047511421074,-3.136852385481277,0.0017077208273905285,0.011804349876146697,protein_coding,DIAPH2
ENSG00000107551.21,262.1151566510731,-1.6378752670308903,0.5229507977096869,-3.131987319273863,0.0017362737428376377,0.011957178601095618,protein_coding,RASSF4
ENSG00000142920.17,429.95653477717065,-1.7942217452939277,0.5728622702414186,-3.1320298761128007,0.0017360220862103544,0.011957178601095618,protein_coding,AZIN2
ENSG00000225614.4,1256.4805096141415,-2.602087040338636,0.8327010710324567,-3.1248753374513343,0.0017788042697882583,0.01221381244544301,protein_coding,ZNF469
ENSG00000068028.18,2088.145611464316,-1.3194462474635802,0.42230995991029363,-3.124355029997054,0.00178195306094087,0.012226385359711623,protein_coding,RASSF1
ENSG00000106991.14,3742.5704480367904,-2.2176685272079464,0.710019033374926,-3.1233930683051208,0.001787788147360429,0.01226339844009978,protein_coding,ENG
ENSG00000112029.10,1718.6103885442828,-1.0316589668625364,0.3304878042781123,-3.121624923848549,0.0017985592247027231,0.012325134066672823,protein_coding,FBXO5
ENSG00000196526.11,1635.2418685390521,-1.4922841461660459,0.4782427895589009,-3.120348447997363,0.0018063722215728912,0.012351308562933677,protein_coding,AFAP1
ENSG00000160999.11,339.1206000073961,-1.685079067577759,0.5406162019968564,-3.1169599826154624,0.0018272637381831778,0.012466596425506602,protein_coding,SH2B2
ENSG00000166949.17,6345.0594023007925,-1.5705311579094565,0.5038882221690328,-3.1168245035554945,0.0018281036294127888,0.01246927043085871,protein_coding,SMAD3
ENSG00000186889.10,160.10931900662837,-1.023763251001053,0.32848576874872104,-3.116613711762328,0.0018294111210874014,0.012475131789953187,protein_coding,TMEM17
ENSG00000148400.13,5070.441166158776,-1.6255734465011402,0.5217746547992004,-3.115470311847028,0.0018365183448409315,0.01251746440915577,protein_coding,NOTCH1
ENSG00000132274.17,1527.2636427997913,-2.8977007031199187,0.930505174463111,-3.114115625194511,0.0018449717314921068,0.012562777181461421,protein_coding,TRIM22
ENSG00000180667.11,1306.1175610886605,-1.5457820080044353,0.4966745409545122,-3.1122634251269288,0.0018565875149622309,0.012611022466200258,protein_coding,YOD1
ENSG00000240445.6,284.13043316007645,-1.209538990025083,0.38890221667257263,-3.1101365283382454,0.0018700088676838385,0.012686510524977695,protein_coding,FOXO3B
ENSG00000196924.19,133200.33677922297,-1.639641741248985,0.5276395097132305,-3.107503723783161,0.0018867460844633373,0.01277224319239335,protein_coding,FLNA
ENSG00000100422.14,3337.029094480637,-1.2369840242971955,0.3986570054435278,-3.102877931170388,0.0019164867204604212,0.01292641733722711,protein_coding,CERK
ENSG00000185222.10,2450.927293622383,-2.5043964272595955,0.8072698985001524,-3.102303742419454,0.0019202082397356006,0.012948380949922523,protein_coding,TCEAL9
ENSG00000153253.20,350.20438146519257,-2.799789619275176,0.9026186266829029,-3.101852251337114,0.001923139171534909,0.012965004112096326,protein_coding,SCN3A
ENSG00000134531.10,6956.751600588152,-2.553418942937266,0.823216769319525,-3.101757687769085,0.0019237535672335438,0.012966005883175043,protein_coding,EMP1
ENSG00000072786.13,3602.1499926505658,-1.149818447093233,0.37100329470937804,-3.099213574353653,0.0019403509148586252,0.013046282141547027,protein_coding,STK10
ENSG00000147437.10,106.99540005075691,-1.4378435900096938,0.4642077833456223,-3.097413790968598,0.001952171677899244,0.01310992782291999,protein_coding,GNRH1
ENSG00000117632.23,16715.821091989215,-1.0841271455775128,0.3501625379927332,-3.0960683338433284,0.001961051626740322,0.01314778045971514,protein_coding,STMN1
ENSG00000175315.3,523.6896255897847,-3.3617831491682644,1.085826640853115,-3.0960588207036164,0.0019611145447886646,0.01314778045971514,protein_coding,CST6
ENSG00000185567.7,5703.920169813587,-2.2935543747468694,0.7410131691993329,-3.0951600728298287,0.0019670670522690128,0.013170447653546935,protein_coding,AHNAK2
ENSG00000113580.15,5114.655595239069,-1.8390057989175221,0.5944833811432045,-3.0934519908379503,0.001978425606743405,0.01322243822072255,protein_coding,NR3C1
ENSG00000152465.18,1662.7214554292677,-1.3639164990210195,0.44109151280372944,-3.092139520779933,0.0019871942548945276,0.01326829917947807,protein_coding,NMT2
ENSG00000197321.16,3716.5000471462527,-1.3878274744538894,0.4488572396735707,-3.0919128662449125,0.0019887121470932214,0.013275249718581992,protein_coding,SVIL
ENSG00000253873.6,108.83959843705912,-2.5672701611575035,0.8304783490615104,-3.091314980166154,0.0019927212627470735,0.013298822601253304,protein_coding,PCDHGA11
ENSG00000174791.11,675.7296890391151,-1.65348490780871,0.5349515357212434,-3.090905993155837,0.0019954679899159915,0.013307581927959162,protein_coding,RIN1
ENSG00000117143.14,8414.429427936257,-1.3021549909237207,0.4219113482990316,-3.0863236937651943,0.00202648083556387,0.013456374174321538,protein_coding,UAP1
ENSG00000267534.4,449.32317689178143,-1.257632766147786,0.4077681634314943,-3.0841857676293807,0.0020411010253545184,0.013540535782118297,protein_coding,S1PR2
ENSG00000139874.6,280.1914081480041,-3.300110186721575,1.070559755894449,-3.0826025063536453,0.0020519904481368302,0.013582411984574745,protein_coding,SSTR1
ENSG00000088832.18,11391.490378529517,-1.023072640110853,0.3318924218463647,-3.082542934904493,0.0020524012097611856,0.013582411984574745,protein_coding,FKBP1A
ENSG00000165895.19,505.26073953049723,-1.8424423375884385,0.5980606888151326,-3.080694605155629,0.002065183497045923,0.01364825446908127,protein_coding,ARHGAP42
ENSG00000161011.20,17131.649188032876,-1.3894923735344078,0.4510318532778819,-3.0806967699426275,0.0020651684836488693,0.01364825446908127,protein_coding,SQSTM1
ENSG00000137142.5,201.91974367799963,-2.7910311835430544,0.9061348888631857,-3.0801497854746684,0.0020689651574780695,0.013663514620061577,protein_coding,IGFBPL1
ENSG00000135253.16,146.69872337744192,-1.7464334218591528,0.5681674848705444,-3.0738003640899545,0.0021135081137587477,0.013916478309257437,protein_coding,KCP
ENSG00000135116.9,148.0415027245821,-3.1014532066454086,1.0099322182280135,-3.0709518427752447,0.002133775628431525,0.014024251606156715,protein_coding,HRK
ENSG00000125378.16,1177.4994499644836,-2.5544491345194325,0.8323615493244376,-3.068917751658132,0.002148357289423794,0.01409419597181257,protein_coding,BMP4
ENSG00000250565.7,338.31345382084265,-1.0708168914095426,0.3493245195368219,-3.065392869728599,0.002173842399663139,0.014234551173141175,protein_coding,ATP6V1E2
ENSG00000058668.16,12833.98717273473,-1.4124366134641715,0.46093678466307497,-3.0642740186088684,0.0021819895215058616,0.01427782330057291,protein_coding,ATP2B4
ENSG00000108797.12,1860.81208016757,-1.6553510540405816,0.5407770919979366,-3.0610598683549592,0.002205549893459157,0.01439476830816626,protein_coding,CNTNAP1
ENSG00000204642.14,646.3616634264733,-2.2255412271894413,0.727097702150447,-3.060855811546692,0.0022070535136183055,0.014398906447543384,protein_coding,HLA-F
ENSG00000121281.13,819.6628949075558,-2.0824721167457665,0.6808435617260911,-3.058664624023517,0.00222325888815816,0.01448996357077278,protein_coding,ADCY7
ENSG00000171462.15,149.7249432248178,-1.2770384505618955,0.41759788552095495,-3.0580577508642914,0.002227766385132988,0.014514181854784017,protein_coding,DLK2
ENSG00000137124.8,2547.13372412836,-1.1976242121402842,0.39194637268473487,-3.055581823444001,0.0022462430299679042,0.014626063387645983,protein_coding,ALDH1B1
ENSG00000196141.14,2983.646161147595,-1.9675851870778283,0.6441084663023778,-3.0547420038943285,0.002252542016672019,0.01466021968110412,protein_coding,SPATS2L
ENSG00000105877.19,308.91648031781426,-2.5873801634240925,0.8473899893561004,-3.0533522887025666,0.0022630010018923467,0.014707657223599197,protein_coding,DNAH11
ENSG00000163814.8,5024.272103781685,-2.3561064300654944,0.7724973084263205,-3.049986588128308,0.002288515856216444,0.014835381316637388,protein_coding,CDCP1
ENSG00000133805.16,457.21251031111206,-1.555412689074929,0.5103458478174158,-3.047762014184942,0.0023055243660269824,0.014921315101773329,protein_coding,AMPD3
ENSG00000135074.16,5316.58683212005,-2.9266848374822865,0.9605260428258072,-3.046960422720204,0.0023116814467328823,0.014941958697076168,protein_coding,ADAM19
ENSG00000136842.14,199.2767356757382,-2.2977028412332694,0.7541133199309652,-3.046893325586148,0.0023121975070081523,0.014941958697076168,protein_coding,TMOD1
ENSG00000221852.5,180.54295548206917,-3.5311770492472045,1.159152527413036,-3.0463437431551705,0.002316428451609202,0.014957110271165332,protein_coding,KRTAP1-5
ENSG00000169432.19,1797.7055789161345,-2.6636234862006782,0.8746034170773093,-3.045521472008188,0.002322771924282511,0.01498764007518034,protein_coding,SCN9A
ENSG00000135736.6,434.7046345705699,-1.2934368800495761,0.4250439811617423,-3.0430659822880393,0.002341809792788038,0.015082512122176732,protein_coding,CCDC102A
ENSG00000106123.12,1810.5973051825551,-2.913382091042257,0.9574808536214272,-3.0427575444700876,0.002344211243314262,0.015094486275479019,protein_coding,EPHB6
ENSG00000090530.10,4020.392176152116,-3.204125943875705,1.0530580792020534,-3.0426868253112938,0.0023447621697579558,0.015094542034547284,protein_coding,P3H2
ENSG00000108821.14,420271.57489204576,-2.205511177106742,0.7251215617976391,-3.0415743970419102,0.0023534439819108193,0.015132932936121406,protein_coding,COL1A1
ENSG00000176678.6,257.3987707885151,-3.3094849690265282,1.0881505298293235,-3.041385248000221,0.002354923097284989,0.015138946728874125,protein_coding,FOXL1
ENSG00000166130.15,2386.1488501484987,-1.38347537939458,0.45518353235225273,-3.0393792416988195,0.002370662212706319,0.015215109731604344,protein_coding,IKBIP
ENSG00000100473.18,351.53349297765845,-2.5982482610026842,0.8550618409618501,-3.0386670724072333,0.0023762730143178095,0.015233978725598927,protein_coding,COCH
ENSG00000213465.8,700.6765776972065,-1.0615916461012354,0.34937549349889424,-3.0385406700100885,0.0023772701408103195,0.015236861993920344,protein_coding,ARL2
ENSG00000167693.17,2115.0835046193865,-2.1641576597780956,0.71313195775691,-3.034722587086479,0.0024075702567935672,0.015388239246317714,protein_coding,NXN
ENSG00000034053.15,787.4893789992442,-2.76652081905964,0.9118185966402986,-3.0340693085809027,0.002412789920361278,0.015400692552895329,protein_coding,APBA2
ENSG00000186522.15,3397.1271424346464,-1.135362319901807,0.37475595746910123,-3.0296044593111455,0.0024487420650864703,0.015590847237819531,protein_coding,SEPTIN10
ENSG00000138670.19,361.3522800302428,-2.7746442628476444,0.916014308893264,-3.029040306368131,0.002453319492299903,0.01560928031717945,protein_coding,RASGEF1B
ENSG00000142089.17,6154.085344917193,-2.3373850423582887,0.7729757816102452,-3.02387875269404,0.0024955643221422296,0.015816825254889623,protein_coding,IFITM3
ENSG00000120896.14,2273.9031036221395,-1.8722629235426593,0.6193498751400583,-3.0229487381736697,0.0025032464287085203,0.015854463615365272,protein_coding,SORBS3
ENSG00000010818.11,2964.1256333122788,-1.1968034147666473,0.39636917556332035,-3.0194159600472177,0.002532625463734625,0.01601039320129359,protein_coding,HIVEP2
ENSG00000197380.11,140.25122047669882,-1.8448699234377801,0.6117661705175458,-3.0156455396627204,0.002564328400448647,0.016164723200493985,protein_coding,DACT3
ENSG00000172817.4,241.6893662010059,-3.429128599366336,1.1381429152430267,-3.01291564832534,0.0025875082765467274,0.016288077880134488,protein_coding,CYP7B1
ENSG00000148484.18,5118.312470069855,-1.0194970164005772,0.33875509398051656,-3.009540032065801,0.002616435961890457,0.016414585464269858,protein_coding,RSU1
ENSG00000137267.7,2167.0234055319934,-1.3296873995117349,0.4418831555081052,-3.0091380106643264,0.002619900756494504,0.01642779556224155,protein_coding,TUBB2A
ENSG00000101311.17,1011.6826513854169,-2.4726833198982567,0.822226609648132,-3.0073015040907394,0.0026357819747445214,0.016509817067729183,protein_coding,FERMT1
ENSG00000137331.12,5727.868189329976,-1.3408926438429962,0.44610437031384503,-3.0057823529046495,0.0026489853073013653,0.01658132389568351,protein_coding,IER3
ENSG00000118508.5,1778.7573136561807,-1.7664374728713619,0.5886810548410987,-3.0006698166092205,0.002693864973461628,0.01680556373852037,protein_coding,RAB32
ENSG00000184985.16,797.0703334447563,-2.912947312777069,0.9718501449245219,-2.997321477997311,0.0027236332863071386,0.016957069147315033,protein_coding,SORCS2
ENSG00000135363.12,148.44221244920817,-2.674630141744998,0.892839636046941,-2.995644496235581,0.002738655129016107,0.017016340216806328,protein_coding,LMO2
ENSG00000102024.19,12569.54178248963,-2.1543575666340984,0.7192116459613419,-2.995443105978149,0.0027404641972657894,0.01702378071749398,protein_coding,PLS3
ENSG00000122691.13,550.3579073476903,-2.9744159981645546,0.9938276013856981,-2.992889303957058,0.0027634996325932087,0.017140101553668574,protein_coding,TWIST1
ENSG00000283154.3,209.45817243386264,-1.6736080436482517,0.5593731913088407,-2.9919346683960413,0.002772155815547852,0.01717150437591042,protein_coding,IQCJ-SCHIP1
ENSG00000144959.11,3383.1755588577294,-1.8235503062954233,0.6100489516311782,-2.989186853644329,0.0027972101176338294,0.017306766133464165,protein_coding,NCEH1
ENSG00000158156.9,526.8430187530074,-1.1161460153203462,0.37375267359775244,-2.986322491224737,0.0028235470816689225,0.017438707913320643,protein_coding,XKR8
ENSG00000204525.18,21810.45322741705,-1.2646650976939662,0.42398730066903434,-2.9827900404054017,0.002856338665728344,0.017615460270446675,protein_coding,HLA-C
ENSG00000167994.13,482.1665525968449,-1.858027792640132,0.622976635662723,-2.982499962721011,0.0028590468322257216,0.017622769623967048,protein_coding,RAB3IL1
ENSG00000100292.18,2677.032773248347,-1.9935267225924767,0.6685657606807273,-2.9817960174369187,0.0028656286181438645,0.017647707569613407,protein_coding,HMOX1
ENSG00000071575.12,2197.836450110589,-2.0173573398237963,0.6767116592953945,-2.9811180465315297,0.0028719806208900344,0.017679003220498674,protein_coding,TRIB2
ENSG00000051128.19,1253.9696653603296,-1.189409882872892,0.3990342375609249,-2.9807213790553297,0.0028757030106486936,0.017692521645879245,protein_coding,HOMER3
ENSG00000130635.17,30755.42696525988,-2.8069553532683025,0.9419479472744104,-2.979947417891207,0.002882978666624647,0.017723187757103284,protein_coding,COL5A1
ENSG00000137801.11,149725.0249121034,-2.179084427451625,0.7312695149247732,-2.9798649922878164,0.0028837545013715013,0.017724042901341823,protein_coding,THBS1
ENSG00000147119.4,208.18292759282357,-1.6938507412668344,0.5688314264692192,-2.977772785481803,0.002903511420644424,0.01782186194157843,protein_coding,CHST7
ENSG00000186310.10,143.57320041372327,-3.339309969838645,1.1222599604953023,-2.9755226840355795,0.0029248971750532814,0.017933356335855317,protein_coding,NAP1L3
ENSG00000253276.5,1555.5361450640623,-1.4830141271196362,0.4988964002821178,-2.9725893517792787,0.002952992444237526,0.01806582366544962,protein_coding,CCDC71L
ENSG00000049239.13,4222.8582055086135,-1.1248540267504814,0.37872779633765447,-2.9700857386966617,0.002977166439723383,0.018169788427130035,protein_coding,H6PD
ENSG00000183087.15,11710.313165514737,-1.7899475642931038,0.6027169524358513,-2.969797940905955,0.002979956852480132,0.018178847018548532,protein_coding,GAS6
ENSG00000101871.17,1827.400336754428,-2.294534504751001,0.7733295367965556,-2.967085046635996,0.0030063778731852777,0.01827993326299375,protein_coding,MID1
ENSG00000169252.6,216.80790878165234,-3.129072768823767,1.055614675793845,-2.9642187064807874,0.0030345253319891807,0.01843095071814332,protein_coding,ADRB2
ENSG00000137434.12,103.68327065831471,-1.823283964830442,0.615252594857529,-2.9634722064888663,0.003041895308280639,0.018455579294093256,protein_coding,C6orf52
ENSG00000115353.11,103.31697182176023,-2.8345855883036344,0.956760942508362,-2.962689489468641,0.0030496403744414667,0.018494507508268556,protein_coding,TACR1
ENSG00000163577.8,735.9220405596777,-1.8717785406533622,0.632189470582627,-2.9607872762074443,0.0030685379957309015,0.018548495906441993,protein_coding,EIF5A2
ENSG00000162366.8,324.5096823941244,-3.1029202555459277,1.0481834913804473,-2.9602834628309327,0.0030735610079992027,0.018558708073463298,protein_coding,PDZK1IP1
ENSG00000134516.20,212.94679479458947,-2.5103050282536534,0.8484954170984806,-2.958536932159169,0.0030910319999158625,0.018656107274427135,protein_coding,DOCK2
ENSG00000161791.14,1059.540088988214,-1.006578362831368,0.3405107380404331,-2.956084053689503,0.0031157216816509316,0.018763975508541114,protein_coding,FMNL3
ENSG00000184271.18,183.746753143534,-1.574858014810548,0.5330011649457477,-2.9546990107814253,0.0031297422596830607,0.01882037276745251,protein_coding,POU6F1
ENSG00000116670.16,2035.7110859848235,-1.0159955489756163,0.3440805765789836,-2.9527837899980813,0.003149224511430072,0.018904855186579143,protein_coding,MAD2L2
ENSG00000131773.15,510.53440918892824,-2.147519405297363,0.7274233811964169,-2.9522276308540816,0.0031549026203761886,0.01892442557680533,protein_coding,KHDRBS3
ENSG00000144354.15,2098.2629724847725,-1.5880414457606862,0.5379628039153516,-2.9519539905040806,0.0031576997765451853,0.01893326633465521,protein_coding,CDCA7
ENSG00000233276.9,898.1686817732923,-2.729367148357766,0.9246180728069749,-2.9518860042091712,0.00315839508407166,0.01893326633465521,protein_coding,GPX1
ENSG00000154240.17,268.7308651171911,-2.0602349819731556,0.6980659194292006,-2.951347322123651,0.0031639092138670707,0.018956215427723588,protein_coding,CEP112
ENSG00000105185.12,5632.179659989948,-1.0423663290307068,0.35327230360586653,-2.950603028856851,0.003171542486845241,0.01898560358361809,protein_coding,PDCD5
ENSG00000275004.4,126.97922246176546,-3.1515196823771645,1.0680748973031047,-2.950654200688332,0.0031710171453436897,0.01898560358361809,protein_coding,ZNF280B
ENSG00000112293.15,139.3199271175283,-1.666639712862409,0.5648980574608841,-2.9503371287089517,0.0031742735546817684,0.01899378303270028,protein_coding,GPLD1
ENSG00000176697.20,1297.6695419876678,-2.6188822069818736,0.8877616741101231,-2.94998340585833,0.0031779099743313795,0.019011455414891097,protein_coding,BDNF
ENSG00000131873.7,3745.2463576872465,-1.0207664170827886,0.3462800032679743,-2.9478064209582793,0.0032003740116025923,0.01912787493720257,protein_coding,CHSY1
ENSG00000147872.10,3236.3460120272634,-2.2070053480322915,0.7495938902166582,-2.9442680587943317,0.0032371948585327224,0.01928736217511063,protein_coding,PLIN2
ENSG00000164136.17,242.3652728000407,-1.9821272705481925,0.673288133250578,-2.943950996104224,0.0032405130428454845,0.019290616137862898,protein_coding,IL15
ENSG00000018510.18,2904.869174053346,-1.6403074113515554,0.5571701580330332,-2.9439972469851945,0.003240028816417059,0.019290616137862898,protein_coding,AGPS
ENSG00000068024.18,1367.0749378475148,-1.4314113235080708,0.4865202027328299,-2.94214159138243,0.0032595085433604187,0.019362287625476017,protein_coding,HDAC4
ENSG00000197329.12,883.1418708896225,-1.4630810284775948,0.49733680857350093,-2.9418313771589006,0.0032627754042253688,0.01937342494710268,protein_coding,PELI1
ENSG00000184838.15,664.6512628050957,-3.4062444199841604,1.1584048813447507,-2.940461038138905,0.0032772421437199913,0.019446879623233784,protein_coding,PRR16
ENSG00000134955.12,155.89387689202513,-1.8853936538695386,0.641700857869021,-2.9381192665545273,0.0033020996582482816,0.019565605671251953,protein_coding,SLC37A2
ENSG00000146233.8,142.76639682273355,-2.3126161025014143,0.7871270896568093,-2.9380466418831097,0.0033028732953446233,0.019565605671251953,protein_coding,CYP39A1
ENSG00000241852.11,292.1649233178324,-1.2135080423864975,0.4130796447983191,-2.9377096104044957,0.0033064656974029325,0.019577651367846755,protein_coding,C8orf58
ENSG00000153208.18,128.569366321323,-2.0798830604285703,0.7088535910606562,-2.934150417883114,0.0033446207856475773,0.019762441984565053,protein_coding,MERTK
ENSG00000167733.14,194.67962791347958,-1.1541869283482558,0.39347628960956965,-2.9333074414560225,0.0033537161525355875,0.019799372814842123,protein_coding,HSD11B1L
ENSG00000127824.15,2114.741535788984,-1.524195302574222,0.5197059108597244,-2.9328034773605314,0.0033591644686454037,0.019823129563115,protein_coding,TUBA4A
ENSG00000138031.15,2079.3227953349424,-1.1661594984965826,0.397981664399785,-2.9301839828609264,0.003387613659313417,0.01993607057518991,protein_coding,ADCY3
ENSG00000074590.14,1523.5900331901707,-1.5592956371281312,0.5326870521190232,-2.927226466131043,0.0034199974987500483,0.020092665760913116,protein_coding,NUAK1
ENSG00000118276.12,456.0401632684501,-1.851033641297765,0.6326943256865155,-2.925636545403296,0.0034375228452115615,0.020170085564778464,protein_coding,B4GALT6
ENSG00000008311.16,567.4145235925845,-2.4060949567309096,0.8233564903230401,-2.9223003462168484,0.003474563047916628,0.020357385182447327,protein_coding,AASS
ENSG00000204264.12,1963.6677686207358,-1.9260888293008551,0.6593943275054955,-2.9209969648772915,0.003489132265884081,0.020438443971622325,protein_coding,PSMB8
ENSG00000149591.17,22247.228895696648,-1.9014847493975522,0.6516283512952477,-2.9180509804675525,0.0035222675784805034,0.020584891940916082,protein_coding,TAGLN
ENSG00000119737.6,217.2815309016977,-1.2535609983360059,0.42971612719871544,-2.917183970980722,0.0035320737598044847,0.02063353728812542,protein_coding,GPR75
ENSG00000144278.15,151.66817595985825,-2.9701383259831355,1.0187526573197503,-2.9154655986835034,0.0035515825906771484,0.020708389818619416,protein_coding,GALNT13
ENSG00000175414.7,885.6175569834517,-2.089053613075809,0.7165772409677289,-2.9153223039215805,0.003553213848665359,0.02071356244847098,protein_coding,ARL10
ENSG00000091622.16,1350.901473649259,-1.2504103783667406,0.4289589215120335,-2.914988628652786,0.003557015027570244,0.02072959778565117,protein_coding,PITPNM3
ENSG00000153993.14,421.5496919532693,-3.219610364143817,1.1047015718064468,-2.9144616485690316,0.0035630258415284438,0.020754410831188324,protein_coding,SEMA3D
ENSG00000288558.3,246.2667152264275,-1.0002019389118408,0.343479407104536,-2.9119706108245236,0.0035915642584409264,0.020892379619774814,protein_coding,DUS4L-BCAP29
ENSG00000143179.16,4798.831577675719,-1.2900038345600036,0.44300796742137016,-2.911920167189696,0.0035921443045064754,0.020892379619774814,protein_coding,UCK2
ENSG00000198959.12,4859.541815945706,-2.8044739750936536,0.9632396846046974,-2.911501695701603,0.003596959550758222,0.020911647045719687,protein_coding,TGM2
ENSG00000039560.14,6792.695658324512,-1.6703980657930029,0.5739890259638754,-2.910156797837684,0.003612474734026676,0.020984316923281836,protein_coding,RAI14
ENSG00000138772.13,1849.9809111896004,-2.057913754535534,0.7071842469440895,-2.9100107410880067,0.0036141633514880727,0.020989745681623616,protein_coding,ANXA3
ENSG00000139263.12,869.2452497309424,-1.677680290224457,0.5770376011869578,-2.9074020250560686,0.0036444448764368764,0.021117145624583035,protein_coding,LRIG3
ENSG00000166833.23,4940.513306170221,-2.167491917748355,0.7461111598575374,-2.9050522688364784,0.0036719177502478424,0.021224398729317428,protein_coding,NAV2
ENSG00000172061.9,594.7392215136454,-2.4049669573939454,0.8290881741726766,-2.9007372584873656,0.0037228588677312648,0.02143762917711367,protein_coding,LRRC15
ENSG00000205420.11,208.40692014551365,-2.2453453823514304,0.7741812222183062,-2.900283961832234,0.0037282474083441823,0.021459779747450093,protein_coding,KRT6A
ENSG00000163399.16,17126.01553534301,-1.2601158629011684,0.4346361576991266,-2.89924305785317,0.0037406479431420273,0.021515304452804324,protein_coding,ATP1A1
ENSG00000172175.16,2453.7514660222996,-1.2753128266980054,0.4411687761916301,-2.890759490522169,0.0038431211029444847,0.021998173765486875,protein_coding,MALT1
ENSG00000186470.14,1250.7446674526307,-1.669243251350017,0.5776206353731907,-2.889860834475811,0.0038541240466053207,0.02203849567816469,protein_coding,BTN3A2
ENSG00000166922.9,111.620784876904,-2.5089255419937095,0.8693749592498392,-2.8858957982394564,0.0039030135707540715,0.022248730965171923,protein_coding,SCG5
ENSG00000173852.16,2652.6466734686837,-1.1788086121020178,0.40875277517947034,-2.883915862306844,0.003927636763283992,0.022334973839177368,protein_coding,DPY19L1
ENSG00000141499.18,974.6097013380531,-1.0952319468213585,0.3800915273205652,-2.8814952928367994,0.00395793146444779,0.022461622996419888,protein_coding,WRAP53
ENSG00000268089.3,291.804687298872,-3.311293537526741,1.1514888587892118,-2.8756626798878098,0.004031803241972861,0.02280225934264717,protein_coding,GABRQ
ENSG00000107130.10,3688.7793039256076,-1.1486112981985566,0.39949973421945106,-2.8751240609527104,0.004038687749173242,0.022831216934603243,protein_coding,NCS1
ENSG00000176887.7,1135.141853557885,-3.180067789070832,1.1061824968935252,-2.874812969832162,0.0040426689064726965,0.022844444108926915,protein_coding,SOX11
ENSG00000164418.22,708.8001975781127,-2.6911088979161577,0.9366175478452575,-2.87322066953284,0.00406310204566938,0.022920270621152237,protein_coding,GRIK2
ENSG00000198431.18,27355.623289823692,-1.1294508289750533,0.3936613845633357,-2.8690922535566536,0.00411651712815221,0.023145052187663048,protein_coding,TXNRD1
ENSG00000141504.12,1483.1401881428578,-1.2468974867140181,0.43465086499577377,-2.8687334758350063,0.004121189099956659,0.023147179133654876,protein_coding,SAT2
ENSG00000104998.4,1010.1545249929253,-1.5427703225724285,0.538002250430686,-2.8675908350520793,0.004136100548913565,0.023217857594317087,protein_coding,IL27RA
ENSG00000117069.15,580.2599192213798,-2.8669127037800313,0.9998870032742413,-2.8672366921382184,0.004140732037764136,0.023238188911935985,protein_coding,ST6GALNAC5
ENSG00000152818.20,7053.127933350924,-1.0501880142042455,0.36681351467832113,-2.863002512666996,0.004196472354440231,0.023465850634431153,protein_coding,UTRN
ENSG00000105202.9,8700.775297058106,-1.0578718651139596,0.36962288986626607,-2.862030177559377,0.00420936825563061,0.023533234537805515,protein_coding,FBL
ENSG00000166448.15,139.84640864971882,-2.4941902028066973,0.871996374069478,-2.8603217593287464,0.004232113788533086,0.02363191964244874,protein_coding,TMEM130
ENSG00000146410.12,668.7479672437747,-1.058611002086585,0.37028576490455517,-2.8589027783972534,0.004251090496382571,0.02370459836885121,protein_coding,MTFR2
ENSG00000155760.3,2451.332264893179,-1.8487461161406298,0.6467039486757263,-2.8587209339394923,0.004253527959364176,0.023713439670911517,protein_coding,FZD7
ENSG00000116396.15,929.0860894933934,-1.4659698500854699,0.5139941141956024,-2.852114079904794,0.0043429511424819345,0.024120189146473885,protein_coding,KCNC4
ENSG00000134755.18,3545.822170061758,-2.1379860824299435,0.7500823164462707,-2.850335270613049,0.004367316637555362,0.024216857753583877,protein_coding,DSC2
ENSG00000121064.13,4088.172174391471,-1.0880541613532015,0.3819204000026436,-2.8489029686439116,0.004387025785489666,0.024297105006941967,protein_coding,SCPEP1
ENSG00000185742.7,175.4091900835023,-3.737665593182235,1.3126923289228536,-2.847327976883375,0.00440879145268754,0.024388537137720656,protein_coding,C11orf87
ENSG00000196636.8,663.4854934097913,-2.122853549855404,0.74558852505824,-2.8472186447472243,0.004410305999661977,0.024392067913091755,protein_coding,SDHAF3
ENSG00000117122.14,1040.8181770332583,-2.6351730231227726,0.9256390156609218,-2.846869004588376,0.0044151526311339865,0.024404326576696913,protein_coding,MFAP2
ENSG00000108578.15,2099.309533300468,-1.515194447731805,0.5322752864019156,-2.846636855853753,0.004418373289513079,0.024412433284415655,protein_coding,BLMH
ENSG00000125347.15,1070.0074178471,-1.2453323815489246,0.43784454745795776,-2.84423407526504,0.004451832957889496,0.024525132142194376,protein_coding,IRF1
ENSG00000166823.6,252.7367347581216,-2.131485376319662,0.749918125648981,-2.842290782710539,0.0044790618371748445,0.024630415902725994,protein_coding,MESP1
ENSG00000109466.14,1245.9134993418193,-1.2974735086746791,0.4567089442558858,-2.8409198571502645,0.004498361549423456,0.024721718599803887,protein_coding,KLHL2
ENSG00000134198.10,398.1836916842836,-2.9331176281033535,1.0328347378520675,-2.8398712016631094,0.004513175209358325,0.024793515912314653,protein_coding,TSPAN2
ENSG00000167315.18,2116.517957550369,-1.0815998522109833,0.38134752765601465,-2.8362576751424866,0.004564560248215316,0.024991954970362225,protein_coding,ACAA2
ENSG00000091656.19,1167.4266604719796,-2.723472104359934,0.9612456680116982,-2.8332737353119493,0.004607391274491713,0.025199580007584658,protein_coding,ZFHX4
ENSG00000165801.10,2299.4789061435085,-1.8601078610676745,0.6570595692975466,-2.8309577213163344,0.004640885509975106,0.025311741786182444,protein_coding,ARHGEF40
ENSG00000204186.10,603.6031724014928,-2.0274591327937963,0.7163243449343226,-2.8303646904248203,0.004649497313887787,0.025332434376469065,protein_coding,ZDBF2
ENSG00000196954.14,1682.5700891165575,-1.7641755626208984,0.6232874415516372,-2.8304365610657705,0.004648452861572951,0.025332434376469065,protein_coding,CASP4
ENSG00000021826.18,6451.946721198384,-2.788981955989857,0.985378663699711,-2.8303656845159626,0.004649482865916704,0.025332434376469065,protein_coding,CPS1
ENSG00000070404.10,4721.77247866074,-1.3397514597735016,0.47415834585463684,-2.8255359659623718,0.004720158861317069,0.02562381310533867,protein_coding,FSTL3
ENSG00000066230.12,307.4416842792832,-1.8615448461163655,0.6599529712534177,-2.8207234866763624,0.0047915484699929435,0.025928760344230865,protein_coding,SLC9A3
ENSG00000184584.14,1815.363960271462,-1.725400688947468,0.6117907254618917,-2.8202465600386795,0.004798676276251296,0.025962284319869987,protein_coding,STING1
ENSG00000125148.7,15187.877514093983,-1.7764927858838695,0.6301335693175518,-2.819232099962313,0.004813869595472537,0.026019198846519133,protein_coding,MT2A
ENSG00000166068.13,1801.423658131909,-1.233499852659263,0.43767437676575316,-2.81830492745396,0.004827793687380332,0.026057061280229346,protein_coding,SPRED1
ENSG00000133104.14,2293.444190460454,-2.0649232860423266,0.7338848929694654,-2.813688230707648,0.004897670311418671,0.026359541915825627,protein_coding,SPART
ENSG00000147852.17,1659.9443267868814,-1.476332564336669,0.5247208050579315,-2.813558277289339,0.004899650410352508,0.026365101260887768,protein_coding,VLDLR
ENSG00000129355.7,804.534054995901,-1.0715854027716256,0.3810316116663353,-2.8123267727980528,0.004918450809937611,0.02643560470079617,protein_coding,CDKN2D
ENSG00000163171.8,4622.347112666773,-2.003043123167371,0.7128273653737487,-2.8099975119742187,0.004954188295927265,0.026581492946305196,protein_coding,CDC42EP3
ENSG00000106701.13,559.1941244699922,-1.133537345092055,0.40376420520079503,-2.8074240620917306,0.004993945261096706,0.02675457066111985,protein_coding,FSD1L
ENSG00000181381.15,1355.4956995494908,-1.5229274125471517,0.543240284318648,-2.8034139891839267,0.005056471731755678,0.027026103518654195,protein_coding,DDX60L
ENSG00000205309.14,120.61659675712023,-1.4223038250185305,0.5075299195791473,-2.802403898075467,0.005072332608229593,0.027095269714580494,protein_coding,NT5M
ENSG00000120594.17,2223.9558323305264,-2.625880178699022,0.9371128804225081,-2.8020959198801254,0.005077177550763547,0.02711594671969572,protein_coding,PLXDC2
ENSG00000060718.22,333.07147553750764,-2.2369208270287673,0.7984084056518427,-2.8017250459712826,0.0050830174856426776,0.02713597327672037,protein_coding,COL11A1
ENSG00000113273.17,2027.1639274102322,-1.1704827743698663,0.4181863209326837,-2.7989504098539877,0.005126901057626636,0.027318609846878835,protein_coding,ARSB
ENSG00000085185.16,1108.7762407150976,-1.1792914185992227,0.4215963835124647,-2.7972047785944927,0.005154685102355269,0.027445641642915315,protein_coding,BCORL1
ENSG00000134901.13,761.4060962489867,-1.3396808017122066,0.4793621914430015,-2.7947151978745515,0.005194545523078784,0.027620891916030763,protein_coding,POGLUT2
ENSG00000053254.16,2077.9947816214317,-1.1198547534469045,0.4007324796100003,-2.794519562119762,0.005197689599069235,0.02762685688613939,protein_coding,FOXN3
ENSG00000186767.7,1552.022894731343,-1.1448603008213485,0.4097999175068357,-2.7937055424181523,0.005210790237013845,0.027680831495709428,protein_coding,SPIN4
ENSG00000114270.18,4008.0714250635224,-1.8864405086875944,0.675662161080107,-2.791987797084787,0.005238533168324345,0.027801679556430214,protein_coding,COL7A1
ENSG00000139117.14,484.6243361398621,-2.7955472205712524,1.0023560187082599,-2.7889763401369954,0.005287492765017913,0.028018779479733226,protein_coding,CPNE8
ENSG00000151320.11,212.14282049902394,-1.6496224426567474,0.5917628241709099,-2.787641222592773,0.005309330748942555,0.028107746429738487,protein_coding,AKAP6
ENSG00000154319.16,1504.7325947890931,-2.7582954549153285,0.9895743871820807,-2.7873553425022153,0.0053140173509065415,0.028123567797792435,protein_coding,FAM167A
ENSG00000243156.9,3892.547136083068,-1.0039241578054217,0.3602316823146119,-2.786884683087466,0.005321741289762885,0.028151478596869797,protein_coding,MICAL3
ENSG00000141448.11,723.6608488652566,-1.7275152145294697,0.6207983647353494,-2.782731580270707,0.005390338120708929,0.028444635436597865,protein_coding,GATA6
ENSG00000145476.16,759.0877425778406,-2.372458045395523,0.8533945943935071,-2.780024693127554,0.005435476511985975,0.028623141163004465,protein_coding,CYP4V2
ENSG00000158691.15,543.0942998474885,-1.4449889290586782,0.5198286197590711,-2.7797410033491383,0.005440226849430919,0.028642737768254035,protein_coding,ZSCAN12
ENSG00000157557.13,1818.942535914426,-1.7307857395274568,0.625195981881446,-2.7683890966779447,0.005633415493893515,0.02945928117377792,protein_coding,ETS2
ENSG00000182534.14,5992.573628634426,-1.761586221040772,0.636367751942506,-2.7681890159637224,0.0056368753166629254,0.02946191516210485,protein_coding,MXRA7
ENSG00000167775.11,1946.1020926721453,-1.085931248523637,0.39241194141121344,-2.7673246757434327,0.005651843642244546,0.02950022869407823,protein_coding,CD320
ENSG00000163017.14,3098.0639069175704,-3.61568598811019,1.307176261561197,-2.766027883486712,0.005674368270391021,0.02958451305012258,protein_coding,ACTG2
ENSG00000144724.20,1921.7916489830939,-1.9480435537913154,0.7044196265161485,-2.7654589401856438,0.0056842760593319155,0.0296250717819815,protein_coding,PTPRG
ENSG00000122547.11,270.6245189578723,-1.0183928707372445,0.3684986905696311,-2.7636268372161563,0.005716287092643669,0.02974968495195103,protein_coding,EEPD1
ENSG00000046604.14,7810.320291103379,-1.540909171009168,0.5578586394162248,-2.76218572615755,0.005741580741332121,0.029803531609160685,protein_coding,DSG2
ENSG00000183092.18,149.7340762840456,-1.9050711884341645,0.6905777652743433,-2.758662795459891,0.005803838896135151,0.03006245990190139,protein_coding,BEGAIN
ENSG00000182636.8,286.88488244502804,-3.986477290929101,1.445379426011525,-2.758083600186318,0.005814132647744288,0.030104575219979543,protein_coding,NDN
ENSG00000196653.12,231.50263115348653,-2.8981727545320464,1.051401287912223,-2.756485832623407,0.005842614368563965,0.030235176345667695,protein_coding,ZNF502
ENSG00000176438.13,833.9506999842646,-1.7659713478019055,0.6411065152617131,-2.7545677758102314,0.005876971635421979,0.030362171945732406,protein_coding,SYNE3
ENSG00000184675.11,1068.6557768999032,-1.2128376194855457,0.44046001569042587,-2.7535703044109683,0.005894910763573454,0.03042661524473033,protein_coding,AMER1
ENSG00000117586.11,747.8021285215589,-1.8395882819938434,0.6681055653261851,-2.7534395422910634,0.005897266124003223,0.030433129371107474,protein_coding,TNFSF4
ENSG00000173334.4,1881.0581320471692,-1.207989682510904,0.4389906549475169,-2.7517435027297426,0.005927893079906442,0.030548939620589383,protein_coding,TRIB1
ENSG00000164761.9,7007.1542836241615,-2.451143167635751,0.8910039862049682,-2.75099012528086,0.0059415434344130295,0.030604885832775926,protein_coding,TNFRSF11B
ENSG00000162520.15,619.8127974322234,-2.104573414710303,0.7655135240254636,-2.749230873993413,0.00597352946317483,0.03070714056083741,protein_coding,SYNC
ENSG00000129116.20,7059.012970048486,-1.6097794171100837,0.5863672696134291,-2.745343235428801,0.006044763937386946,0.030998903640586408,protein_coding,PALLD
ENSG00000144152.13,474.9104527838298,-2.675456186447216,0.974760919132412,-2.744730665678012,0.00605605777953301,0.031045382016773645,protein_coding,FBLN7
ENSG00000081087.16,2653.5768952652184,-1.1122085817323064,0.4053614275269337,-2.7437454730652866,0.006074261478051697,0.031104330850450154,protein_coding,OSTM1
ENSG00000115641.19,7000.697570294469,-1.5372249268146942,0.5603578290066397,-2.743291602688538,0.006082664348462467,0.03112445676540464,protein_coding,FHL2
ENSG00000059377.18,229.82479543452587,-2.052718551623428,0.7486256674989055,-2.7419825965644296,0.006106957717335925,0.031225803640661794,protein_coding,TBXAS1
ENSG00000159128.16,1704.723775829689,-1.0989185635346108,0.40100046663310024,-2.740442106617493,0.006135659019846925,0.03135527895657408,protein_coding,IFNGR2
ENSG00000102226.10,4331.991951751126,-1.1040608029549983,0.40310598777534024,-2.738884651771324,0.006164799837162209,0.031457996015994,protein_coding,USP11
ENSG00000183760.11,138.27162408941118,-2.7324543646636603,0.9977704872787413,-2.7385600190640944,0.006170889563060943,0.03147753012229511,protein_coding,ACP7
ENSG00000145569.6,484.21530071510983,-2.085801305566793,0.7618855590327004,-2.737683213493314,0.006187364481543461,0.03154422668649153,protein_coding,OTULINL
ENSG00000101928.13,1422.542812868519,-1.1579558995737471,0.4231032997005426,-2.736816045616536,0.006203697254026373,0.03160264469290026,protein_coding,MOSPD1
ENSG00000095637.23,682.1726263545908,-2.097273307583102,0.7666463257589162,-2.7356464605852975,0.006225787420920542,0.03167629659088726,protein_coding,SORBS1
ENSG00000153823.19,470.16402061805894,-2.3462427841171,0.8576951302167513,-2.7355207013058034,0.006228166871202197,0.0316826120297486,protein_coding,PID1
ENSG00000135114.14,871.4799196318237,-2.2004857334611687,0.8051031145525577,-2.733172551051558,0.006272746079586457,0.03183545804400797,protein_coding,OASL
ENSG00000121207.12,236.91937820934893,-2.7037451041226936,0.989759416113981,-2.731719506886035,0.006300475518480229,0.031928961496792085,protein_coding,LRAT
ENSG00000137962.13,11589.445693404248,-1.6105895467245417,0.5898720298265525,-2.730405012080541,0.006325655927497781,0.03203802008694109,protein_coding,ARHGAP29
ENSG00000136205.18,7182.7045695072575,-1.6060940072394903,0.5891697631868855,-2.726029249281136,0.006410131766913511,0.03234421099055585,protein_coding,TNS3
ENSG00000165238.17,2984.14555178089,-1.8861680828086393,0.6928275344696785,-2.7224207886778022,0.006480556722909057,0.0326148575192364,protein_coding,WNK2
ENSG00000183722.9,1464.6048355968549,-2.1176924231513135,0.7782687215535244,-2.721029850620396,0.006507888457492811,0.0327169194695268,protein_coding,LHFPL6
ENSG00000160886.13,675.8509554148916,-3.167263765968609,1.1647249768175467,-2.7193232986406186,0.006541563579759334,0.03283284598019849,protein_coding,LY6K
ENSG00000184497.13,318.3245927936316,-1.8488941859888774,0.6803726801011392,-2.71747270292222,0.0065782581425042575,0.033005117818087334,protein_coding,TMEM255B
ENSG00000101265.16,437.1664173702212,-2.133421441339949,0.7851034964585182,-2.717376054193475,0.006580179619339976,0.03300880877346325,protein_coding,RASSF2
ENSG00000107614.22,341.70626451218703,-1.0081447825789336,0.37125376973895574,-2.7155139280816,0.006617299290864512,0.033123384833753745,protein_coding,TRDMT1
ENSG00000135047.16,10118.685799157825,-1.9300148465996374,0.7107321545662296,-2.7155305049868668,0.006616968017486536,0.033123384833753745,protein_coding,CTSL
ENSG00000138061.12,13463.20159537797,-1.9636914431068173,0.7233545942912981,-2.7147010036353345,0.006633563106173285,0.0331928568440481,protein_coding,CYP1B1
ENSG00000117114.21,3092.6662814001074,-2.167080955100229,0.7983049473452081,-2.7146029375202234,0.0066355274983731305,0.03319671880746126,protein_coding,ADGRL2
ENSG00000165507.9,802.9508758049169,-2.0807520568227225,0.7667414570686948,-2.7137596873626477,0.006652440495690792,0.03326339745608926,protein_coding,DEPP1
ENSG00000125257.16,1302.4438342539163,-2.061157049968292,0.7599441904640148,-2.71224792008709,0.0066828589374145165,0.03337951935795271,protein_coding,ABCC4
ENSG00000176170.14,1768.927743125258,-1.4625269504542706,0.5392784450256713,-2.712007060442866,0.00668771683270212,0.03339180013544327,protein_coding,SPHK1
ENSG00000130052.14,255.10709353134217,-2.3210932289664905,0.856548436303629,-2.709821337113165,0.006731945984326814,0.0335698277778668,protein_coding,STARD8
ENSG00000067066.17,2492.8823104292014,-1.1379630494597497,0.41992093546657944,-2.709945976366586,0.006729416798288097,0.0335698277778668,protein_coding,SP100
ENSG00000132688.11,2075.278404095209,-2.5457549847156344,0.9397132871186343,-2.709076289132267,0.0067470823622235625,0.03362789339925785,protein_coding,NES
ENSG00000136040.9,148.73375044363374,-1.1600693132868887,0.42989518043767894,-2.6984934143849086,0.0069654116061125156,0.03445081689192395,protein_coding,PLXNC1
ENSG00000147027.4,3925.801665891864,-2.493975131390909,0.9246660453993971,-2.6971630934211173,0.006993300986491615,0.034564191452411325,protein_coding,TMEM47
ENSG00000086696.11,101.68203443773636,-2.6684973256575493,0.9894472813638934,-2.696957559961342,0.006997618804989909,0.03457939234079515,protein_coding,HSD17B2
ENSG00000126790.12,792.7531340531438,-1.1473701048639393,0.4261362254901531,-2.692496052275781,0.007091937516443771,0.03497097833617871,protein_coding,L3HYPDH
ENSG00000182013.18,473.3539155945865,-3.0129517054041464,1.1199927400335346,-2.69015288912849,0.007141929038899969,0.03515218527100912,protein_coding,PNMA8A
ENSG00000213420.8,525.1198551087282,-1.6314729650737585,0.6068445558573599,-2.6884528324865453,0.007178397627639284,0.03529104139225841,protein_coding,GPC2
ENSG00000083857.15,25325.19078914023,-1.6384260936466908,0.6095447360694072,-2.6879505255216047,0.007189204756500012,0.0353129881069233,protein_coding,FAT1
ENSG00000171310.11,1465.9927796184015,-2.062937091395309,0.7677968927723658,-2.68682656938926,0.007213439574849607,0.0354070365024711,protein_coding,CHST11
ENSG00000023902.14,1290.4623913753796,-1.9227287058584328,0.715704048991548,-2.6864857178992136,0.007220803513480897,0.03543655122310684,protein_coding,PLEKHO1
ENSG00000144668.12,204.9975142024069,-2.3871867402189673,0.8897421535838709,-2.683009600706685,0.007296289571437288,0.035719225555843885,protein_coding,ITGA9
ENSG00000128512.24,566.6214063070415,-1.5415584535691054,0.5750098011063154,-2.680925526144348,0.007341885341169566,0.03587304201453327,protein_coding,DOCK4
ENSG00000080819.9,1651.4952544560472,-1.3061072376785727,0.48723221206221096,-2.6806668470265387,0.007347562568308766,0.035893429820360784,protein_coding,CPOX
ENSG00000102699.6,3881.1075122281027,-1.2831446230490242,0.4792624742903283,-2.677331716715461,0.007421112165135843,0.036139621803485185,protein_coding,PARP4
ENSG00000179583.21,190.0003152861144,-1.264705959501117,0.4726961296996449,-2.675515791307032,0.007461435806138326,0.0362983580827888,protein_coding,CIITA
ENSG00000176909.12,125.56115915407312,-1.3009020197376036,0.48652156415763087,-2.6738835759315225,0.0074978476327509334,0.03642421817671715,protein_coding,MAMSTR
ENSG00000166482.12,549.5731416819699,-1.558039557332436,0.5827635675231808,-2.673536308994575,0.007505615067835914,0.03645019686842525,protein_coding,MFAP4
ENSG00000133816.18,10430.727918544548,-1.5473739135668632,0.5787991329017379,-2.673421271053561,0.0075081897503376125,0.036455253774707444,protein_coding,MICAL2
ENSG00000178209.17,57458.09817391098,-1.0346123188848166,0.3872172427183677,-2.671916962224006,0.00754193089306953,0.036593548603709856,protein_coding,PLEC
ENSG00000154639.19,1871.1335187521343,-1.7655926365323529,0.6614558675984542,-2.6692523613747428,0.007602030830098117,0.03678896560963337,protein_coding,CXADR
ENSG00000128791.12,5593.833383552054,-1.032745971273182,0.387938832404926,-2.662136102413212,0.007764647563240536,0.037426744247409265,protein_coding,TWSG1
ENSG00000130821.17,3591.4835082268737,-1.474058474467396,0.5537135450064605,-2.662131869015769,0.007764745223048875,0.037426744247409265,protein_coding,SLC6A8
ENSG00000109674.4,879.672396622513,-1.1197089558937734,0.4210212723454687,-2.659506845475962,0.007825513975054656,0.037654452378499806,protein_coding,NEIL3
ENSG00000137959.17,526.8112970193001,-2.5525723098198747,0.9601617555721355,-2.6584815475168173,0.00784936488539277,0.037723570605972576,protein_coding,IFI44L
ENSG00000134070.5,724.6305025019004,-2.2248410050229275,0.8372060966600102,-2.657459153604846,0.007873213064059194,0.03779902705263052,protein_coding,IRAK2
ENSG00000171617.15,9996.903601171578,-1.2304958032312254,0.4632120245406215,-2.6564418409723665,0.007897007117439875,0.037871729105922826,protein_coding,ENC1
ENSG00000198691.14,1678.6476726561687,-2.7248548608554573,1.02570141748315,-2.6565770646409588,0.007893840646728564,0.037871729105922826,protein_coding,ABCA4
ENSG00000119403.15,3184.586178715952,-1.124164214926731,0.4231901368224549,-2.6564045735271065,0.007897879992092327,0.037871729105922826,protein_coding,PHF19
ENSG00000136997.21,4602.6772755971415,-1.2809977889597224,0.4825751421345764,-2.6545042981150666,0.007942502774095304,0.03802020760442251,protein_coding,MYC
ENSG00000108813.11,348.34856417150195,-1.8012840947023636,0.6789189713444718,-2.6531650620032874,0.007974086579718827,0.038125502238586954,protein_coding,DLX4
ENSG00000206503.13,15867.962268863688,-1.7987942519662607,0.679013896389402,-2.6491273028890787,0.008069992704353235,0.038484892396501054,protein_coding,HLA-A
ENSG00000125246.16,105.40087461871052,-1.472168471782867,0.5560335592833171,-2.647625214708937,0.008105933475862937,0.03860998703527048,protein_coding,CLYBL
ENSG00000135643.5,319.8114080796605,-2.0003964213741665,0.756732484607491,-2.6434657716745837,0.008206206223731109,0.039028560601354116,protein_coding,KCNMB4
ENSG00000136531.19,103.17815530482513,-2.5287675312144406,0.9568208597482063,-2.6428850348015014,0.008220294153603319,0.03906826205052194,protein_coding,SCN2A
ENSG00000120820.13,470.4258757264578,-1.9709611746614881,0.7461808117308575,-2.64139889913492,0.008256444503534665,0.03921067271719657,protein_coding,GLT8D2
ENSG00000173926.6,431.2935584115625,-1.4836612072882054,0.5619556921781047,-2.640174711172741,0.008286329738973098,0.03932792406036746,protein_coding,MARCHF3
ENSG00000221963.6,3060.0492605822787,-2.0777706043188453,0.78715761960713,-2.6395864723457287,0.008300724394559561,0.03938281306408044,protein_coding,APOL6
ENSG00000025708.14,1015.4990873682518,-1.8728146618938117,0.7095545320338705,-2.6394231554346734,0.00830472485064321,0.0393883661513894,protein_coding,TYMP
ENSG00000177989.14,182.20175050045987,-1.2591134921003089,0.4778639726313047,-2.6348784679605384,0.008416741309172252,0.03979140498677545,protein_coding,ODF3B
ENSG00000163235.16,1284.104506260892,-1.984491031812545,0.7532920389616945,-2.634424538121872,0.008428003566466963,0.039830544529061866,protein_coding,TGFA
ENSG00000204262.14,25107.2679224409,-2.4578388526069634,0.9331079724191803,-2.6340347797423256,0.008437684445868756,0.039868079833937864,protein_coding,COL5A2
ENSG00000187676.8,758.0045659874829,-1.006368205470932,0.38242362564076937,-2.631553434452992,0.008499550022433822,0.04012098938858197,protein_coding,B3GLCT
ENSG00000128342.5,4228.841758336978,-2.284666909551143,0.868783538569751,-2.629730891669878,0.008545248195035467,0.04028205398086491,protein_coding,LIF
ENSG00000254122.3,159.21261266837988,-2.125160265306088,0.8119257603018344,-2.6174317520311923,0.008859420269085243,0.04147507948372971,protein_coding,PCDHGB7
ENSG00000161243.9,404.23607398459245,-2.1270228284324553,0.8127717086914945,-2.6169990978854476,0.008870657574364473,0.04150674470331307,protein_coding,FBXO27
ENSG00000170153.11,538.4291038821592,-2.3770873339431176,0.9086903615583134,-2.615948660296836,0.008897993539612906,0.041603049873982084,protein_coding,RNF150
ENSG00000241322.11,124.59216375915305,-1.7221247655415655,0.6586958484793599,-2.614446059614915,0.008937227129105026,0.04173404703334466,protein_coding,FBXW10B
ENSG00000105717.14,238.29060722275474,-1.4012533319951141,0.5362833399010299,-2.6128973766996246,0.00897782556014669,0.04183940269416428,protein_coding,PBX4
ENSG00000177675.9,455.46271730349804,-2.227083684503972,0.8531892899354322,-2.6103043143831703,0.009046171052235541,0.042080417347932574,protein_coding,CD163L1
ENSG00000116793.16,1414.5567443728808,-1.0771449129279445,0.41334187041601594,-2.605941933353694,0.009162199271206251,0.04249941325000787,protein_coding,PHTF1
ENSG00000196083.10,1407.5628251330832,-1.5194004318093592,0.5831376176176013,-2.605560653104225,0.009172403206397875,0.04253256965738651,protein_coding,IL1RAP
ENSG00000164649.20,1793.5477187519189,-1.580443958325336,0.6071855898051355,-2.602900966132199,0.009243865147225801,0.04281401501467178,protein_coding,CDCA7L
ENSG00000111716.14,225.39227885347498,-2.255953861729687,0.8675922072324549,-2.6002468013468993,0.009315673607954425,0.0430534767642403,protein_coding,LDHB
ENSG00000035403.18,17465.551475161537,-1.099192247503868,0.42275212248599736,-2.6000868807944926,0.009320016115675884,0.043066158778073814,protein_coding,VCL
ENSG00000196517.13,1925.3798130030432,-1.2090206555110474,0.46504477725493165,-2.5997940728367275,0.009327971749909778,0.04308885191345645,protein_coding,SLC6A9
ENSG00000083444.17,18434.24725769674,-1.1649169967896833,0.4481391996754214,-2.59945346810413,0.009337233652253132,0.043124479167764754,protein_coding,PLOD1
ENSG00000165474.8,394.2363307958335,-2.311788826533988,0.8894176404170455,-2.599216297812574,0.00934368775592602,0.04314712879461789,protein_coding,GJB2
ENSG00000125398.8,3510.5110029208904,-1.7471371078238278,0.6728318839208268,-2.5966919071115484,0.00941263091756414,0.043386321281886964,protein_coding,SOX9
ENSG00000162878.13,580.2498516147268,-2.088748124099709,0.8047332135348653,-2.5955783717745273,0.009443186436872723,0.0434819229649528,protein_coding,PKDCC
ENSG00000137094.16,700.3946598586056,-1.1682820741772955,0.4501395774949999,-2.595377373122168,0.00944871127620685,0.04349501026699088,protein_coding,DNAJB5
ENSG00000198513.14,443.7619092158296,-1.5182524508875808,0.5852879625724203,-2.594026441641913,0.009485919124254685,0.043651850676600004,protein_coding,ATL1
ENSG00000152192.8,110.0719546555429,-2.8299322228473702,1.0912647972642027,-2.5932589688057393,0.009507115296967293,0.04372047933361665,protein_coding,POU4F1
ENSG00000105376.5,567.7628260612332,-1.7380653303902405,0.6704799233988155,-2.5922705061466886,0.009534477025138188,0.043816442625180585,protein_coding,ICAM5
ENSG00000126500.4,115.78951509287387,-1.3386235731556013,0.5165600278667761,-2.591419198043021,0.009558098424725813,0.043896919279107036,protein_coding,FLRT1
ENSG00000142279.13,868.5124200164133,-1.5774749678062583,0.6088893130026374,-2.5907417557178007,0.009576932809150375,0.04395441082860838,protein_coding,WTIP
ENSG00000118507.18,177.23902218808897,-1.2082809335739122,0.46715661626874677,-2.5864579275889135,0.009696800762451736,0.04437286635272177,protein_coding,AKAP7
ENSG00000124212.6,3197.2473776247343,-2.931269052746357,1.1340417824343765,-2.584798107221398,0.009743603319581726,0.0445138588550594,protein_coding,PTGIS
ENSG00000169129.16,836.9646900783894,-1.9654455646199955,0.7608785693752231,-2.5831264589747525,0.009790942777860034,0.04468612611321723,protein_coding,AFAP1L2
ENSG00000160255.19,463.8082961753914,-1.8743396903117273,0.7259256716127113,-2.5819994575308347,0.009822973932958164,0.044788255921019406,protein_coding,ITGB2
ENSG00000102181.21,4464.149540828197,-1.1647518875084444,0.45167704448548585,-2.5787272161135313,0.009916505984479303,0.045111269910764154,protein_coding,CD99L2
ENSG00000198121.15,1713.549267747455,-2.20595372530775,0.8556553760142216,-2.5780866773530158,0.009934907392562815,0.045121240362111036,protein_coding,LPAR1
ENSG00000138606.20,102.72130074212753,-1.3610229462915537,0.5281758773472848,-2.576836627085598,0.00997090648664945,0.04526996459996315,protein_coding,SHF
ENSG00000117016.10,1086.2775308917876,-1.6868610859189572,0.6552729020821813,-2.5742878738901354,0.010044665949346818,0.0455380002224785,protein_coding,RIMS3
ENSG00000179456.12,2172.5655486598635,-1.6173509692197778,0.6287772446222604,-2.5722161274958446,0.010104978723371011,0.04573221412044264,protein_coding,ZBTB18
ENSG00000150471.17,117.73331915803901,-2.8164943266507585,1.0953237238970652,-2.5713807390475574,0.010129389679278364,0.04579530471209883,protein_coding,ADGRL3
ENSG00000152217.20,1211.5869210537205,-1.82292655809368,0.70926417017144,-2.570165863098725,0.010164983375877672,0.045926388127078534,protein_coding,SETBP1
ENSG00000168961.17,287.65163353327546,-2.1239640585532453,0.8267116222036432,-2.569171645236712,0.010194194993232642,0.04603123761639694,protein_coding,LGALS9
ENSG00000158122.12,478.1011789874878,-1.0918792556836758,0.42589689888256826,-2.5637173187887843,0.010355784845561627,0.046591825919032395,protein_coding,PRXL2C
ENSG00000185033.15,3817.592304454019,-1.06232206086912,0.4146112833339926,-2.5622121335597132,0.0104007769188291,0.0467564641977595,protein_coding,SEMA4B
ENSG00000154511.12,858.211273519229,-1.1856260605422697,0.4628760798920539,-2.561432988325442,0.010424134902446558,0.04681610505719626,protein_coding,DIPK1A
ENSG00000165028.12,121.60334342368618,-1.675359797935179,0.6579655081431162,-2.5462729842227025,0.010888000532023687,0.04848478368411636,protein_coding,NIPSNAP3B
ENSG00000141682.12,1331.9504012511838,-1.6603134708716938,0.6523727334172039,-2.545038113678939,0.010926581123144777,0.04858663133288467,protein_coding,PMAIP1
ENSG00000267041.6,560.1096769657144,-1.3510545903776259,0.5310509129220158,-2.5441149944431536,0.010955501092308655,0.048682772443663536,protein_coding,ZNF850
ENSG00000064225.13,190.63918122602303,-2.128962218176273,0.837941624885342,-2.5407046922482044,0.011062931533116363,0.0490440774256772,protein_coding,ST3GAL6
ENSG00000072832.15,844.176102770907,-2.1428353560411115,0.8441835278146635,-2.538352485493606,0.011137574506178714,0.049272337589619686,protein_coding,CRMP1
ENSG00000102038.16,2737.524597125733,-2.1112983781720334,0.832951028067927,-2.534720898381384,0.011253694895438577,0.049621075734108705,protein_coding,SMARCA1
ENSG00000169499.15,1662.6241218530824,-1.0002204619402404,0.3946942724748184,-2.5341651290469502,0.011271560214739717,0.04965265867027928,protein_coding,PLEKHA2
ENSG00000054219.11,110.83402364265409,-2.4640862415916702,0.9733277903371843,-2.5316098708514745,0.011354023991676732,0.04995268086491441,protein_coding,LY75
