gene_id,baseMean,log2FoldChange,lfcSE,stat,pvalue,padj,gene_type,gene_name
ENSG00000160180.17,10492.627975630136,10.6256931524157,0.9215123522793648,11.530711580949513,9.237699916950806e-31,6.4285153722060656e-27,protein_coding,TFF3
ENSG00000072858.11,1230.9196228793212,6.200803607353243,0.5599860830093855,11.073138771645716,1.6936266708978174e-28,5.238199112345738e-25,protein_coding,SIDT1
ENSG00000160182.3,16381.448373682075,11.063946003083343,1.0309795368762247,10.731489430533319,7.241937521253585e-27,2.0158657284161478e-23,protein_coding,TFF1
ENSG00000173467.9,772.7804240388266,11.342316531558945,1.0594727422084846,10.705623731211562,9.57834313795074e-27,2.4238432689817888e-23,protein_coding,AGR3
ENSG00000120262.10,494.03134528226144,8.667429421211025,0.8117213839976593,10.677837977514734,1.292466676319599e-26,2.9980918668360296e-23,protein_coding,CCDC170
ENSG00000283526.2,354.8101878454975,7.009742941962947,0.683320880725467,10.258347344106996,1.0854853175132125e-24,1.7773864293116345e-21,protein_coding,PRRT1B
ENSG00000100219.17,31967.035255217677,3.754362431782994,0.3662049443485057,10.252080125412194,1.158236826592616e-24,1.7911489058351143e-21,protein_coding,XBP1
ENSG00000106541.12,19017.44553762359,7.331069173627134,0.7271496773545084,10.081925911455789,6.641144927593164e-24,8.037517834977537e-21,protein_coding,AGR2
ENSG00000168421.14,150.11813722338061,5.511048526017475,0.5597508608638424,9.845538276640577,7.165462617921079e-23,7.671454516632736e-20,protein_coding,RHOH
ENSG00000047346.13,2207.9826849080946,2.505864884328774,0.2573207593823219,9.738292745380917,2.0700274864010548e-22,1.9207095037153253e-19,protein_coding,FAM214A
ENSG00000064787.14,4562.249303020896,7.350134087319134,0.7553120313563811,9.731255139839151,2.2183857902350196e-22,1.9919673179671613e-19,protein_coding,BCAS1
ENSG00000168350.8,1364.7226283172774,5.745545257099909,0.6078140017988465,9.452801745428323,3.29880349411375e-21,2.4817701097878473e-18,protein_coding,DEGS2
ENSG00000204385.13,902.956001017994,8.03711146944182,0.8635557095472418,9.306998240629595,1.314960669602241e-20,8.71505838072571e-18,protein_coding,SLC44A4
ENSG00000121270.16,2390.728647060032,7.048358938981945,0.7792026833835823,9.045604037675279,1.4883996395225986e-19,7.967517762644433e-17,protein_coding,ABCC11
ENSG00000171587.15,436.6326127385511,10.022755838389168,1.1346602242280912,8.833266227524318,1.0166267225066932e-18,4.716470241282718e-16,protein_coding,DSCAM
ENSG00000134830.6,832.7801679251539,7.029747642337993,0.8097516936341511,8.681362073833537,3.910570810346992e-18,1.6746869088741363e-15,protein_coding,C5AR2
ENSG00000151365.2,168.32550813451482,6.929559540215625,0.816034719101856,8.49174597355666,2.0355555982528022e-17,7.455490214863815e-15,protein_coding,THRSP
ENSG00000125879.5,123.46653343293009,8.749588473538195,1.0335582414659812,8.465501142081678,2.5505361410573874e-17,8.874590502809179e-15,protein_coding,OTOR
ENSG00000214530.10,9507.117195015455,3.2526354835886035,0.38780547952260397,8.38728603730061,4.9749350756410644e-17,1.6888084483603007e-14,protein_coding,STARD10
ENSG00000009765.15,348.7809634861043,8.779342931746488,1.0469491018167316,8.385644456365666,5.044860066417176e-17,1.6919123470938376e-14,protein_coding,IYD
ENSG00000116299.17,6021.677504074518,5.989480689395091,0.7150961460032582,8.375769779869294,5.4864069299256275e-17,1.8180907535882116e-14,protein_coding,ELAPOR1
ENSG00000183036.11,252.26400857829438,7.11961776038969,0.8525144373335289,8.351316351495738,6.750634498185476e-17,2.1113557515897855e-14,protein_coding,PCP4
ENSG00000102313.9,104.18897224487063,6.010836724149747,0.7301480085923386,8.23235378774519,1.8357014347393972e-16,5.161473246202612e-14,protein_coding,ITIH6
ENSG00000161031.13,163.68507068127644,8.618604232059356,1.0515437422533362,8.19614428363264,2.482203745136177e-16,6.841051826694122e-14,protein_coding,PGLYRP2
ENSG00000114248.10,310.30708467305953,7.68581832066748,0.9449466783799254,8.133600018410053,4.167259581770914e-16,1.1153830549824534e-13,protein_coding,LRRC31
ENSG00000122735.16,135.36017283491213,3.688287063377214,0.45360642653657224,8.13102912041711,4.256610649950676e-16,1.1284477528764478e-13,protein_coding,DNAI1
ENSG00000134240.12,495.4825304752308,7.545497035546769,0.9319600367612527,8.096374026689897,5.662155341379218e-16,1.4459794136021277e-13,protein_coding,HMGCS2
ENSG00000159763.4,2389.7347538096647,10.961563452787006,1.364728427457666,8.032047425880291,9.585929874094838e-16,2.2236161997941993e-13,protein_coding,PIP
ENSG00000196208.14,8215.636414713703,6.178950859398418,0.7781568378411342,7.9404954874403995,2.0137518007606324e-15,4.3792808692166377e-13,protein_coding,GREB1
ENSG00000148513.20,925.8563376425843,10.910715274548037,1.410701349291699,7.7342488401433895,1.0401540725229711e-14,1.9968088801896153e-12,protein_coding,ANKRD30A
ENSG00000189058.9,1942.0710809708482,8.358712039002619,1.080909566366469,7.7330354907495575,1.05012005572916e-14,2.0021330048819794e-12,protein_coding,APOD
ENSG00000146476.11,4726.031794473618,2.9206902740691536,0.38058121175873316,7.674289176210582,1.663384508867396e-14,3.0663557078697243e-12,protein_coding,ARMT1
ENSG00000143412.10,1885.3407664803558,3.788373847231958,0.49551288065737725,7.6453589707013725,2.0836321247957564e-14,3.790848616066319e-12,protein_coding,ANXA9
ENSG00000197168.14,151.8642966718347,3.6706685220316038,0.485577980619722,7.55938009657458,4.049948252583806e-14,7.045897472432676e-12,protein_coding,NEK5
ENSG00000163683.12,5837.491867202004,2.577388226355564,0.34169772830909506,7.542889556538387,4.596704401192781e-14,7.898386648864337e-12,protein_coding,SMIM14
ENSG00000178568.15,326.90772034316745,6.088671171395151,0.8098841056464434,7.51795365404192,5.5640217530384005e-14,9.110594677504525e-12,protein_coding,ERBB4
ENSG00000102547.19,1180.9515287008344,2.8080839713655426,0.3760042880331887,7.468223264298736,8.128484577197509e-14,1.3003706706371831e-11,protein_coding,CAB39L
ENSG00000183044.12,2608.1610565185315,4.138171792569772,0.554972479549288,7.456535134734108,8.882741697075042e-14,1.4129142735987478e-11,protein_coding,ABAT
ENSG00000110171.21,3394.9989524261605,2.750906587021382,0.37078786937187985,7.419084641796556,1.1793253118840246e-13,1.8546722814465374e-11,protein_coding,TRIM3
ENSG00000129625.13,10988.382258647047,1.8151332709274848,0.24537672842776045,7.3973325936728545,1.3894723188760903e-13,2.1487417482352693e-11,protein_coding,REEP5
ENSG00000188906.17,655.6898687462997,6.479928656631185,0.8797045495143051,7.3660283560075115,1.757864470017035e-13,2.6885667795271532e-11,protein_coding,LRRK2
ENSG00000141232.5,12779.930722468975,2.8256473359113623,0.3837441075443323,7.363363450694622,1.793332306191169e-13,2.727825031428272e-11,protein_coding,TOB1
ENSG00000057593.14,588.4164929723443,5.97504219818827,0.8283701489879877,7.213010036018229,5.472837938405662e-13,7.934474836117709e-11,protein_coding,F7
ENSG00000143878.10,12800.277347594178,3.0924615726226126,0.4296879806975254,7.196993426724497,6.155472911364261e-13,8.877914194856764e-11,protein_coding,RHOB
ENSG00000131844.17,9809.861549170908,1.7398883262902574,0.2444528155096446,7.117481231144225,1.099171816899331e-12,1.4925144729370623e-10,protein_coding,MCCC2
ENSG00000113924.12,470.54566602941753,5.492317258895935,0.7725929740889902,7.108940209263809,1.1693738868120211e-12,1.5724971745555278e-10,protein_coding,HGD
ENSG00000173267.14,2761.4681075834956,6.590107994396099,0.9289343408280814,7.094266736356705,1.3003910788461159e-12,1.7319467019502623e-10,protein_coding,SNCG
ENSG00000133195.12,3320.426980752445,2.171032610145819,0.3066847958599745,7.079035672629381,1.4516101886407152e-12,1.9241438671906167e-10,protein_coding,SLC39A11
ENSG00000002726.21,415.49694752552494,8.237739032887696,1.1761840272507238,7.003784137540987,2.491398786099946e-12,3.166692995884845e-10,protein_coding,AOC1
ENSG00000166509.12,3207.1451955203524,10.231579898808956,1.4611118924283897,7.002598467530039,2.512581731432112e-12,3.1767157316627426e-10,protein_coding,CLEC3A
ENSG00000120805.14,5667.1632090964,1.3033625525170554,0.18693780258221074,6.972172211898489,3.1208418821254983e-12,3.8955943780648145e-10,protein_coding,ARL1
ENSG00000082175.16,2666.863095916237,7.915924649877914,1.136158104605368,6.967273848411637,3.231413002405889e-12,4.015607693525461e-10,protein_coding,PGR
ENSG00000061987.16,4439.569557807843,1.056516067326225,0.15216992379563737,6.943001882192666,3.838543050483282e-12,4.665925080928063e-10,protein_coding,MON2
ENSG00000197774.14,1952.2358896639314,2.0577853476428523,0.2970936047554339,6.926387221753939,4.317237510820136e-12,5.157709156703405e-10,protein_coding,EME2
ENSG00000166927.13,121.01113492382538,9.469050181001553,1.3702695550343615,6.910355810075706,4.8343959900273035e-12,5.750865246940172e-10,protein_coding,MS4A7
ENSG00000141198.16,2487.91352411421,1.8485399013278643,0.26831021729514465,6.88956208959589,5.596439455874581e-12,6.518095761243716e-10,protein_coding,TOM1L1
ENSG00000178935.5,1858.5156031599568,3.0402090861476556,0.4417256704516683,6.882572803701935,5.878110587741194e-12,6.761284558692722e-10,protein_coding,ZNF552
ENSG00000143578.16,4671.757925190136,2.8322490130123974,0.41386982993827,6.843332874577586,7.737157888430477e-12,8.75494012123377e-10,protein_coding,CREB3L4
ENSG00000139631.20,1789.2262815311456,2.0230334444151996,0.29724794748457195,6.805878599111945,1.004343810423896e-11,1.087817677313602e-09,protein_coding,CSAD
ENSG00000198133.9,1026.041574529026,4.6147242774939965,0.679079682006414,6.795556397533934,1.0789529765253919e-11,1.1640982579287135e-09,protein_coding,TMEM229B
ENSG00000091831.25,3371.4165080803864,5.224957281946808,0.7729137542014027,6.760078021053446,1.379174504429017e-11,1.4597224906952895e-09,protein_coding,ESR1
ENSG00000170476.16,241.07412298765732,4.624491699045825,0.6880957345136839,6.720709731348958,1.80841528886733e-11,1.8713400736398143e-09,protein_coding,MZB1
ENSG00000174827.14,1756.3361811301104,5.008395275384337,0.7463548148570325,6.710474931877698,1.939919724582793e-11,1.9999853871661712e-09,protein_coding,PDZK1
ENSG00000181444.13,1055.0837751815159,2.604504869877307,0.3884851070541166,6.704259243365269,2.0243060492661517e-11,2.0792835124491734e-09,protein_coding,ZNF467
ENSG00000167565.13,1535.1753016943853,1.1369836607417647,0.16980507069463213,6.6958168922202095,2.1447013853812696e-11,2.178828750491716e-09,protein_coding,SERTAD3
ENSG00000081479.15,1151.8404607158693,6.663510822881812,1.0038094573421363,6.638222796311665,3.174877353117334e-11,3.1009082807499687e-09,protein_coding,LRP2
ENSG00000188263.11,203.9610404967478,5.14239583329725,0.7767257176467682,6.620607141575116,3.5772652262117305e-11,3.4336812012699907e-09,protein_coding,IL17REL
ENSG00000162078.12,770.261938629394,4.281211476223764,0.6489485394873061,6.597150953766046,4.191339577841325e-11,3.902010986247195e-09,protein_coding,ZG16B
ENSG00000173335.5,107.59371863625933,9.739210195163164,1.4791299433534009,6.5844182513694305,4.566699051484801e-11,4.223210458376443e-09,protein_coding,CST9
ENSG00000196542.9,5218.011273960363,5.352046241023304,0.8140082973351911,6.574928361964161,4.867659817148314e-11,4.4317495443761495e-09,protein_coding,SPTSSB
ENSG00000110169.12,573.4980188454152,3.859542558280227,0.5913696731990464,6.526446541301013,6.734833852360144e-11,5.989483549977539e-09,protein_coding,HPX
ENSG00000150593.18,11403.430858344349,3.0025714423770653,0.46034735897254453,6.522403971380536,6.91893606761495e-11,6.133614789112413e-09,protein_coding,PDCD4
ENSG00000164128.7,4438.436009668908,7.207989764793424,1.107483226253645,6.508441476966072,7.593448072932497e-11,6.605350642442155e-09,protein_coding,NPY1R
ENSG00000103316.12,605.4466380865706,6.226811759585512,0.9668132328607547,6.440552888545671,1.19039065011302e-10,9.920872495971864e-09,protein_coding,CRYM
ENSG00000229453.3,131.3164892513946,6.9532028982081435,1.082501807348165,6.423271398725514,1.3337638372734792e-10,1.104959826617398e-08,protein_coding,SPINK8
ENSG00000174233.12,7294.729667153624,1.7865718528120513,0.2789164857057022,6.405400700111884,1.4997497030561063e-10,1.227853903949111e-08,protein_coding,ADCY6
ENSG00000126010.6,528.3661018811271,5.802181700676884,0.9193835816837352,6.310947700470045,2.7733191002096504e-10,2.1325444882164595e-08,protein_coding,GRPR
ENSG00000175356.14,2471.113942193572,5.887070010049082,0.9346538261375371,6.298663575130738,3.0022279636590677e-10,2.2895895231894194e-08,protein_coding,SCUBE2
ENSG00000148341.18,7124.3204513546,1.3512942272115231,0.2145237706042719,6.2990419355635465,2.9949096583977586e-10,2.2895895231894194e-08,protein_coding,SH3GLB2
ENSG00000129514.8,7273.649658703147,4.556280886785616,0.7263492831576115,6.272851082028179,3.5449593154976355e-10,2.659770552727552e-08,protein_coding,FOXA1
ENSG00000132825.7,1578.4522056239252,2.332931087854127,0.37215899276329195,6.268640912132855,3.642129430236197e-10,2.7180245260068306e-08,protein_coding,PPP1R3D
ENSG00000109062.12,21549.613128250956,3.259453807664273,0.5204573646081248,6.2626720828870575,3.7843588660772944e-10,2.816615331447261e-08,protein_coding,SLC9A3R1
ENSG00000162482.5,218.29640644207646,3.544257227461873,0.5660556189739161,6.261323284603227,3.8172423003751706e-10,2.8335135112864866e-08,protein_coding,AKR7A3
ENSG00000138449.11,3252.4716965659313,5.131216662464907,0.8220819542978304,6.24173372939157,4.327471783477553e-10,3.1533901718555276e-08,protein_coding,SLC40A1
ENSG00000103245.14,1516.286846214537,1.0971946969933768,0.17667026018323448,6.210409696886254,5.284663841856384e-10,3.7622481509441e-08,protein_coding,CIAO3
ENSG00000162891.11,337.35854884939147,7.233848313498693,1.1729228081429934,6.167369466496724,6.943538954126804e-10,4.868522678263821e-08,protein_coding,IL20
ENSG00000119711.13,1533.2345368997287,1.8895403249663492,0.310943426047191,6.07679779240478,1.2260620721827455e-09,8.112747040450807e-08,protein_coding,ALDH6A1
ENSG00000166446.15,1882.8432320311706,4.294152530662131,0.7158752419944467,5.998464926232834,1.991915308937054e-09,1.2432052587347945e-07,protein_coding,CDYL2
ENSG00000139531.13,1787.7992652897474,1.5363290377290797,0.2562312126433598,5.995869987422055,2.023989076263833e-09,1.2603973138004488e-07,protein_coding,SUOX
ENSG00000163141.20,488.60397430632185,3.833382948518611,0.643092260938502,5.960860021739854,2.509138375201516e-09,1.5230003325860537e-07,protein_coding,BNIPL
ENSG00000111052.8,723.0833041223034,4.959576337389324,0.8325011163723403,5.957441065065346,2.562180644640503e-09,1.5504534874828922e-07,protein_coding,LIN7A
ENSG00000174498.14,208.98785239356272,4.86455030915398,0.8167792428994027,5.955771221469587,2.5884822528037246e-09,1.5629716266604008e-07,protein_coding,IGDCC3
ENSG00000173114.13,247.1879314557091,6.094826949919047,1.0246338435411049,5.948297519488036,2.7094578063176825e-09,1.628951781785292e-07,protein_coding,LRRN3
ENSG00000108786.11,162.59327288337155,3.308491295253719,0.5568259630215262,5.941697253663829,2.820860307818038e-09,1.6886337102886645e-07,protein_coding,HSD17B1
ENSG00000166816.15,293.02014573851227,3.6639721878355624,0.6199462526128308,5.910144907551831,3.4180691258656214e-09,1.973970377336005e-07,protein_coding,LDHD
ENSG00000174456.16,448.7580973319474,1.2002450734972343,0.20318765068422528,5.907076879207289,3.482312690791781e-09,2.0069079929788822e-07,protein_coding,C12orf76
ENSG00000120832.10,654.1789034071523,1.4063708703225555,0.23832332979808202,5.9011044848781475,3.610761354607963e-09,2.0638429787857754e-07,protein_coding,MTERF2
ENSG00000148219.18,617.9330160558624,1.9685674025319377,0.3335865887384167,5.901218661028361,3.608263061600138e-09,2.0638429787857754e-07,protein_coding,ASTN2
ENSG00000050628.21,580.3216909221899,5.249836104189895,0.8906316711443534,5.894508666466458,3.7579787531835985e-09,2.1435880445413655e-07,protein_coding,PTGER3
ENSG00000099282.10,4412.124861985003,2.3955048542896584,0.40816557339422577,5.86895370515721,4.385538593810909e-09,2.43664375842955e-07,protein_coding,TSPAN15
ENSG00000115255.12,1524.3884025188452,3.0701624648413848,0.5270907466821906,5.824732238550451,5.7204239789617096e-09,3.091916929677246e-07,protein_coding,REEP6
ENSG00000160404.18,635.9352851880553,1.0748840280695753,0.18568996902265258,5.78859500988149,7.097759790783514e-09,3.7632998387857124e-07,protein_coding,TOR2A
ENSG00000211452.12,155.69681324800067,4.412331599202902,0.7634235271468762,5.779664160591173,7.484988814490903e-09,3.9257942119621397e-07,protein_coding,DIO1
ENSG00000198944.6,491.77226844136163,4.706658860895584,0.814499097383307,5.7785930960714245,7.532785926224764e-09,3.934008049575844e-07,protein_coding,SOWAHA
ENSG00000123191.16,1552.9479681764208,2.7590901084618316,0.4777246421741244,5.775482076673322,7.67330684359631e-09,3.9973392934483093e-07,protein_coding,ATP7B
ENSG00000139644.13,40362.073184124136,1.0771104376407732,0.1881537752819393,5.724628357984183,1.0366040898985509e-08,5.125206295988644e-07,protein_coding,TMBIM6
ENSG00000148218.16,3023.1223300889696,1.164820179747289,0.2036173733857089,5.720632578541273,1.0612817760062878e-08,5.228644162285137e-07,protein_coding,ALAD
ENSG00000183401.12,531.7906202795016,2.4026223334322245,0.42019444393197414,5.717882204604278,1.0785986899747436e-08,5.295215720306343e-07,protein_coding,CCDC159
ENSG00000172602.11,636.8344216364677,3.566704862376586,0.6265612759196766,5.6925076595921436,1.2518698069288141e-08,6.01848841894136e-07,protein_coding,RND1
ENSG00000136883.16,1740.0545943077952,4.345167904651955,0.7647202856928897,5.682035622626293,1.3310092825951299e-08,6.333328955609921e-07,protein_coding,KIF12
ENSG00000132932.19,493.3136317953405,4.52261644126905,0.7991125817605254,5.659548534832566,1.5177172340837332e-08,7.136347454046419e-07,protein_coding,ATP8A2
ENSG00000175895.5,3561.9332209049885,1.9600372766677765,0.3488508877877017,5.618553213660118,1.925630901575707e-08,8.816095686885095e-07,protein_coding,PLEKHF2
ENSG00000140798.17,239.5327770690453,6.401200960881151,1.1402262912508476,5.613974182141446,1.9773172983916052e-08,9.02304988820143e-07,protein_coding,ABCC12
ENSG00000143845.15,1629.6903821670708,2.876830490406263,0.5138516550288176,5.598562274251945,2.161367630307362e-08,9.719520090021926e-07,protein_coding,ETNK2
ENSG00000139865.17,736.3874569074729,4.099436542517642,0.732466079330314,5.596759574539907,2.183952381841794e-08,9.773713585361444e-07,protein_coding,TTC6
ENSG00000107485.18,10026.611169913273,4.523482575417604,0.8095698172573885,5.587513861055224,2.3034337821269998e-08,1.0226217345978814e-06,protein_coding,GATA3
ENSG00000078295.17,371.4605745088301,6.168359559522847,1.104736126439384,5.583559197438176,2.356455174130983e-08,1.0413005357639318e-06,protein_coding,ADCY2
ENSG00000185352.9,724.8702091325541,4.537521847714232,0.8144096521962876,5.571547237287171,2.5248688458920866e-08,1.1022390746244523e-06,protein_coding,HS6ST3
ENSG00000131080.15,283.7670522798305,5.292135815600259,0.9502681465734155,5.569097348662314,2.560623993268676e-08,1.110241892159297e-06,protein_coding,EDA2R
ENSG00000114737.16,1361.3186435892826,3.019505175309357,0.5425503628642998,5.56539149539668,2.6156449894231688e-08,1.1323342756700362e-06,protein_coding,CISH
ENSG00000244187.8,622.6763409991273,1.229996239407212,0.22145854709847473,5.55406984974157,2.790938714272127e-08,1.195208770007368e-06,protein_coding,TMEM141
ENSG00000160867.15,5922.0487381268085,3.5360288101238284,0.637813768059541,5.543983192588803,2.95667228285529e-08,1.2603664573592627e-06,protein_coding,FGFR4
ENSG00000122584.13,122.25359691890763,7.846821903070213,1.4192959607024145,5.528672046094455,3.2266389072951064e-08,1.3567480456717007e-06,protein_coding,NXPH1
ENSG00000183323.13,1933.1444251472533,1.9425770245840177,0.35147896524109573,5.526865663928178,3.260023857119372e-08,1.36871831201772e-06,protein_coding,CCDC125
ENSG00000124935.4,536.9111988651867,7.063084356062505,1.279868230937287,5.518602763418848,3.4170562947309976e-08,1.4239098655708392e-06,protein_coding,SCGB1D2
ENSG00000103024.8,2002.5111273056657,1.9447015027500205,0.3526423771331893,5.514656288786096,3.4946223973593813e-08,1.4518852097447127e-06,protein_coding,NME3
ENSG00000106077.19,3958.2696241080125,1.5056230717384442,0.2734809600902215,5.505403634833439,3.683233918469744e-08,1.5144239195646054e-06,protein_coding,ABHD11
ENSG00000124126.14,5467.980147414218,4.336198298563616,0.7886820381646079,5.498031004553696,3.840554159348414e-08,1.5606666507974081e-06,protein_coding,PREX1
ENSG00000099337.5,2398.8211439222973,3.1447724360846596,0.5724451863735038,5.493578269051575,3.938704249671447e-08,1.593572260085093e-06,protein_coding,KCNK6
ENSG00000188488.14,572.3744459229545,5.948256208263611,1.0833253631229238,5.49073843440391,4.0025674524225587e-08,1.6137151354875603e-06,protein_coding,SERPINA5
ENSG00000086548.9,4396.669846730997,5.820749810176236,1.060131498097339,5.4905922714521465,4.005881443533209e-08,1.6137151354875603e-06,protein_coding,CEACAM6
ENSG00000115648.14,11875.853476906963,3.3817460982776266,0.6183194116800187,5.469254295428276,4.5193294879535435e-08,1.7971436518096406e-06,protein_coding,MLPH
ENSG00000256870.3,284.3439600412899,8.54400094119441,1.562318615457528,5.468795453539599,4.5310427710905105e-08,1.7992311922407339e-06,protein_coding,SLC5A8
ENSG00000177548.13,2264.9942831212484,1.1281541015405068,0.20716063172472776,5.445793885392195,5.1574831623498517e-08,2.0163441194827314e-06,protein_coding,RABEP2
ENSG00000150667.8,179.30230331228566,3.8509970668425133,0.708224119409039,5.437540125089058,5.402118723514168e-08,2.08851912205195e-06,protein_coding,FSIP1
ENSG00000173890.17,1931.0560069133082,3.2638691848428447,0.600862990575564,5.431969077869813,5.573558243613792e-08,2.1399388588859797e-06,protein_coding,GPR160
ENSG00000160179.19,1234.6474454796323,3.7254640955222436,0.6861631684854562,5.429414265626249,5.6539305652287184e-08,2.1648254637373673e-06,protein_coding,ABCG1
ENSG00000197070.14,3818.6591619581795,1.799004678305652,0.33149214070413174,5.4269904393037365,5.731219699975521e-08,2.1914042797873437e-06,protein_coding,ARRDC1
ENSG00000156398.13,1560.901181016154,2.4877189473288936,0.45991309543684333,5.409106572549237,6.333993155474031e-08,2.4020849247380806e-06,protein_coding,SFXN2
ENSG00000187720.15,4865.829476573365,2.9643974966285014,0.5482344406537684,5.40717123333854,6.402792431144043e-08,2.4182921317954628e-06,protein_coding,THSD4
ENSG00000139323.14,1238.7235391038105,1.3936681489591272,0.25821700629411376,5.397274830813096,6.766070607417876e-08,2.5520371467220055e-06,protein_coding,POC1B
ENSG00000177981.11,1607.778355316253,1.141824921951856,0.21163384436837254,5.395285075313289,6.841484169771733e-08,2.570034458161484e-06,protein_coding,ASB8
ENSG00000157578.14,134.11329726413936,1.7377987534788621,0.3222830197843497,5.392151142935427,6.961916971318852e-08,2.608235811758164e-06,protein_coding,LCA5L
ENSG00000174945.14,1087.2457034227689,3.847578896204442,0.7137404585753973,5.3907255080986785,7.017379374623464e-08,2.6239956061799294e-06,protein_coding,AMZ1
ENSG00000183844.17,127.89822726070015,4.487666368128151,0.8332187506455266,5.38594020435976,7.206692076431418e-08,2.675169856488224e-06,protein_coding,FAM3B
ENSG00000150594.7,206.95771857119524,4.969860468363674,0.9233252926848349,5.382567235770581,7.343093453650625e-08,2.718116348082697e-06,protein_coding,ADRA2A
ENSG00000099338.23,265.8152317067125,2.7862823315246144,0.5183063099365224,5.375744570552988,7.626684903804644e-08,2.8156021350438475e-06,protein_coding,CATSPERG
ENSG00000154654.15,1705.2558237809687,4.864095794758262,0.9093924668542848,5.348731127698744,8.857301133913928e-08,3.1813139917887494e-06,protein_coding,NCAM2
ENSG00000144452.15,2408.20719127179,4.4726157368058574,0.8364331702929478,5.347248167166055,8.930153552787287e-08,3.199224637006267e-06,protein_coding,ABCA12
ENSG00000140264.21,6872.112377963413,1.0878333520239487,0.20378883768645373,5.338041888720479,9.395575498071107e-08,3.3401690876667606e-06,protein_coding,SERF2
ENSG00000143409.17,1676.0147897820686,2.209457994386418,0.41454039700943873,5.329897906997254,9.826799220013058e-08,3.4625162416238413e-06,protein_coding,MINDY1
ENSG00000005844.19,128.66853420698783,3.7465332987381994,0.7032991864519607,5.327083225616826,9.98024413535508e-08,3.5077029766634344e-06,protein_coding,ITGAL
ENSG00000152642.11,3123.531455380168,1.8080522763114701,0.3407137095283083,5.306661357462188,1.116513269916908e-07,3.85598801258152e-06,protein_coding,GPD1L
ENSG00000171428.15,864.8613736505612,2.9412439562404056,0.5546209295611755,5.303160770668288,1.1381460133748876e-07,3.91612267346148e-06,protein_coding,NAT1
ENSG00000108061.13,4218.660430774571,1.9046897514188428,0.3594987311427605,5.298182125328481,1.1696127566099348e-07,4.004592951167791e-06,protein_coding,SHOC2
ENSG00000176058.13,2133.134724972792,1.3593966489848934,0.2573799741275856,5.2816721797906006,1.2801009928615868e-07,4.366775886923422e-06,protein_coding,TPRN
ENSG00000137501.18,3956.2531850811333,3.444380217830408,0.6546933689082802,5.26105865952791,1.432283270770001e-07,4.850247825444495e-06,protein_coding,SYTL2
ENSG00000177169.10,4458.770838156152,1.2239104247251804,0.232992759947439,5.252997668259233,1.4964343164601537e-07,5.04294741319429e-06,protein_coding,ULK1
ENSG00000186868.18,1779.5942656280688,3.9679559099113777,0.7591948360150081,5.226531743470575,1.7271917788322392e-07,5.723584566139787e-06,protein_coding,MAPT
ENSG00000113494.17,11273.360039874038,3.8376986871990777,0.7344810788183435,5.225047721274575,1.7411019964501982e-07,5.755975673775263e-06,protein_coding,PRLR
ENSG00000124171.9,1627.4117586286,2.536758011848094,0.4857923804021012,5.221897489928439,1.7709900253675871e-07,5.847838475223269e-06,protein_coding,PARD6B
ENSG00000152137.8,3629.2006002108947,4.561095733459686,0.8739757260476972,5.2187899475033745,1.8009587038971513e-07,5.92570762194812e-06,protein_coding,HSPB8
ENSG00000160325.15,1898.4150609161106,1.376619161665527,0.26413599498269125,5.211781763238048,1.870354985234737e-07,6.117885002231979e-06,protein_coding,CACFD1
ENSG00000100711.14,1980.6645620458032,1.0653662356654774,0.20479324581328426,5.202155136682592,1.969906750630552e-07,6.413371264392052e-06,protein_coding,ZFYVE21
ENSG00000092068.21,2193.7535377383224,4.167131263174855,0.8012253949183396,5.200947560579463,1.9827504426217443e-07,6.4401215076801486e-06,protein_coding,SLC7A8
ENSG00000124302.13,118.54231777808107,4.6238216794923614,0.8891830879957221,5.200078298739086,1.9920459096566487e-07,6.4627727204198695e-06,protein_coding,CHST8
ENSG00000112964.14,1015.221941804362,4.502162694643597,0.8666562568636336,5.194865506350348,2.048678937267012e-07,6.631049639274947e-06,protein_coding,GHR
ENSG00000134287.10,11423.295784125765,1.0722105043916972,0.20648473701134856,5.192686490589217,2.0728106815806537e-07,6.678097006073968e-06,protein_coding,ARF3
ENSG00000187848.15,297.3811929467303,4.568742989608789,0.8802028310956775,5.19055702640903,2.096658943751724e-07,6.739330064465704e-06,protein_coding,P2RX2
ENSG00000197375.14,3171.4431149610655,2.083178785561652,0.40179843513628755,5.184636383302615,2.1643671530900897e-07,6.909096797410062e-06,protein_coding,SLC22A5
ENSG00000151117.9,1059.9173535791797,2.857963036043711,0.5518677840913414,5.178709680887407,2.2342585383893235e-07,7.083464769317222e-06,protein_coding,TMEM86A
ENSG00000204323.5,282.0527825980257,3.0143910189255747,0.5820726022604222,5.178719986509382,2.2341351360333834e-07,7.083464769317222e-06,protein_coding,SMIM5
ENSG00000109472.14,9762.781008958502,3.6312466617591186,0.7023555214196331,5.17009769414139,2.3397164811264807e-07,7.350829341832586e-06,protein_coding,CPE
ENSG00000157353.17,1530.7619717016228,1.4334791856031834,0.2772825409118693,5.16974195666649,2.344174509872808e-07,7.356532317567022e-06,protein_coding,FCSK
ENSG00000145687.17,1548.8343270872997,2.1846009289845347,0.4228523613995736,5.166344399151173,2.3871675529951693e-07,7.4830175681501725e-06,protein_coding,SSBP2
ENSG00000239305.7,1203.2278042120727,1.0827294320974707,0.2095983993292495,5.165733305036627,2.394980808299129e-07,7.499064767133246e-06,protein_coding,RNF103
ENSG00000167964.13,769.6274181937271,2.7028090791817863,0.5244729171393084,5.153381596754359,2.55830628387129e-07,7.94788099529478e-06,protein_coding,RAB26
ENSG00000133424.22,2004.0827142261903,3.123122042244758,0.6060634416191857,5.153127259913397,2.5617798890833787e-07,7.949799887683939e-06,protein_coding,LARGE1
ENSG00000124406.17,1412.3323596456853,3.4508134066525415,0.6712350029435569,5.140991443413619,2.7329250112551334e-07,8.424551562934429e-06,protein_coding,ATP8A1
ENSG00000174206.13,550.5933942197623,1.140437941668121,0.22239343373950549,5.128019845243911,2.9280558331556504e-07,8.888261959838679e-06,protein_coding,KICS2
ENSG00000185133.14,1310.9209870005384,2.604736754276426,0.5090417323662081,5.116941477801196,3.1052991798436153e-07,9.365017114856649e-06,protein_coding,INPP5J
ENSG00000166225.9,3969.366645825436,1.774692584855534,0.34781990109427036,5.102331923136668,3.3549366436402035e-07,1.006336383753973e-05,protein_coding,FRS2
ENSG00000181788.4,2115.448961233194,1.5749534861928332,0.309106858223038,5.09517483774629,3.4841955556129514e-07,1.036175934679937e-05,protein_coding,SIAH2
ENSG00000147475.17,7248.232749735088,2.0421727070776816,0.4011932901926079,5.090246414882113,3.575985045684115e-07,1.0600758224884241e-05,protein_coding,ERLIN2
ENSG00000107281.10,4289.632925544842,1.7295423691501364,0.33983919085969155,5.089296395671468,3.593945020902764e-07,1.0608807380896007e-05,protein_coding,NPDC1
ENSG00000166821.9,1430.6211197158916,2.0390008670046984,0.4012521562423714,5.08159479091513,3.742791587017376e-07,1.0978329464300914e-05,protein_coding,PEX11A
ENSG00000237441.10,6603.852925982714,1.4533724980573097,0.28752593957506234,5.054752625816176,4.309489780639584e-07,1.244387526285098e-05,protein_coding,RGL2
ENSG00000180777.15,1389.8122113305842,5.292526904958237,1.0480494694490454,5.049882719506068,4.4208139399868654e-07,1.2725726663234167e-05,protein_coding,ANKRD30B
ENSG00000008283.16,12021.814404271528,1.720390029017062,0.34077043013969677,5.0485308490874585,4.452205865702412e-07,1.2763295826744834e-05,protein_coding,CYB561
ENSG00000089177.19,2342.435074492274,1.8183095566808882,0.3618004768628812,5.025724599500761,5.015352010864084e-07,1.4158959287465785e-05,protein_coding,KIF16B
ENSG00000187535.14,1948.9959267974725,1.2068303403835134,0.24012682731683285,5.025803879843769,5.013280276433019e-07,1.4158959287465785e-05,protein_coding,IFT140
ENSG00000156675.16,7576.836916972455,2.6865819883814774,0.5351332709899334,5.020397971913834,5.156453430408748e-07,1.451314840130009e-05,protein_coding,RAB11FIP1
ENSG00000179627.10,1305.6528190088761,1.760329068859582,0.3518790082862756,5.002654399399251,5.654626031279824e-07,1.5819313588613588e-05,protein_coding,ZBTB42
ENSG00000106565.18,272.3813585772823,5.075655164478855,1.0154339632134088,4.998508370171709,5.77754993101963e-07,1.6114617222431102e-05,protein_coding,TMEM176B
ENSG00000100596.8,6993.315967630393,1.5049290386939917,0.30226730548932124,4.978801912624187,6.397908152667012e-07,1.7615447214405434e-05,protein_coding,SPTLC2
ENSG00000235169.11,125.33133222620602,2.3225964223715323,0.46773652584512176,4.965608401385777,6.848602516156585e-07,1.8616962855442843e-05,protein_coding,SMIM1
ENSG00000103460.17,412.4577994540369,5.078329930497867,1.0294853910638098,4.932881976353467,8.102511818757723e-07,2.1548986282176045e-05,protein_coding,TOX3
ENSG00000106537.8,10994.002584539681,2.638511530359414,0.5348895228906109,4.932815875885104,8.105255294380773e-07,2.1548986282176045e-05,protein_coding,TSPAN13
ENSG00000124664.11,7694.9424384795475,4.471252764896254,0.9078008327659186,4.9253675514629,8.420192944803889e-07,2.2343612088804676e-05,protein_coding,SPDEF
ENSG00000173175.16,2693.805140636593,5.237212280253897,1.063857715369294,4.922850306571229,8.529269619231142e-07,2.254707968859621e-05,protein_coding,ADCY5
ENSG00000150873.12,132.3141267720745,3.6339387129837166,0.7382733075770155,4.92221332626824,8.557086092360607e-07,2.2599150708439264e-05,protein_coding,C2orf50
ENSG00000084444.14,2039.1083502505364,2.4443163877741982,0.4993436897188428,4.895058129502906,9.82766745832733e-07,2.5424066112453493e-05,protein_coding,FAM234B
ENSG00000141424.13,18231.80304375991,2.9655146808324986,0.606093393582245,4.892834523909206,9.93939728797916e-07,2.5665404722466413e-05,protein_coding,SLC39A6
ENSG00000177076.6,352.6693454480594,2.2299080798387454,0.4560628311452562,4.889475588789034,1.0110495918554316e-06,2.603476081303219e-05,protein_coding,ACER2
ENSG00000174132.9,1175.7684146423085,1.6902363230843795,0.3457372237767646,4.888788961224871,1.0145818917998099e-06,2.6053414704925744e-05,protein_coding,FAM174A
ENSG00000183888.4,287.0527007504641,6.552240089931444,1.3409601073914503,4.88623043580127,1.0278489084984574e-06,2.6321253189478437e-05,protein_coding,SRARP
ENSG00000105707.15,272.36890458711133,4.466866007395894,0.9163536192909146,4.874609444825905,1.09023929699727e-06,2.7714978147229225e-05,protein_coding,HPN
ENSG00000100075.10,6248.410435227233,1.083076041887226,0.2222434439240485,4.873376792421227,1.0970669737336485e-06,2.782315478105771e-05,protein_coding,SLC25A1
ENSG00000141279.18,6200.100985170197,1.1191714397099453,0.22977688812200828,4.870687599858525,1.1121055429526619e-06,2.814233626693663e-05,protein_coding,NPEPPS
ENSG00000155367.16,191.28616358326332,2.5998949090855628,0.5354570088934278,4.855469002933568,1.201021413299963e-06,3.0145745771521886e-05,protein_coding,PPM1J
ENSG00000144228.9,2496.9211832773026,1.3000033412973073,0.2685688934032928,4.840483664447226,1.2952350344313671e-06,3.219121644502816e-05,protein_coding,SPOPL
ENSG00000108639.8,12145.758627725449,1.4312082841834164,0.2962432621617767,4.83119269528514,1.35717571350025e-06,3.349143897251149e-05,protein_coding,SYNGR2
ENSG00000139629.16,5697.1050321586445,3.230670559471586,0.6702101346387442,4.820384521957397,1.4328177734576249e-06,3.5109080582716944e-05,protein_coding,GALNT6
ENSG00000135093.13,784.6316221892855,1.1085768608181175,0.23070715245875587,4.805125671239432,1.5465433247022106e-06,3.760447312057214e-05,protein_coding,USP30
ENSG00000085831.16,4246.351439328046,3.1274844804163577,0.652228432821019,4.795075349428357,1.6261369628925398e-06,3.939525543870908e-05,protein_coding,TTC39A
ENSG00000187889.13,118.58262974002697,4.462728580129601,0.9319931887814948,4.788370380650802,1.6814111043146557e-06,4.038288136298771e-05,protein_coding,FYB2
ENSG00000086544.4,1447.082104300511,1.251947850281489,0.2614393179202237,4.788674711366527,1.6788636236022131e-06,4.038288136298771e-05,protein_coding,ITPKC
ENSG00000125508.4,1113.741608666862,3.8789198352468794,0.8122705887804292,4.775403527869724,1.7934725434712016e-06,4.281569615785966e-05,protein_coding,SRMS
ENSG00000167861.16,10240.678412857002,3.2481948456632566,0.6804431469014601,4.773646204616197,1.8092009739522385e-06,4.309479144417346e-05,protein_coding,HID1
ENSG00000198807.13,565.7360380147586,3.0203306117767785,0.6327601418087405,4.773263061644787,1.8126477444510476e-06,4.3125523602170395e-05,protein_coding,PAX9
ENSG00000157693.15,2100.0795331583904,1.2538800919131277,0.26275258299584514,4.772094255427186,1.8232014027418505e-06,4.333956810138527e-05,protein_coding,TMEM268
ENSG00000144331.20,160.9027065693083,3.893048313009548,0.8164820803652433,4.768075634027436,1.8599396202251809e-06,4.398749300644702e-05,protein_coding,ZNF385B
ENSG00000114790.13,1475.8196887708027,2.308607468690355,0.4844161262001453,4.765752715128464,1.8814990491186474e-06,4.4418985866746414e-05,protein_coding,ARHGEF26
ENSG00000141527.19,1104.143413399506,2.5125784699330302,0.5278545930861849,4.759982205028936,1.936100286913932e-06,4.547956758357486e-05,protein_coding,CARD14
ENSG00000250722.6,646.8074888923364,3.9953949508237163,0.840126334689002,4.755707309547358,1.977528079199845e-06,4.6413551106751174e-05,protein_coding,SELENOP
ENSG00000066583.12,2735.175633224441,1.800427648855875,0.3788884841619232,4.751866905742212,2.0154702835751518e-06,4.710548347069515e-05,protein_coding,ISOC1
ENSG00000100033.17,1910.6266750844927,4.232028842311688,0.8953542020838715,4.726653242327952,2.282505516216598e-06,5.272682452232799e-05,protein_coding,PRODH
ENSG00000117472.10,3485.7213884107414,3.6844659163861224,0.7801419577005989,4.72281471342186,2.326027488091361e-06,5.351016624670341e-05,protein_coding,TSPAN1
ENSG00000149043.17,803.334947124643,3.973448846125477,0.8413186164886521,4.722882351883713,2.3252537396096405e-06,5.351016624670341e-05,protein_coding,SYT8
ENSG00000095539.16,450.48711940897357,1.8456871755901307,0.3958961621159165,4.662048668836862,3.1307712611423257e-06,6.922013409464478e-05,protein_coding,SEMA4G
ENSG00000105519.18,936.8427096653805,2.8767127302973035,0.6177133652881087,4.657034948491961,3.2079600471914934e-06,7.059033665899005e-05,protein_coding,CAPS
ENSG00000135124.16,1282.0826069403,1.4665024515927743,0.31503208491394097,4.655089185577357,3.238404981688681e-06,7.109167276836444e-05,protein_coding,P2RX4
ENSG00000181982.20,1141.2911109670551,1.2400168672599308,0.2669653996957584,4.644859853273459,3.403073901152182e-06,7.42382171727838e-05,protein_coding,CCDC149
ENSG00000115616.3,1000.1283378016319,3.4976516433960145,0.7534794773913809,4.641999879685144,3.4505306212731324e-06,7.510400787550723e-05,protein_coding,SLC9A2
ENSG00000139970.18,402.98717352225,4.366351607763901,0.9408736857811938,4.640741550911356,3.4716110270470203e-06,7.537891150458724e-05,protein_coding,RTN1
ENSG00000197496.6,3893.146767071817,3.1160813693043985,0.6751601709955166,4.6153216720556385,3.924869288151442e-06,8.384701573674868e-05,protein_coding,SLC2A10
ENSG00000137216.19,4907.177106741579,1.138206730386139,0.24886554642151001,4.573580982794335,4.794582381706896e-06,9.989670297694097e-05,protein_coding,TMEM63B
ENSG00000164976.9,4017.3286170822794,1.986829187620353,0.43501311646205726,4.567285703426941,4.940803739213571e-06,0.00010225443337156058,protein_coding,MYORG
ENSG00000160345.13,260.06662316305915,1.5586989841258267,0.34167162562118003,4.561979594565443,5.0673573016478895e-06,0.00010471786031824103,protein_coding,PIERCE1
ENSG00000135452.10,1419.3850661815836,1.485076016867128,0.32566029992584605,4.560199745579319,5.110498604950217e-06,0.00010544145528675897,protein_coding,TSPAN31
ENSG00000182890.5,201.02610122361926,2.416101497054774,0.5308951379647909,4.550995713234448,5.3392636057629275e-06,0.0001090416300293594,protein_coding,GLUD2
ENSG00000008196.13,2108.902317665394,6.735477582249574,1.482667152565609,4.542811628755986,5.550885034741574e-06,0.00011278425972778574,protein_coding,TFAP2B
ENSG00000125967.17,2900.511991639569,1.278223750940071,0.2815863087767254,4.539367544157114,5.642321077101585e-06,0.00011405929520856914,protein_coding,NECAB3
ENSG00000145824.13,1668.887668441616,5.163697275580125,1.1377635434152822,4.538462587823823,5.666584653181847e-06,0.0001144666548664513,protein_coding,CXCL14
ENSG00000135218.19,675.1531978220053,4.68681378668711,1.0339348694950892,4.53298744917643,5.815527183637959e-06,0.00011705062522324382,protein_coding,CD36
ENSG00000077063.11,201.33458178069668,4.648236759681094,1.0265933978035926,4.527826469200021,5.959348798424388e-06,0.00011951328036955423,protein_coding,CTTNBP2
ENSG00000236699.9,597.3770858271319,3.184871267504294,0.7034832505121973,4.527287984732301,5.974549408943409e-06,0.00011964572471032284,protein_coding,ARHGEF38
ENSG00000003989.18,4088.0203059297496,4.623019931904908,1.0222421833146822,4.522431188384816,6.113336388911254e-06,0.00012184967346966257,protein_coding,SLC7A2
ENSG00000132326.12,1168.5311090623456,1.3710325041501246,0.3034692088925947,4.517863638137228,6.246668992883078e-06,0.00012402444941932478,protein_coding,PER2
ENSG00000164402.14,6874.2849496675135,1.3763250442500194,0.3047071229332357,4.516878473338432,6.275789802307898e-06,0.00012442513172154036,protein_coding,SEPTIN8
ENSG00000150893.11,1866.0337371000146,3.575343573985194,0.792362826995248,4.5122555629513865,6.414183602203575e-06,0.00012662781188009837,protein_coding,FREM2
ENSG00000172403.11,6188.690339303456,3.8620923566803005,0.8560959768657277,4.51128431980243,6.4436281139089776e-06,0.00012711894555547153,protein_coding,SYNPO2
ENSG00000109436.8,3497.104933658987,2.172087403342473,0.4816685702684599,4.509506198695612,6.497869614289402e-06,0.00012782664210838149,protein_coding,TBC1D9
ENSG00000108604.18,8766.951428041022,1.2620661819546228,0.2799233491134901,4.5086134684782575,6.525266756357103e-06,0.0001282749473375398,protein_coding,SMARCD2
ENSG00000137975.8,1451.0323538626305,4.262138964363681,0.9478012456941453,4.49686997535248,6.896113082839767e-06,0.00013405042162983782,protein_coding,CLCA2
ENSG00000124243.19,1079.1700785225914,1.9212753694224842,0.4279709862027203,4.4892654674315216,7.14691861894127e-06,0.0001384555387201956,protein_coding,BCAS4
ENSG00000184678.11,1819.7768384986282,2.6441063678729906,0.5893968129089479,4.486122608676986,7.253101299252459e-06,0.00014020647761527183,protein_coding,H2BC21
ENSG00000131914.11,283.65671777848337,5.280755831352442,1.1773716996999142,4.485207035890525,7.2843169629624134e-06,0.00014071217694727395,protein_coding,LIN28A
ENSG00000090013.11,4338.937228901136,1.772390584265995,0.39559360988891784,4.480331683728865,7.452713222570319e-06,0.00014346730654458324,protein_coding,BLVRB
ENSG00000147471.12,3092.754092948666,1.7335359431926538,0.38720121227028037,4.4770932741361955,7.566619632059764e-06,0.00014511634046462655,protein_coding,PLPBP
ENSG00000135472.9,160.16555949926132,3.9382514235940875,0.879916342664551,4.475711192803087,7.615737497064611e-06,0.00014579894702083254,protein_coding,FAIM2
ENSG00000085719.13,9341.900899048098,1.113306163544816,0.2490403900109069,4.470383954570814,7.807929969839314e-06,0.00014848031250138093,protein_coding,CPNE3
ENSG00000169895.6,6293.35844579126,1.1999857914519363,0.2684321275933279,4.470350856324856,7.809138435911112e-06,0.00014848031250138093,protein_coding,SYAP1
ENSG00000168010.11,1943.1602040361922,1.5027572435167083,0.3365992925556358,4.464528823299059,8.02451460800693e-06,0.00015174618792695714,protein_coding,ATG16L2
ENSG00000104863.12,405.9175502793738,1.1989408634712095,0.26942344575823723,4.450024236372731,8.586059934926156e-06,0.00016072734656933724,protein_coding,LIN7B
ENSG00000112874.10,1129.3693544947853,1.2753437003473294,0.28700631748445793,4.443608459651388,8.846252933451129e-06,0.00016464660861424186,protein_coding,NUDT12
ENSG00000110315.7,2845.582937659569,1.3277224124636893,0.29901900152544153,4.4402610057900365,8.9849838051065e-06,0.0001668485718471945,protein_coding,RNF141
ENSG00000095585.18,330.07154974028555,3.5047654086217213,0.7905732260452613,4.433195171753855,9.284674542512133e-06,0.00017161235097301974,protein_coding,BLNK
ENSG00000070759.17,423.1640445863115,1.6981588621820283,0.38352753377002324,4.427736505615018,9.522713184798381e-06,0.00017521887461920555,protein_coding,TESK2
ENSG00000213853.10,9818.74646556103,1.4932413309466013,0.3374719820505559,4.424786087050338,9.653789336315012e-06,0.00017702429510254588,protein_coding,EMP2
ENSG00000162975.5,523.7101374802177,4.176339030070167,0.9465687475717652,4.41208210262988,1.0238127294841622e-05,0.00018647876425680214,protein_coding,KCNF1
ENSG00000198353.8,711.2933721669514,2.5003620682226138,0.5672615790349873,4.407776166466577,1.0443739222269753e-05,0.00018938887621570088,protein_coding,HOXC4
ENSG00000168899.5,663.4653775222906,3.286030837558914,0.7457409328380572,4.406397306170799,1.0510410297178802e-05,0.00019034989006653814,protein_coding,VAMP5
ENSG00000133710.17,139.8141983670255,4.807131246907994,1.097565518993896,4.37981256127155,1.1878143534119088e-05,0.00021127156767778847,protein_coding,SPINK5
ENSG00000133678.14,1185.9630558334661,1.310695785306416,0.29945827864791597,4.376889465952781,1.2038498512158048e-05,0.0002137140590461935,protein_coding,TMEM254
ENSG00000091262.17,326.59963069306366,3.064470730738754,0.7012868938991592,4.369781835933478,1.2437072783771599e-05,0.00021952971338558416,protein_coding,ABCC6
ENSG00000172345.14,124.70639587281948,1.5880022311581143,0.3636177118291736,4.367230141704849,1.2583211950749088e-05,0.0002219684967433787,protein_coding,STARD5
ENSG00000108352.13,7899.680362340314,2.6028417921683773,0.5972266420980726,4.35821446783507,1.3112785431079688e-05,0.00022927606486151646,protein_coding,RAPGEFL1
ENSG00000168772.12,136.5464355394895,3.4024949663596535,0.7807023345125818,4.358248740839161,1.3110732578023613e-05,0.00022927606486151646,protein_coding,CXXC4
ENSG00000148735.16,2008.9133024544353,4.153119376135921,0.9533332172992982,4.356419456254037,1.3220731046557493e-05,0.00023101837376771775,protein_coding,PLEKHS1
ENSG00000188959.10,862.5376087703721,3.4166471421025553,0.7846123736245464,4.354566989963751,1.3333020399441658e-05,0.0002326789602304479,protein_coding,C9orf152
ENSG00000118242.16,1234.3710471238028,1.758923276494914,0.40401831428428925,4.353573128512288,1.3393638857622837e-05,0.000233453557445704,protein_coding,MREG
ENSG00000110090.13,10571.277910478368,1.8118517251187265,0.4162667845708491,4.352621425191678,1.3451932323008979e-05,0.00023432289620981098,protein_coding,CPT1A
ENSG00000186862.20,178.28026603023062,1.8069886656276712,0.41601260533274503,4.34359113753864,1.4017228697233788e-05,0.00024187760339471466,protein_coding,PDZD7
ENSG00000114770.17,10343.621258052182,1.6484216135870253,0.3795655999911596,4.342916253805451,1.4060374207461768e-05,0.00024234339098384259,protein_coding,ABCC5
ENSG00000183779.7,3653.0632481091548,2.3560473969975346,0.542812555033266,4.340443814629795,1.4219522460362836e-05,0.00024493479406352715,protein_coding,ZNF703
ENSG00000198788.9,895.6148880980406,3.0711542814783503,0.7077013941845784,4.3396188091687575,1.4273008385822825e-05,0.0002457040577784565,protein_coding,MUC2
ENSG00000171954.13,112.23353773185907,5.05585080302519,1.1664681012815343,4.334324099793732,1.4620863968143366e-05,0.00025122615396125847,protein_coding,CYP4F22
ENSG00000163873.10,473.0473902030018,4.907698894147699,1.1330797724188106,4.331291594475404,1.4823721356347322e-05,0.0002542409782349255,protein_coding,GRIK3
ENSG00000184709.7,213.22110605221116,3.205613508795596,0.740216997010816,4.330640233527029,1.4867642476746548e-05,0.0002548372512208848,protein_coding,LRRC26
ENSG00000185499.17,8390.573623897357,2.8700556459070894,0.6633227036644327,4.326786389267052,1.513005607416617e-05,0.00025869793665877735,protein_coding,MUC1
ENSG00000170442.12,1117.4094298746993,3.8523457422687364,0.8915172246206025,4.3211119604651,1.552448723217278e-05,0.00026407870586056537,protein_coding,KRT86
ENSG00000110436.13,268.8764511837574,3.2829196103809015,0.7598133115738498,4.320692412693824,1.555403604591807e-05,0.0002640850973208257,protein_coding,SLC1A2
ENSG00000174749.6,1289.8595799884563,1.9354435475033949,0.4482396312172131,4.317876895997836,1.575372498879064e-05,0.0002671127609120012,protein_coding,FAM241A
ENSG00000176896.9,176.8810436939867,1.2283173089984774,0.2845645764192828,4.316480021703937,1.585370225376505e-05,0.00026794393195859377,protein_coding,TCEANC
ENSG00000123358.20,2328.300836008443,2.284053739785747,0.5292546466582871,4.315604509487556,1.5916672553054787e-05,0.0002686819267354961,protein_coding,NR4A1
ENSG00000123124.14,5272.921449532513,1.3548519839704305,0.3149313131124309,4.302055488165277,1.6922091806456807e-05,0.0002828462197004721,protein_coding,WWP1
ENSG00000139324.12,2695.4995627861217,1.1539221965584665,0.26841099464430224,4.299086921113802,1.715032060957031e-05,0.0002862088276306949,protein_coding,TMTC3
ENSG00000243566.7,1753.5640372465925,4.3702820254661665,1.018855888646916,4.289401547524143,1.7915520787695043e-05,0.0002973024598227148,protein_coding,UPK3B
ENSG00000121101.16,192.44879715801653,3.35276220582636,0.7816530605457458,4.28932268682666,1.7921882726775234e-05,0.0002973024598227148,protein_coding,TEX14
ENSG00000015532.10,3971.105114832548,1.3313409168824917,0.31084922848342955,4.2829153007000675,1.844604027967244e-05,0.0003038248385946521,protein_coding,XYLT2
ENSG00000169372.13,423.8897363638074,1.095527944681463,0.2558802084109004,4.281409459078718,1.8571328328665703e-05,0.0003053464237192785,protein_coding,CRADD
ENSG00000186526.13,669.8914757588375,5.501661538404636,1.2852900455301264,4.280482493066722,1.864885579066943e-05,0.0003064401120360533,protein_coding,CYP4F8
ENSG00000049283.19,4408.168721498637,2.99015575883031,0.6987155789860142,4.279503490060527,1.8731070096783654e-05,0.00030760947918234206,protein_coding,EPN3
ENSG00000145087.13,148.25605231804815,3.393743136482314,0.7934659439015986,4.277112537174233,1.89333101918433e-05,0.00031056430318217445,protein_coding,STXBP5L
ENSG00000145781.9,1227.2839568973102,1.3775258463489253,0.32248809168649917,4.271555700382455,1.9411402759176665e-05,0.00031728467833496283,protein_coding,COMMD10
ENSG00000158258.16,2280.279425034118,4.1912671926421785,0.9854471743525004,4.253162728277242,2.1077229446996987e-05,0.0003403165654794711,protein_coding,CLSTN2
ENSG00000172830.13,5891.394585627569,1.9671372763483426,0.4627999399955967,4.25051324848283,2.1328121901073728e-05,0.0003440622916999445,protein_coding,SSH3
ENSG00000160188.10,153.24578432518308,2.522258143322806,0.5939795757968008,4.246371838525413,2.1725996017894365e-05,0.0003491713771097619,protein_coding,RSPH1
ENSG00000004478.8,18132.197744130677,1.6969953837769796,0.4007201434533975,4.2348641851450495,2.2868988028881013e-05,0.0003648029517317661,protein_coding,FKBP4
ENSG00000107821.15,1086.2558331135538,2.251439403211192,0.5322594947683423,4.2299656940663795,2.3372695265348504e-05,0.00037219813810425683,protein_coding,KAZALD1
ENSG00000164919.11,12395.19606298992,2.3063848345479534,0.5453522396661106,4.229165421526511,2.3455983251730078e-05,0.00037288449445754335,protein_coding,COX6C
ENSG00000169435.14,339.9205456670037,3.8625217183547433,0.9135603934487139,4.227987274901033,2.3579112396571006e-05,0.00037420078259461264,protein_coding,RASSF6
ENSG00000103150.7,291.7541397324108,1.337294940391021,0.3163452071893205,4.227327963248393,2.3648285776126617e-05,0.0003748711178042486,protein_coding,MLYCD
ENSG00000136636.13,8158.036532385347,1.2220790484724655,0.2891886671636619,4.225888450119826,2.379998763596465e-05,0.00037706115869932385,protein_coding,KCTD3
ENSG00000117983.17,3397.219672480294,3.5453140919287636,0.8390045742907203,4.225619502642056,2.3828432902071787e-05,0.00037729707523439723,protein_coding,MUC5B
ENSG00000165879.9,257.46906771584054,1.7327187235613508,0.4101304412313398,4.22479911112959,2.391540168488105e-05,0.00037802902969923276,protein_coding,FRAT1
ENSG00000196177.13,2446.573055045423,1.9688715155135077,0.4660192615586865,4.22487154056306,2.390771138390644e-05,0.00037802902969923276,protein_coding,ACADSB
ENSG00000284526.1,152.86838380955183,2.4969380933793395,0.5915926179838288,4.220705291910172,2.4353915453211502e-05,0.0003830031585059861,protein_coding,ENSG00000284526
ENSG00000169083.18,3325.5540024269626,3.8870918122658016,0.9236955638981753,4.208195821425748,2.574177471750468e-05,0.00040120271054673026,protein_coding,AR
ENSG00000164414.19,474.720166734906,1.2577415306196633,0.2991222257835831,4.20477457776624,2.6134249626160004e-05,0.0004061825642623059,protein_coding,SLC35A1
ENSG00000105552.15,2144.961973062821,1.0226623422825867,0.24467690426987818,4.179643948554261,2.919658605585738e-05,0.00044581249009920245,protein_coding,BCAT2
ENSG00000170075.10,129.12847353708221,2.960499433795266,0.7086838978464214,4.177461125886671,2.9478102443394162e-05,0.0004496177860900383,protein_coding,GPR37L1
ENSG00000159915.13,126.25236185570509,1.7369926117721468,0.41615511234652075,4.173906700263727,2.994204153154513e-05,0.0004556952805205523,protein_coding,ZNF233
ENSG00000172264.19,277.62995821065687,2.5261665187996565,0.605951992692505,4.168921877086027,3.060438584638486e-05,0.0004646028221347853,protein_coding,MACROD2
ENSG00000155792.10,1291.6406195767072,2.4350616354981027,0.5844105276115786,4.166697074143976,3.090447302127153e-05,0.0004674644284183472,protein_coding,DEPTOR
ENSG00000169738.8,4392.620591967523,1.19402687490754,0.28666786879643963,4.165192562112387,3.1108988006076245e-05,0.0004698588117944321,protein_coding,DCXR
ENSG00000150054.19,2074.131534866595,2.7508450760599987,0.6631583468044712,4.1480968901550614,3.352505202688473e-05,0.0005036175651486041,protein_coding,MPP7
ENSG00000171302.17,9216.076019585023,1.0958817200444804,0.2644445488560265,4.144088901757319,3.411673818730412e-05,0.0005111267622076413,protein_coding,CANT1
ENSG00000267795.6,186.6513021231015,3.6325894018371696,0.8770063764006695,4.142033056527725,3.4424071227448345e-05,0.0005146232259330033,protein_coding,SMIM22
ENSG00000164199.18,1578.5447127682644,3.8158669036595017,0.9229094903393938,4.134605769690636,3.555644695282214e-05,0.0005306121089715243,protein_coding,ADGRV1
ENSG00000269858.6,681.8112914378655,1.185090767955351,0.2867412893253957,4.132961704759942,3.581184130138136e-05,0.0005336501148100918,protein_coding,EGLN2
ENSG00000161642.18,2048.21780698654,2.2254404171515514,0.5384599081976115,4.132973287836369,3.581003587124177e-05,0.0005336501148100918,protein_coding,ZNF385A
ENSG00000149090.13,1334.7895692066468,4.648649359612962,1.1251930398812044,4.131423848927964,3.6052312745309684e-05,0.0005366589184911445,protein_coding,PAMR1
ENSG00000107165.13,180.92535390879937,4.121539801027682,0.9996446803419285,4.123004785678356,3.739619259177479e-05,0.00055252676060756,protein_coding,TYRP1
ENSG00000185522.9,305.1664603241752,1.6830687551675876,0.4084556619270752,4.1205665927776485,3.779418052340897e-05,0.0005566342905024402,protein_coding,LMNTD2
ENSG00000042062.13,845.5260095795793,3.1430779178396215,0.7633351434184693,4.117559560750564,3.8290558884413996e-05,0.0005624569905575451,protein_coding,RIPOR3
ENSG00000132740.10,2181.9583636047228,1.4107212836863796,0.34307488409705905,4.111992305701031,3.9225937526241446e-05,0.0005737746699844754,protein_coding,IGHMBP2
ENSG00000135773.13,163.20875640122014,3.390358414759747,0.8261991513635653,4.103560756706508,4.0683954731120323e-05,0.0005923005041294275,protein_coding,CAPN9
ENSG00000092421.17,510.32642938803764,2.8332603988993337,0.6906329026108541,4.102411553501919,4.0886617065940555e-05,0.0005943184713564079,protein_coding,SEMA6A
ENSG00000184730.12,115.50812992605967,2.521080142660423,0.6149598922515875,4.099584663041763,4.13892243212276e-05,0.0006003702179289691,protein_coding,APOBR
ENSG00000155906.20,1890.2408038849285,1.5020661580606183,0.36680464272993374,4.095003124501181,4.221626944355281e-05,0.0006107755073964324,protein_coding,RMND1
ENSG00000162989.5,195.76282693013889,5.777504735627876,1.4120910880575752,4.091453295392733,4.286782870356854e-05,0.000619879937554563,protein_coding,KCNJ3
ENSG00000047230.15,2003.3514234160552,1.2951107861515725,0.3167727904019591,4.088453381706747,4.342587920577027e-05,0.0006276234546063454,protein_coding,CTPS2
ENSG00000104866.11,2754.1161796141723,1.0089712250916323,0.24726372937422467,4.080546821990989,4.4929877353587394e-05,0.0006456897670654854,protein_coding,PPP1R37
ENSG00000006747.15,916.9136342120288,4.000557405977865,0.9803636523961118,4.080687198265749,4.490274917896892e-05,0.0006456897670654854,protein_coding,SCIN
ENSG00000142973.15,1652.8657688188814,5.059971185435138,1.2402024932915627,4.079955662728679,4.504429147546171e-05,0.0006469829192522973,protein_coding,CYP4B1
ENSG00000111490.15,345.72979700323515,2.4032205481956392,0.5904073620205471,4.070444751859316,4.6923468705439306e-05,0.0006705142068196142,protein_coding,TBC1D30
ENSG00000170786.13,470.8423136068473,3.623087067684407,0.8905583695053102,4.068331949647466,4.7350892687864525e-05,0.0006759279224919984,protein_coding,SDR16C5
ENSG00000106025.9,1518.1017020238946,3.933296602425561,0.9668517879769651,4.06814844978005,4.738818878668198e-05,0.0006761135946007584,protein_coding,TSPAN12
ENSG00000204271.13,1336.4064378297167,1.3293650851362622,0.32759016090204446,4.058012858126612,4.94920435503238e-05,0.0007003866417218166,protein_coding,SPIN3
ENSG00000111371.16,20322.789943691565,1.0218901038114179,0.251974553665459,4.055528976819455,5.0020970547348576e-05,0.000707152735477905,protein_coding,SLC38A1
ENSG00000115109.14,2572.2650201579777,1.3668368300938092,0.33709387039550526,4.05476619462148,5.0184472652448965e-05,0.0007091040511439438,protein_coding,EPB41L5
ENSG00000197766.9,272.9880643140013,2.2354231840693246,0.5519071947879671,4.050360649725058,5.113875585363952e-05,0.0007178509369349015,protein_coding,CFD
ENSG00000104221.13,907.8001350970421,1.8329964878344838,0.45267290722539605,4.049273677697246,5.13768357480604e-05,0.0007206417581751692,protein_coding,BRF2
ENSG00000129993.15,500.2115966720371,4.191766282213693,1.0400790065693508,4.0302383335666265,5.5720326641640346e-05,0.0007735815523175565,protein_coding,CBFA2T3
ENSG00000139304.16,100.6314890124539,4.274444255849999,1.0616461670813344,4.026241876425978,5.667539070522344e-05,0.0007837139471786387,protein_coding,PTPRQ
ENSG00000119699.8,2028.661131551374,2.292151343019443,0.5696177836145598,4.024016470262559,5.721391324669485e-05,0.0007895917149900832,protein_coding,TGFB3
ENSG00000131037.15,4380.072828676302,2.0285601914618288,0.5060135870201772,4.0089045897120155,6.1001054842152366e-05,0.0008348207289017469,protein_coding,EPS8L1
ENSG00000026036.23,386.93741109539025,1.2236000029366922,0.3060204263163789,3.9984259144573397,6.376513311555968e-05,0.0008671061286784169,protein_coding,RTEL1-TNFRSF6B
ENSG00000204740.11,184.7708901857943,5.2147085276752625,1.306923213697938,3.9900649655768596,6.605520014647195e-05,0.0008917131674477174,protein_coding,MALRD1
ENSG00000113719.17,19049.996624444047,1.0683587639614238,0.2679699674680868,3.986860072626076,6.695348537243262e-05,0.0009020896509327368,protein_coding,ERGIC1
ENSG00000236383.9,113.80529818752211,2.203843344983902,0.5532750417726203,3.983269040878978,6.797372927322363e-05,0.0009131837490586163,protein_coding,CCDC200
ENSG00000198879.13,614.6101351467356,3.135589197361241,0.7875845333191694,3.981273202695742,6.85471066692985e-05,0.0009191123609087634,protein_coding,SFMBT2
ENSG00000171385.11,155.18316268285068,3.4834753575313324,0.8757384442852504,3.977757720085514,6.956820284123077e-05,0.0009314576692104376,protein_coding,KCND3
ENSG00000093072.19,150.60849466236226,2.961615495992948,0.7451515386093102,3.974514367265838,7.052300522701751e-05,0.0009415243997598366,protein_coding,ADA2
ENSG00000168890.14,1035.3156877359659,1.1148566947462721,0.2805160225405356,3.9743066533219915,7.058457409568084e-05,0.0009418946330428437,protein_coding,TMEM150A
ENSG00000136856.18,951.0664142537282,1.0378679085342708,0.26133708950053575,3.9713762425296437,7.145861967547705e-05,0.0009512779231404013,protein_coding,SLC2A8
ENSG00000087502.19,3280.6414802500976,1.0345036623259505,0.26097529736289055,3.963990740807379,7.370711250564102e-05,0.0009746846478418164,protein_coding,ERGIC2
ENSG00000164188.9,118.84288839858239,3.782055175684544,0.956206343555948,3.9552709529407704,7.644795983822907e-05,0.0010037761368193135,protein_coding,RANBP3L
ENSG00000162976.13,1655.5861755192298,1.6702083877655263,0.42241697360351577,3.953932943360364,7.687696336296666e-05,0.0010079826435099104,protein_coding,SLC66A3
ENSG00000112137.19,157.74264838496694,2.918014901005572,0.7381465290915493,3.95316483381264,7.712426832570736e-05,0.0010102734744067718,protein_coding,PHACTR1
ENSG00000154274.15,912.7331117424072,2.9851983964899618,0.7554554865527043,3.951521234046527,7.765598029831049e-05,0.0010158044490525238,protein_coding,C4orf19
ENSG00000158683.10,125.44139836411412,2.846353642736836,0.7226696961021293,3.9386647289754113,8.193633047487085e-05,0.0010647897736220846,protein_coding,PKD1L1
ENSG00000139160.13,136.05657528515638,1.2896655640826258,0.32878789200668385,3.9224849680790816,8.764036275856449e-05,0.0011289019610122171,protein_coding,ETFBKMT
ENSG00000204219.11,1313.9228640145373,2.5478675077142094,0.6502215929426415,3.9184603147114596,8.911639791731704e-05,0.0011420459253556447,protein_coding,TCEA3
ENSG00000124151.19,8126.521198078308,1.7816278277728184,0.45482832070148693,3.917143560948433,8.960439218884433e-05,0.0011451918553575164,protein_coding,NCOA3
ENSG00000214456.8,158.23102237355374,3.0810617186425735,0.7868112426763662,3.915884206435883,9.00734748254465e-05,0.0011501308464408847,protein_coding,PLIN5
ENSG00000125999.11,521.3181888606341,3.728222536701711,0.9528391849359117,3.9127510661229503,9.125058720329606e-05,0.0011619631040214772,protein_coding,BPIFB1
ENSG00000166557.14,8246.639552875722,1.1201787197267328,0.28638727637407435,3.9114123152020683,9.175796999248076e-05,0.0011673559655898968,protein_coding,TMED3
ENSG00000169239.13,568.6511836489085,1.4540487115629621,0.3730124347777939,3.8981239658381606,9.694078991760568e-05,0.0012149679550411848,protein_coding,CA5B
ENSG00000116191.19,4061.1493473919854,1.0557201540364116,0.27154970861619454,3.887760216780624,0.00010117349911172626,0.001259510519353315,protein_coding,RALGPS2
ENSG00000101210.13,12882.658620476574,3.0231769620967475,0.7783742061281472,3.8839634436691854,0.00010276736563252546,0.0012742237816244896,protein_coding,EEF1A2
ENSG00000163644.15,1157.8309136959901,1.8904090602490136,0.4869156542407329,3.882415863578681,0.00010342380619082334,0.0012817921055778088,protein_coding,PPM1K
ENSG00000121671.12,1460.8945287270176,1.099621589005735,0.2834757486139004,3.879067590023164,0.00010485761897043639,0.0012955244925259952,protein_coding,CRY2
ENSG00000150967.19,1183.450849839658,1.2062610775590898,0.3111632782811597,3.8766177173038434,0.00010591857634650755,0.001305156923940409,protein_coding,ABCB9
ENSG00000115457.10,4670.458333569559,2.7273131165886495,0.7035221898002374,3.876655429110289,0.0001059021681404254,0.001305156923940409,protein_coding,IGFBP2
ENSG00000166435.17,685.1281821105481,1.523464575466906,0.3931180328434899,3.8753362811861534,0.00010647755021847135,0.0013103046365523293,protein_coding,XRRA1
ENSG00000145832.16,154.8362313146087,4.3225372334604995,1.1179564071454482,3.866463133833205,0.00011042514742642345,0.0013473977287159974,protein_coding,SLC25A48
ENSG00000103067.14,5749.161148224639,2.345172476658664,0.6070485096056271,3.863237351792891,0.00011189419118286926,0.0013589383533011991,protein_coding,ESRP2
ENSG00000108187.16,610.5560005331356,1.2029151078154736,0.3114807758452167,3.8619240771804,0.00011249753006954525,0.0013656699725319939,protein_coding,PBLD
ENSG00000179399.15,102.30082115873128,4.14923787985013,1.0762757572853399,3.8551810275051035,0.00011564402349735541,0.001396558367927282,protein_coding,GPC5
ENSG00000198740.9,2569.6229049914537,1.3671959590637752,0.3551705878368443,3.849406470819109,0.00011840438342534436,0.0014239601294177484,protein_coding,ZNF652
ENSG00000107864.15,256.1920471051375,1.0572512119762068,0.27469853219970936,3.8487690615236763,0.00011871285750819477,0.001426809629360151,protein_coding,CPEB3
ENSG00000196557.13,2772.5634666547003,4.36884293192835,1.137136642830069,3.841968297719538,0.00012205160349584443,0.0014581237918070067,protein_coding,CACNA1H
ENSG00000172663.9,1961.7162791341489,1.216906633729632,0.3173257045497356,3.834882003827401,0.0001256245882872574,0.0014931195728283932,protein_coding,TMEM134
ENSG00000131759.18,4445.416899430291,1.723014722184992,0.450391403353475,3.825594159559791,0.00013045705797151247,0.0015374270388209233,protein_coding,RARA
ENSG00000166819.12,116.84921944941671,2.386138277005648,0.6256647776588584,3.8137647542414186,0.0001368657550947416,0.0015937200980902135,protein_coding,PLIN1
ENSG00000150672.19,209.42701662411963,2.161097996794853,0.5667697650103497,3.8130086151567903,0.00013728532517939205,0.00159693870108381,protein_coding,DLG2
ENSG00000239779.7,607.926448485092,1.3316286421636538,0.3499152092507636,3.8055751992459244,0.0001414750209116711,0.0016401910379413899,protein_coding,WBP1
ENSG00000109321.11,1277.6834772870782,2.766547990747658,0.7271664965601615,3.8045592087021705,0.0001420569308050858,0.0016462517593215523,protein_coding,AREG
ENSG00000253719.4,5682.141722420534,1.0332271782015483,0.27228873485765365,3.7946012667093845,0.00014788091661164005,0.0017002945868655978,protein_coding,ATXN7L3B
ENSG00000075461.6,4066.1068180421444,2.7827858302730024,0.7341833236671161,3.7903146810438,0.00015045655124797555,0.0017263431824149414,protein_coding,CACNG4
ENSG00000184154.16,340.07078617088274,1.5145849421557094,0.39966287566690567,3.7896563187870926,0.00015085585581231186,0.0017295439494040595,protein_coding,LRRC51
ENSG00000136444.10,3385.9024392095985,1.1919868595131218,0.31493692360657155,3.7848431548222865,0.0001538055490523647,0.0017549302455980092,protein_coding,RSAD1
ENSG00000007255.10,1051.7937482156583,1.33040262057591,0.3523424411187817,3.7758795572611836,0.00015944402659589252,0.0018049141619858738,protein_coding,TRAPPC6A
ENSG00000198246.10,607.463671439136,1.6846720855859114,0.4467138569299225,3.771255490402644,0.0001624282644342097,0.0018319907491048059,protein_coding,SLC29A3
ENSG00000006071.16,101.20255444191075,3.0882163208638342,0.8194141792147955,3.768809961066479,0.000164027707427269,0.0018477844046723836,protein_coding,ABCC8
ENSG00000170500.13,1626.7133322015336,3.0848879776898217,0.8194945615175988,3.7643788287954036,0.0001669636049022386,0.0018732764635464383,protein_coding,LONRF2
ENSG00000127419.17,1297.18162048677,1.000289313967476,0.2660360489917486,3.7599765812132513,0.00016992926379306696,0.0019034812824723591,protein_coding,TMEM175
ENSG00000163517.15,1907.925164162516,1.3756890115009655,0.36608726670437375,3.7578171562352507,0.00017140204945379506,0.0019153542547554554,protein_coding,HDAC11
ENSG00000187105.9,101.69171110283398,1.753762829791103,0.46717924391016774,3.753939954850237,0.00017407658001731107,0.0019375797072281788,protein_coding,HEATR4
ENSG00000171476.22,193.42594175727416,3.7475303841704974,0.9982485298717088,3.7541055879662717,0.0001739615266993698,0.0019375797072281788,protein_coding,HOPX
ENSG00000188738.16,121.77713330608582,2.3868597765083437,0.6359778524533058,3.7530548702300752,0.00017469259802540703,0.0019419900793271685,protein_coding,FSIP2
ENSG00000164124.11,528.6143143138783,1.7214647603427213,0.45886124090112723,3.7516020245293555,0.00017570822372316055,0.0019517215145881473,protein_coding,TMEM144
ENSG00000127663.15,3742.509589823299,1.2949757969987237,0.3451920253248085,3.7514649875825374,0.00017580430675064463,0.0019520098455169301,protein_coding,KDM4B
ENSG00000177181.15,241.96994974566806,2.368337083392173,0.6318820096408673,3.7480685432684293,0.00017820156071555706,0.001970284821681654,protein_coding,RIMKLA
ENSG00000021645.20,917.9793159590323,3.8716247243331248,1.0331700051929145,3.747325904617422,0.00017872980380453346,0.001973471962992064,protein_coding,NRXN3
ENSG00000213085.10,219.83596928826114,1.6537111712624244,0.44157913455104447,3.7449939135909585,0.0001803981490560621,0.0019887377731186316,protein_coding,CFAP45
ENSG00000196782.13,345.8590623127402,2.197572925251711,0.5878640803719725,3.7382330348559334,0.00018531813592498488,0.002036671679796845,protein_coding,MAML3
ENSG00000152953.13,684.5618455810085,3.779174752960233,1.0117152824487334,3.7354133307279906,0.00018740711701748517,0.002051382032756082,protein_coding,STK32B
ENSG00000203867.8,429.8272167136701,3.5033381613013628,0.9380059028564841,3.7348785872591437,0.00018780577088784673,0.0020549376723404487,protein_coding,RBM20
ENSG00000114805.18,987.9287537740628,2.6322813674979746,0.7052079531976132,3.7326314253298802,0.00018948977015547454,0.0020692966818547623,protein_coding,PLCH1
ENSG00000160439.16,1448.8548250973886,1.0263164875986521,0.27510738181723454,3.7306032314337445,0.00019102185260732007,0.0020803146671272933,protein_coding,RDH13
ENSG00000001617.12,3468.3244165088727,1.653870616888839,0.4433778889257239,3.730160339966572,0.00019135795459319254,0.0020831599624779457,protein_coding,SEMA3F
ENSG00000180902.18,1467.877690798384,1.1426293968707881,0.3064965831180631,3.728033067274505,0.00019298006168876896,0.002098356639518974,protein_coding,D2HGDH
ENSG00000198466.12,2186.647439860095,1.192007237598602,0.3208965046027357,3.714615835639239,0.00020351263088461613,0.0021940269532549086,protein_coding,ZNF587
ENSG00000197837.4,248.09465502064847,2.330510414196853,0.6279460376584448,3.7113227481888726,0.00020617901897618894,0.0022167629093168,protein_coding,H4-16
ENSG00000185046.20,153.4147419366216,1.96293388990657,0.5295872696790282,3.7065352630101236,0.0002101139926155138,0.0022521113201561193,protein_coding,ANKS1B
ENSG00000164855.16,4901.413434043432,2.36825299644985,0.6390160528429036,3.706093119122414,0.0002104809394438137,0.002253459909176906,protein_coding,TMEM184A
ENSG00000152766.6,433.9538725338677,3.0495428037744743,0.8231172400696575,3.70487052794132,0.00021149873541039812,0.002261728313055644,protein_coding,ANKRD22
ENSG00000143416.21,5828.7633528028655,2.2292460128023928,0.6018916697346662,3.7037329554421614,0.00021244990350244026,0.002271027463092906,protein_coding,SELENBP1
ENSG00000078114.19,3377.8518561617034,2.2879363613706203,0.6188170811992111,3.697274090975007,0.00021792700671923235,0.0023188899690506693,protein_coding,NEBL
ENSG00000197977.4,1330.0393765884612,3.103638023300693,0.8397708670339846,3.6958153052659926,0.0002191822734446121,0.002329575320200161,protein_coding,ELOVL2
ENSG00000198915.12,422.55490256761914,2.691241041683517,0.7287942485454495,3.692730900463032,0.0002218587488098533,0.0023544262797831022,protein_coding,RASGEF1A
ENSG00000269343.9,1287.7218617295423,1.2384014233554697,0.3357768788034037,3.688167653975215,0.00022587480856186266,0.002391575188713583,protein_coding,ZNF587B
ENSG00000131779.11,1737.896709510031,1.109446167281617,0.30087204035189136,3.687435249829264,0.000226525709138955,0.0023955680747736975,protein_coding,PEX11B
ENSG00000168743.13,4503.045318533316,2.9718985783959795,0.8073758930123575,3.6809354900450226,0.0002323797979466421,0.0024474173498459056,protein_coding,NPNT
ENSG00000134716.11,464.16252945083545,2.6181756974559636,0.7117767254670583,3.678366549198349,0.0002347324547718006,0.002467527421083022,protein_coding,CYP2J2
ENSG00000167535.8,2782.9992322446938,1.5421663545671938,0.4203262113082483,3.6689749843752626,0.0002435249041199262,0.002540764329491104,protein_coding,CACNB3
ENSG00000232859.10,120.88574498012045,1.7579612930017248,0.47983453741612947,3.6636822819553707,0.00024861514215724473,0.002587084522276286,protein_coding,LYRM9
ENSG00000106605.11,2958.672266062013,1.148445378552045,0.31450744686956544,3.65156815834741,0.00026064390277039156,0.002684159703113807,protein_coding,BLVRA
ENSG00000136457.10,166.11958031229625,2.9487358979214076,0.8113719479290704,3.6342591156222523,0.00027878058054084105,0.002834235295812583,protein_coding,CHAD
ENSG00000093010.15,7817.210807435651,1.230586837564933,0.33862900991619466,3.63402662361823,0.0002790320502618171,0.0028357561705322893,protein_coding,COMT
ENSG00000131171.13,4628.601156499587,2.596627637989069,0.7146487381783302,3.63343206147398,0.00027967611218872817,0.002839191925195273,protein_coding,SH3BGRL
ENSG00000116774.12,4275.190027810069,4.005517794690065,1.1027273664311057,3.6323736189241616,0.0002808261231887863,0.002846713752761491,protein_coding,OLFML3
ENSG00000054179.12,981.8600046030147,2.122742808323136,0.5847653778967051,3.6300760759097206,0.0002833376979659149,0.0028700830278672517,protein_coding,ENTPD2
ENSG00000134202.12,4371.769655352785,2.6360975379236455,0.7282769914535371,3.619635892467742,0.0002950178472485186,0.0029710986960961518,protein_coding,GSTM3
ENSG00000116977.19,4395.575645750089,1.2440280272364317,0.3437057205200423,3.6194568579020476,0.00029522202375611864,0.0029720796576040934,protein_coding,LGALS8
ENSG00000274290.3,101.91942136652295,2.0141236656253696,0.5582782496450454,3.6077416000103075,0.0003088738768818606,0.0030805493503702876,protein_coding,H2BC6
ENSG00000167653.5,400.3165630212142,2.836235531895408,0.7885199902413504,3.5969101189524593,0.00032201969218351563,0.003191078729661923,protein_coding,PSCA
ENSG00000180233.11,873.3263920205279,1.1451517551046533,0.31871687287038003,3.5930063720547945,0.00032688459110602057,0.0032243655131209033,protein_coding,ZNRF2
ENSG00000147535.17,2330.3292441075178,1.0579956007842215,0.2944763776381771,3.5928029584912236,0.0003271399635758988,0.0032257414190927096,protein_coding,PLPP5
ENSG00000158106.14,5185.457014095007,1.798425620780043,0.5015025043984328,3.5860750544751676,0.0003356923794848299,0.0032960610495025486,protein_coding,RHPN1
ENSG00000182389.20,406.45570320192536,2.719557801165475,0.758825618670356,3.58390351386764,0.00033849717053506637,0.0033154142290690034,protein_coding,CACNB4
ENSG00000250644.3,372.2509104449962,2.7053005206744447,0.7551990730801127,3.582234959109202,0.00034066717789782837,0.003330808417268687,protein_coding,ENSG00000250644
ENSG00000246705.5,5444.80725133938,1.7704087829680752,0.4948618119222028,3.577582145793867,0.0003467872508281983,0.0033787411967664206,protein_coding,H2AJ
ENSG00000094975.14,6173.83615211167,1.0447903076538354,0.29203783534703714,3.5775854399560263,0.0003467828817026393,0.0033787411967664206,protein_coding,SUCO
ENSG00000175985.10,221.2149986157073,2.7383089880156817,0.7657559608028096,3.5759551713379683,0.0003489514498725834,0.003390766793862198,protein_coding,PLEKHD1
ENSG00000162636.16,2821.4695538956453,2.1848642398652047,0.6111194130856499,3.575183823458396,0.00034998190420211094,0.0033980105634356327,protein_coding,FAM102B
ENSG00000068137.15,2664.3887756491995,1.0463218400585794,0.29333191876835935,3.5670234744717537,0.00036105914733815876,0.0034873152065596764,protein_coding,PLEKHH3
ENSG00000276644.5,344.5415987257914,3.5677269308555357,1.0010974942056199,3.5638156638146015,0.0003655026780336662,0.0035180264680999764,protein_coding,DACH1
ENSG00000173598.14,4513.380220074126,1.460319876882888,0.40992976887088145,3.562366014318066,0.00036752749353790855,0.003532629596036334,protein_coding,NUDT4
ENSG00000074370.18,6999.199496039277,2.607051973147984,0.7328541458917257,3.557395407753016,0.0003745501564787576,0.003588976989928639,protein_coding,ATP2A3
ENSG00000135549.16,908.2111754552835,2.8849161311946174,0.811175703931088,3.5564626963231887,0.00037588182514127145,0.0035980214871500797,protein_coding,PKIB
ENSG00000065361.17,10090.303410622906,2.4409582072568545,0.6864791607158637,3.5557644673603956,0.00037688160922092764,0.003601399407577666,protein_coding,ERBB3
ENSG00000046647.14,890.6825432678949,1.1637062904970177,0.32732864335245526,3.5551618049019384,0.0003777465511026623,0.003607187991936092,protein_coding,GEMIN8
ENSG00000149256.16,495.62632056133197,3.8595072730303084,1.0876447273525198,3.548499961402738,0.0003874320551724542,0.0036857685194054807,protein_coding,TENM4
ENSG00000189171.15,679.3400504998126,1.2622372053729864,0.35570884030548017,3.54851232904132,0.0003874138610379079,0.0036857685194054807,protein_coding,S100A13
ENSG00000162670.11,340.1756953946816,5.009242653917501,1.412070902803648,3.5474441431883594,0.0003889882251309815,0.0036980451621400276,protein_coding,BRINP3
ENSG00000135709.14,1563.4804220221922,1.3445665530095925,0.3790412250640376,3.5472831557634215,0.00038922601699354313,0.0036990424749171274,protein_coding,KIAA0513
ENSG00000154930.15,1642.9346769067913,2.2822429701988685,0.6446782961294447,3.5401268879394965,0.00039993469604760265,0.003780163734866237,protein_coding,ACSS1
ENSG00000130529.16,3905.124183817644,1.659254341244315,0.4689855005744616,3.5379651166440964,0.000403223325167579,0.0038047879591066877,protein_coding,TRPM4
ENSG00000103876.14,2222.7059883382904,1.225650911038686,0.3469608146316697,3.5325341057312913,0.00041159713065316085,0.0038706816651558735,protein_coding,FAH
ENSG00000166575.17,2024.0746080081472,1.062090278992165,0.3014763740007422,3.522963557302007,0.0004267500348110078,0.003986246298321883,protein_coding,TMEM135
ENSG00000170421.13,127292.0128978897,2.237763512949814,0.6359649721203955,3.5186898823826724,0.00043368333763298367,0.004045579553066935,protein_coding,KRT8
ENSG00000107331.18,7930.305346497188,1.1691432406467064,0.3324318105692487,3.516941530489191,0.0004365499336581809,0.0040641484793675995,protein_coding,ABCA2
ENSG00000135821.19,17978.83340517675,1.7759254215542173,0.5053019222220672,3.5145827542958443,0.0004404454169881326,0.00409343690787562,protein_coding,GLUL
ENSG00000169891.18,664.7966768042866,1.9819294833410297,0.5641418021905685,3.5131760767331484,0.0004427839438241373,0.004105707481775045,protein_coding,REPS2
ENSG00000167702.13,4567.7636063056525,1.445799152165696,0.41216221011985427,3.507840157750674,0.00045176039726588284,0.004172263576076017,protein_coding,KIFC2
ENSG00000213366.13,568.9804344849016,2.732522987456658,0.779286080854521,3.506443980701321,0.0004541370187145164,0.004187266662119006,protein_coding,GSTM2
ENSG00000185630.20,11111.181510200717,1.9567013609124038,0.5594913186264813,3.4972863666874976,0.0004700169971888965,0.004299504808987881,protein_coding,PBX1
ENSG00000076555.16,1652.9527906826247,2.246261189913862,0.6428322098351514,3.494319599339765,0.000475271690904602,0.004330495184294763,protein_coding,ACACB
ENSG00000108932.13,793.7132980920604,1.9072255887405218,0.5461046941916392,3.492417496179291,0.00047866944247686416,0.004358600785340527,protein_coding,SLC16A6
ENSG00000145808.10,207.18619882144043,4.045286494111673,1.1600188392896784,3.487259307433963,0.00048799795696840924,0.0044261685011966895,protein_coding,ADAMTS19
ENSG00000105514.8,2143.757365516611,1.9055112588789116,0.5478950271979172,3.4778765352629857,0.0005054026579825939,0.004555825255052942,protein_coding,RAB3D
ENSG00000141294.10,118.35771513310515,1.4288383014761725,0.4108594810745339,3.477681220205229,0.000505771034263534,0.004557669961074694,protein_coding,LRRC46
ENSG00000204852.17,1645.6902418955801,1.2444298390758486,0.3586005647550688,3.470239484775543,0.0005199945023018091,0.004672229491953892,protein_coding,TCTN1
ENSG00000169116.11,1274.6901389736317,2.8755760187748267,0.8287279306855919,3.4698673862674254,0.0005207153927585416,0.0046771970548005045,protein_coding,PARM1
ENSG00000176641.11,1035.3778724720196,2.3761975006063967,0.6848336908487571,3.4697438697290535,0.0005209548951606208,0.004677838858610012,protein_coding,RNF152
ENSG00000181449.4,118.91483044210887,3.166233558769384,0.9133652422740738,3.4665579685145183,0.0005271680475374549,0.004718408286576397,protein_coding,SOX2
ENSG00000106780.9,2847.673726170862,1.515676669332201,0.43750231382160343,3.4643854933993232,0.0005314443385839682,0.004749048028514716,protein_coding,MEGF9
ENSG00000172824.17,242.19569092332955,2.8261048907842423,0.818378433802217,3.4532983446961727,0.0005537761689634425,0.0049063450369537425,protein_coding,CES4A
ENSG00000102886.15,501.48008309915934,1.995460456416361,0.5778443028054567,3.453283949895019,0.0005538057230244525,0.0049063450369537425,protein_coding,GDPD3
ENSG00000120885.22,18580.608485922767,2.1892861298776314,0.6340609519331588,3.4528007492068693,0.0005547986383305627,0.0049120149162116865,protein_coding,CLU
ENSG00000171121.17,261.0435423821308,1.5851951237462056,0.4592909301111445,3.4513965328307306,0.0005576935416576183,0.004926676428302591,protein_coding,KCNMB3
ENSG00000130590.14,707.9889802211762,1.072593347236577,0.3108238823938379,3.450807379973197,0.0005589123116154042,0.0049358766199639565,protein_coding,SAMD10
ENSG00000075399.14,928.7962336587198,1.0565525215026117,0.3062066974898685,3.4504552975611187,0.0005596418419414129,0.004938172096297559,protein_coding,VPS9D1
ENSG00000091129.22,897.8591225306359,3.083228934095369,0.894163860992536,3.4481699256699283,0.0005643988376530278,0.0049732845979454515,protein_coding,NRCAM
ENSG00000187650.4,355.8670759406448,1.1235984911164156,0.32610586094421645,3.4455022913820548,0.0005699991345755088,0.005013110872051773,protein_coding,VMAC
ENSG00000136770.11,3441.4223674290697,1.3038243969878467,0.37873584446104425,3.4425693159390267,0.0005762161746937411,0.005061880227467694,protein_coding,DNAJC1
ENSG00000066777.9,6991.941242749075,1.0031912083725851,0.2914244115721224,3.4423719103034474,0.0005766368758161211,0.005062507392460625,protein_coding,ARFGEF1
ENSG00000177694.16,644.7484250053094,2.239912815073089,0.6515419566670214,3.437864272826599,0.000586321505229552,0.005127504058928624,protein_coding,NAALADL2
ENSG00000174567.8,340.72497722391324,2.4441471093670724,0.711324905378599,3.436048830690369,0.0005902645739418416,0.005150659774371505,protein_coding,GOLT1A
ENSG00000137502.10,2074.9867709089085,2.143271062518274,0.6237859290107741,3.4359079979844416,0.0005905714864774004,0.005151722938760551,protein_coding,RAB30
ENSG00000197249.14,1488.6605325619737,3.1106813553563413,0.905850593781489,3.4339894202318155,0.0005947674098283266,0.005178095636910393,protein_coding,SERPINA1
ENSG00000250120.8,218.20712826212295,3.1305491115841986,0.9118323256953074,3.4332508547523077,0.000596390034542179,0.00518784781297378,protein_coding,PCDHA10
ENSG00000069020.19,1562.0873241872077,1.9729594152681986,0.5749064242680311,3.431792256940186,0.0005996066777638122,0.00521257073149078,protein_coding,MAST4
ENSG00000135740.17,578.1286109407695,1.3248906152479383,0.3861388512384065,3.431124868680815,0.0006010838459803568,0.005223780810711586,protein_coding,SLC9A5
ENSG00000159388.6,1398.870592700396,2.0461917981853093,0.5968296649200072,3.4284351439862815,0.00060707156516611,0.005262673337889704,protein_coding,BTG2
ENSG00000185442.13,1812.634625921562,2.173897502112016,0.6344559796342785,3.426396112406606,0.0006116476867481348,0.005293547352743399,protein_coding,FAM174B
ENSG00000170412.18,5194.984724472354,2.840546237028326,0.8290986425706742,3.4260654778314774,0.0006123927350175382,0.0052939640285553395,protein_coding,GPRC5C
ENSG00000181085.15,923.1394417558575,1.9395379998467264,0.567567642196081,3.4172807884926293,0.0006325000805910934,0.005434034643004221,protein_coding,MAPK15
ENSG00000197119.13,5166.327670481567,1.4779036867047148,0.43308505864320673,3.41250213372582,0.0006436942303880983,0.005508107161722442,protein_coding,SLC25A29
ENSG00000146950.13,752.7478332980161,2.2997816379056237,0.6743476229971401,3.4103799872300833,0.0006487242754484251,0.005542630120129639,protein_coding,SHROOM2
ENSG00000103253.19,1138.6111845288547,1.4273983549575562,0.4186542541976424,3.4094920585321367,0.0006508397276596013,0.005558998054351845,protein_coding,HAGHL
ENSG00000062725.10,4507.793858652603,1.6568425591758875,0.4861713306154761,3.407939660033803,0.0006545536711265208,0.00558268969592114,protein_coding,APPBP2
ENSG00000103260.9,2328.838310186184,1.4046029057654432,0.41214379353642655,3.4080409017279063,0.000654310861981659,0.00558268969592114,protein_coding,METRN
ENSG00000143333.7,709.9278105391437,2.6109741063263114,0.7686892886592899,3.396657329361574,0.000682143311056143,0.0057679651295743616,protein_coding,RGS16
ENSG00000101850.13,121.53797505430957,2.6546746172111675,0.7817687313629323,3.3957288270957307,0.0006844613420935637,0.005776724321068326,protein_coding,GPR143
ENSG00000107960.12,212.8346196278745,1.2361690565322374,0.3649660173827135,3.3870798859499187,0.0007064081522485669,0.005913118341798645,protein_coding,STN1
ENSG00000005469.12,1219.5021057332258,1.2839168812420032,0.37982030760830304,3.3803271060642364,0.0007239960908566424,0.00603207278811299,protein_coding,CROT
ENSG00000074410.14,13274.070257361887,3.0998426046297665,0.9171769633385968,3.3797650055950967,0.000725478300118826,0.006038999390582429,protein_coding,CA12
ENSG00000099954.19,334.91455363724754,3.060587854187405,0.9081338950902006,3.370194495254922,0.0007511514566680304,0.006219230204583965,protein_coding,CECR2
ENSG00000172594.13,610.5723941017982,2.4250226886295723,0.7200303759337673,3.367944977994429,0.0007573070817171426,0.006255847518390031,protein_coding,SMPDL3A
ENSG00000152380.10,109.46195893093926,1.267206299322453,0.37633714144816155,3.3672103009715935,0.000759327592371924,0.006268280801086855,protein_coding,FAM151B
ENSG00000130598.17,113.81185699095074,3.4028214759934055,1.0106084291119877,3.367101815075334,0.0007596263743532589,0.006268888157870535,protein_coding,TNNI2
ENSG00000137842.7,1177.4941813029707,1.130328640328603,0.3359316701224269,3.3647576006057003,0.0007661093217832277,0.006309295586141399,protein_coding,TMEM62
ENSG00000187164.20,4375.434646024903,1.008539117621233,0.2997861143626815,3.3641955691153247,0.0007676712409795369,0.006317815654465239,protein_coding,SHTN1
ENSG00000167608.12,2043.310716182302,2.14139607275089,0.636588055169104,3.3638646772629857,0.0007685921914257106,0.006319590710652082,protein_coding,TMC4
ENSG00000144045.14,146.43726535016438,2.624987631581186,0.7808663584917721,3.3616349366763574,0.0007748248824111575,0.006352879359881289,protein_coding,DQX1
ENSG00000189377.9,109.71450771407444,2.7643625619890186,0.8261221938992068,3.346190893312681,0.0008192997049391125,0.006647049427771826,protein_coding,CXCL17
ENSG00000174804.4,1853.9442708179286,1.750651315878272,0.5235224339863893,3.3439852854974035,0.0008258411752141012,0.0066942676043272335,protein_coding,FZD4
ENSG00000149403.13,198.40279865100945,2.9758821715591512,0.8915932015774557,3.337712946099249,0.0008447096696629198,0.006831301093764391,protein_coding,GRIK4
ENSG00000162004.19,748.0992316402511,1.4130744065039773,0.42367830125234485,3.3352531916954216,0.0008522176639306642,0.006878798137377312,protein_coding,CCDC78
ENSG00000258289.10,1933.466106707395,1.1140321822693802,0.3340284516174054,3.3351415931041326,0.0008525597633981794,0.006878798137377312,protein_coding,CHURC1
ENSG00000162341.18,1268.6614147140062,1.4722820650505701,0.44235938397281294,3.3282487461395314,0.0008739379646845914,0.0070227878709469655,protein_coding,TPCN2
ENSG00000148488.17,326.1120524301223,2.829355993912931,0.8502354099964793,3.32773248520036,0.0008755589923734983,0.007033783582022713,protein_coding,ST8SIA6
ENSG00000184305.16,214.8979128354809,2.1015231382250446,0.63211383254337,3.324596030068456,0.0008854673334969217,0.007093472491976747,protein_coding,CCSER1
ENSG00000176884.16,915.0304201493835,2.3853880256693887,0.7175364881925261,3.324413552373036,0.0008860469842866485,0.007093472491976747,protein_coding,GRIN1
ENSG00000135722.9,485.21538987138797,1.016683724645957,0.3060518166010238,3.321933311610855,0.0008939605724933392,0.007152712416189879,protein_coding,FBXL8
ENSG00000179388.9,376.7741912134864,2.591165095231602,0.780807784255226,3.3185697523535658,0.000904797215365525,0.007218668755206293,protein_coding,EGR3
ENSG00000132749.11,1345.7709268064157,1.377111684158464,0.4150247667573224,3.318143384353019,0.0009061795397104581,0.007221471740329399,protein_coding,TESMIN
ENSG00000176532.4,1105.6767215111065,2.7928452042931644,0.8416896513324503,3.318141312385041,0.0009061862619977939,0.007221471740329399,protein_coding,PRR15
ENSG00000164938.14,2409.562470390695,1.498068000227486,0.451741167564079,3.316208722586672,0.000912476515690857,0.007261205343273499,protein_coding,TP53INP1
ENSG00000163431.13,960.9455176914116,2.5064185672716146,0.7563720865642858,3.3137375265349487,0.0009205787942415649,0.007304797980760605,protein_coding,LMOD1
ENSG00000106258.15,283.1620638193932,1.4564378596650331,0.44005396201328706,3.3096801424118465,0.0009340264059539917,0.007399350765845588,protein_coding,CYP3A5
ENSG00000248905.10,1898.7240752914288,2.0400717093691485,0.6163989565724519,3.3096611985087896,0.0009340896174443669,0.007399350765845588,protein_coding,FMN1
ENSG00000126562.17,668.9657076539783,2.8275865831790536,0.8546672597087143,3.3084063430050485,0.000938285621934515,0.007430474700474868,protein_coding,WNK4
ENSG00000168907.13,480.12855408867074,3.3478480575391645,1.0135498499706637,3.303091661092018,0.0009562512528901085,0.007555552050936434,protein_coding,PLA2G4F
ENSG00000102100.16,2946.1901429951254,1.0164432677016502,0.3080636836253266,3.2994582670051735,0.0009687162987809809,0.00763886314245535,protein_coding,SLC35A2
ENSG00000186496.12,124.9522184927212,1.3446912240273263,0.40778845233368594,3.2975215858417437,0.0009754217669665071,0.007683033476310043,protein_coding,ZNF396
ENSG00000172428.11,2084.7688805762014,1.1402607784616778,0.34657647296793975,3.2900697750685413,0.0010016254187383267,0.007834011001966863,protein_coding,COPS9
ENSG00000166840.14,115.73268942621397,3.3839373003671493,1.03095709366335,3.282326026142213,0.0010295449368079796,0.008005143257258917,protein_coding,GLYATL1
ENSG00000100592.16,3155.187945209653,1.0688548202970125,0.3257802161776507,3.2809077016332906,0.0010347359888184331,0.008034284793514618,protein_coding,DAAM1
ENSG00000085733.16,33756.54587176022,1.2784664662394563,0.38980620197320137,3.27974891053003,0.001038995118690082,0.008058363924173063,protein_coding,CTTN
ENSG00000161647.19,1485.3481238877387,1.2549270953091183,0.38302120746449164,3.276390630211925,0.0010514302648262936,0.008136673019656577,protein_coding,MPP3
ENSG00000119636.16,261.73329984912027,1.0679266909617589,0.32652064368339057,3.2706253390743334,0.0010730997654941766,0.008269879588121788,protein_coding,BBOF1
ENSG00000129295.10,174.5236882819975,2.4056133549446996,0.7369067574502005,3.264474549356088,0.0010966731510366836,0.008407239809081158,protein_coding,DNAAF11
ENSG00000141736.14,87801.46570465044,1.3783529915013901,0.42246500566573897,3.262644178845821,0.0011037801056171994,0.008438567157363462,protein_coding,ERBB2
ENSG00000153832.12,256.16137807804574,1.1097883821539967,0.34024143352133684,3.2617673005554186,0.0011071999122708905,0.00845557264654717,protein_coding,FBXO36
ENSG00000196502.14,337.6412826023472,2.150370158278914,0.6595395961897499,3.260411005953085,0.0011125087336937454,0.008482003043302957,protein_coding,SULT1A1
ENSG00000272602.6,572.4642359144589,1.7633592277797077,0.5410616691239873,3.259072539059543,0.0011177708394621302,0.00851106906455826,protein_coding,ZNF595
ENSG00000115461.5,211035.35456592243,3.338829160267756,1.0247183320910513,3.258289674055606,0.001120859284957016,0.008526483093856303,protein_coding,IGFBP5
ENSG00000180875.5,495.19062498788793,4.037227107159108,1.241108173628747,3.25292121423637,0.0011422516290326241,0.008666044247956426,protein_coding,GREM2
ENSG00000132254.13,5533.850862021872,1.5003835748046686,0.46150641675294224,3.2510568008155505,0.001149768842686987,0.008704954397103084,protein_coding,ARFIP2
ENSG00000131238.18,18436.731077671313,1.202397536725855,0.36997613008939384,3.249932736026324,0.0011543230782897385,0.008721969925969913,protein_coding,PPT1
ENSG00000169570.10,655.5247197661026,1.0448528819137501,0.32233544160152505,3.2415079046920625,0.0011889913663877746,0.00889697948246508,protein_coding,DTWD2
ENSG00000157110.16,2271.06206378913,1.5585904346438748,0.4810849526307716,3.2397405616635013,0.0011963850033296338,0.008945090774290542,protein_coding,RBPMS
ENSG00000080854.16,744.6571300038582,2.995632657741982,0.9255889381177136,3.2364611701539223,0.0012102169024840687,0.009031527532854298,protein_coding,IGSF9B
ENSG00000104205.16,318.9510664624147,1.4506965142437298,0.45007598666636506,3.2232257601406107,0.0012675560835417176,0.009386456808051943,protein_coding,SGK3
ENSG00000069188.17,137.06398969930706,2.606751431922008,0.808946133665016,3.2224042163497892,0.0012711966013592084,0.009402038394340591,protein_coding,SDK2
ENSG00000115525.18,1285.9500170438464,2.205785486998132,0.6850779779437524,3.2197582728009335,0.0012829873145051766,0.009465474393471004,protein_coding,ST3GAL5
ENSG00000096006.12,518.1656755100328,3.847824410547504,1.1956553079931116,3.218171980523397,0.0012901043840274416,0.009505385292161954,protein_coding,CRISP3
ENSG00000159461.15,5337.123634266971,1.0062311832077386,0.3128348869961632,3.2164928690324732,0.0012976775850784517,0.00954602358833081,protein_coding,AMFR
ENSG00000158423.17,206.63761590276513,1.8836214411873238,0.5858503858172893,3.2151919445432844,0.0013035732572393034,0.009569162760683873,protein_coding,RIBC1
ENSG00000176842.16,1600.2971730768563,1.6294299381426804,0.5076848869452242,3.2095301239851266,0.0013295211437195763,0.009731409559973214,protein_coding,IRX5
ENSG00000124429.18,966.7272827437328,2.8396469925252665,0.8859338702951121,3.205258414580488,0.0013494127145254576,0.009845937698959539,protein_coding,POF1B
ENSG00000165863.17,111.76290888662845,3.663700878121977,1.1441594220903835,3.2020895055239613,0.0013643459868245954,0.009931468328778618,protein_coding,C10orf82
ENSG00000118513.20,1035.25810489643,1.8255665357255177,0.5701562146271851,3.2018708011789765,0.001365382218775263,0.009933815849928964,protein_coding,MYB
ENSG00000116663.11,160.94559698307611,1.312449936093992,0.41040177159900476,3.1979636222827037,0.0013840173826372474,0.010043145949710746,protein_coding,FBXO6
ENSG00000176428.6,165.22078620976166,1.5547121605072767,0.4869302953160516,3.192884434307297,0.0014085930757173424,0.010197554448808308,protein_coding,VPS37D
ENSG00000182575.8,345.5494629406779,2.6414209430100977,0.8273895067389333,3.1924757583897505,0.0014105878443635986,0.010201383017850126,protein_coding,NXPH3
ENSG00000167646.14,173.98975840949225,1.7510624393565162,0.5494202010135045,3.1871096769401017,0.0014370227170597846,0.01035663955411105,protein_coding,DNAAF3
ENSG00000171791.14,1352.050902786764,2.5361766693477654,0.7958914479692855,3.1865861554597834,0.001439626035600584,0.010365605361349678,protein_coding,BCL2
ENSG00000143842.15,4384.838126866529,1.4503048301427373,0.4565646005308977,3.1765599620651903,0.001490329770731078,0.01063986137421654,protein_coding,SOX13
ENSG00000273802.3,433.3906866976848,2.3265066531422347,0.7343292819924309,3.1682062940889444,0.0015338264086763825,0.010872317777416804,protein_coding,H2BC8
ENSG00000137269.15,1542.1932344768188,1.1546262007187131,0.3650216835992485,3.16317153910878,0.0015606034581636642,0.011020029898894916,protein_coding,LRRC1
ENSG00000269313.6,209.53748296310755,1.4684855337010585,0.4660418646086973,3.150973432256012,0.0016272729158834742,0.01139828104844801,protein_coding,MAGIX
ENSG00000136944.19,1468.1429903573744,2.431129340271206,0.7726397229268459,3.146523881870603,0.0016522376771637031,0.011521882238551545,protein_coding,LMX1B
ENSG00000168301.13,753.3955360301786,1.286230029260653,0.40902934845276756,3.1445910522706164,0.0016631914556582792,0.011579939309580754,protein_coding,KCTD6
ENSG00000105518.14,664.5446153064026,1.3539212580882243,0.43099324161549096,3.1413978859931175,0.001681434311995249,0.011674833002918371,protein_coding,TMEM205
ENSG00000188883.5,796.1353135720934,2.4208222555646355,0.7707429938361327,3.1408942733501197,0.0016843282459347289,0.011683269637139077,protein_coding,KLRG2
ENSG00000125534.10,8532.376442433397,1.0456438931426157,0.33331666006273164,3.137088596009036,0.0017063455709551993,0.011800704425617125,protein_coding,PPDPF
ENSG00000117984.15,13632.076774506715,1.8945008643612065,0.6040250430013476,3.136460791340036,0.0017100029988323137,0.011817190535128174,protein_coding,CTSD
ENSG00000196873.16,234.426400637787,1.0185004962841124,0.3258669733612277,3.1255100379721252,0.0017749701212214678,0.012190493040789731,protein_coding,CBWD3
ENSG00000142619.4,449.26197985558383,3.063087030360198,0.9814263560496451,3.121056421074199,0.0018020350472720806,0.012340038081562378,protein_coding,PADI3
ENSG00000136828.19,1188.0191898682763,1.2151174185617213,0.3893594311034855,3.1208115727875168,0.0018035339494268097,0.012340995825035565,protein_coding,RALGPS1
ENSG00000040731.10,277.3923651915592,4.20013133177035,1.346186661808739,3.1200215029073646,0.0018083783842510516,0.012361989367390046,protein_coding,CDH10
ENSG00000111058.8,826.5811180515592,2.601750829239163,0.8346773867771891,3.1170735789128083,0.0018265597806464372,0.012464848750692382,protein_coding,ACSS3
ENSG00000163704.12,792.9288703664021,1.6099785298764542,0.5171623415833183,3.113100859098566,0.0018513273822174142,0.012584505253090095,protein_coding,PRRT3
ENSG00000130202.10,5976.6722712569635,1.0057957491784277,0.32315520346478754,3.11242318983121,0.0018555829341428214,0.012607275214742392,protein_coding,NECTIN2
ENSG00000215440.12,484.33824562400275,1.286279212735861,0.4145209177377435,3.1030501904602463,0.0019153715396902059,0.012922026703542552,protein_coding,NPEPL1
ENSG00000184988.8,404.7608794170094,1.8494693483768592,0.5971728707137245,3.0970418099643817,0.0019546230341961116,0.013120059508049906,protein_coding,TMEM106A
ENSG00000072201.14,316.23541089759107,1.5632560151303416,0.5050226000277005,3.0954179378202027,0.001965357489217014,0.013166712652188882,protein_coding,LNX1
ENSG00000167968.13,116.86674404740717,1.0831060992633221,0.3499871274784077,3.094702673972327,0.001970102820155493,0.013179471786072653,protein_coding,DNASE1L2
ENSG00000160678.12,133.6204531189004,1.270470809409781,0.4105776685797089,3.094349514440612,0.0019724496905747175,0.013188832473417688,protein_coding,S100A1
ENSG00000117479.15,1768.8689496451839,1.1833895051847099,0.38266941919571074,3.0924590412057005,0.001985056251363084,0.013260385364277129,protein_coding,SLC19A2
ENSG00000249242.8,600.3204768117181,2.4771109227502692,0.8023148697458616,3.0874548337050145,0.002018784474421267,0.01342448271141672,protein_coding,TMEM150C
ENSG00000197563.11,2326.3228717602365,1.2457027946354065,0.40355279803217936,3.0868396916332963,0.0020229666137770055,0.013440501196596273,protein_coding,PIGN
ENSG00000151575.15,390.50883745758875,1.4928690877614461,0.4842801634291718,3.0826558684346876,0.0020516225658645335,0.013582411984574745,protein_coding,TEX9
ENSG00000067836.13,696.2540044415608,1.2593480737166767,0.40852251634167824,3.0826895050832124,0.0020513907033277152,0.013582411984574745,protein_coding,ROGDI
ENSG00000006282.21,5284.941162526449,1.131870508834849,0.36873061495993015,3.069640715777965,0.0021431641889239897,0.014070075085586834,protein_coding,SPATA20
ENSG00000213983.12,2238.4788431674397,1.0584703524109622,0.34483942582476423,3.06945863246171,0.0021444710203153317,0.01407533490249884,protein_coding,AP1G2
ENSG00000137486.17,2859.2800261398343,1.84663301339682,0.601660673181839,3.069226718161642,0.0021461365519026636,0.01408294602988273,protein_coding,ARRB1
ENSG00000078070.14,2809.3391734192487,1.0422633915561008,0.3396632094931831,3.0685201176520667,0.0021512184368785046,0.014109641001166365,protein_coding,MCCC1
ENSG00000145217.14,400.0836511445683,1.5659626761646652,0.5128092986987767,3.0536939952887026,0.002260425204039083,0.014701214013932689,protein_coding,SLC26A1
ENSG00000180616.9,433.5301220616898,2.4256356686932694,0.7954235715218027,3.0494892979504598,0.00229230800070371,0.01485650419268649,protein_coding,SSTR2
ENSG00000161905.13,224.96801606679205,2.9377281583690076,0.9640761071405283,3.047195274948133,0.002309875972198803,0.014938466727673839,protein_coding,ALOX15
ENSG00000164237.9,2892.2230941218627,2.304732425454095,0.7568097665582708,3.0453259554713235,0.0023242825906037235,0.014993911979616512,protein_coding,CMBL
ENSG00000186665.10,1174.6756713873156,1.1412868259393985,0.3751317564198369,3.0423626003608777,0.0023472895111971578,0.015103825897754065,protein_coding,C17orf58
ENSG00000114529.13,736.0686232969606,1.1807937866261067,0.38814336876194666,3.0421588558693182,0.002348878980532527,0.015107069154829813,protein_coding,C3orf52
ENSG00000073350.14,13702.39168022865,1.6321603413702743,0.5367730488762568,3.04068981255156,0.0023603686125212883,0.01517045040363486,protein_coding,LLGL2
ENSG00000178401.16,1242.1227928037256,2.133129462876232,0.7021549896822457,3.0379752251587098,0.002381735349034079,0.015247926673346969,protein_coding,DNAJC22
ENSG00000203697.12,2411.603131309059,3.1685009941093734,1.0442316680520454,3.034289316297054,0.0024110309137346116,0.015400058860650906,protein_coding,CAPN8
ENSG00000182568.18,1241.8513478880793,3.0130694937184472,0.9939699758622123,3.0313485989401054,0.0024346398433968968,0.015518808033156863,protein_coding,SATB1
ENSG00000171843.17,621.2485786863738,1.7386387909789953,0.5752046439328663,3.022643869999625,0.002505769405315721,0.01586447606991395,protein_coding,MLLT3
ENSG00000167183.3,1641.5925222499507,2.409383195711254,0.7971323075415415,3.0225637236334095,0.002506433053132919,0.01586447606991395,protein_coding,PRR15L
ENSG00000106211.10,27213.952488956827,1.1546378397255554,0.3821514382419488,3.0214143509111375,0.0025159680779134074,0.015920547264559583,protein_coding,HSPB1
ENSG00000104763.20,7348.132421852396,1.0963362536717935,0.3631836493992806,3.0186828495312907,0.0025387614795245404,0.016039256591930347,protein_coding,ASAH1
ENSG00000165548.11,1505.8097126858722,2.174151134750772,0.7202833673961752,3.0184663885969347,0.0025405758206529317,0.0160470770464477,protein_coding,TMEM63C
ENSG00000157600.12,4116.092129249928,1.2241609035198842,0.4058017305893907,3.0166478140492408,0.0025558657223714045,0.016125357717119315,protein_coding,TMEM164
ENSG00000167106.12,6540.176236708642,1.2343381467739851,0.4093223346813869,3.015565099165145,0.002565008707306435,0.016164723200493985,protein_coding,FAM102A
ENSG00000124493.14,197.71668564927958,2.5894887763566445,0.8587021568662926,3.0155843392854673,0.002564845973434045,0.016164723200493985,protein_coding,GRM4
ENSG00000164120.14,363.3112071172087,3.121313754732252,1.0361479263090392,3.0124209830260242,0.0025917289930891957,0.016307396040493066,protein_coding,HPGD
ENSG00000127084.19,1270.2253760793496,2.107737351836718,0.7000546996158127,3.0108180874915007,0.0026054489348909748,0.016378788742462777,protein_coding,FGD3
ENSG00000121552.4,341.4207449919377,2.9596919573849467,0.9831937523632104,3.010283527810275,0.0026100392287468728,0.016392836636145748,protein_coding,CSTA
ENSG00000135245.10,1642.5091956260765,1.188402039351134,0.39538094289699616,3.005714009996517,0.002649580711596503,0.01658132389568351,protein_coding,HILPDA
ENSG00000104447.13,13087.862356525908,1.6766451670821267,0.5587062194922551,3.0009423711191907,0.0026914549687649426,0.016794428195040095,protein_coding,TRPS1
ENSG00000115271.11,1136.1987957095293,1.5152678170500202,0.5051760963120763,2.99948439388144,0.0027043697758123895,0.016855679493444593,protein_coding,GCA
ENSG00000181019.13,30020.674138895523,1.4155608160994648,0.47230523395347374,2.9971313344346933,0.0027253327368247722,0.016960063058854093,protein_coding,NQO1
ENSG00000182541.18,5115.86828643496,1.0524856697931024,0.3516864260843043,2.9926820932827427,0.0027653764201496225,0.017144102011422024,protein_coding,LIMK2
ENSG00000158406.6,730.1169409525154,1.7750193124106224,0.5932930278701293,2.9918088179508673,0.0027732988135623525,0.01717409249706822,protein_coding,H4C8
ENSG00000267221.3,153.21175113543887,1.4879219519283327,0.4979011808489595,2.9883880761064114,0.0028045319900111623,0.017332804723346074,protein_coding,C17orf113
ENSG00000100321.15,2538.6035692844353,1.2220984276099247,0.41029408822595065,2.9785913633172068,0.0028957668416005875,0.017786091306883044,protein_coding,SYNGR1
ENSG00000142765.18,1314.71558728893,1.5878071096518627,0.5340874778372818,2.9729345388914235,0.0029496735272587352,0.01805742518248827,protein_coding,SYTL1
ENSG00000145703.17,564.5456601663683,2.3279230907846507,0.783196546626194,2.97233574485579,0.0029554330039193353,0.01807281043433625,protein_coding,IQGAP2
ENSG00000177380.14,1966.2621605844738,1.2985035726405423,0.43703784557687353,2.9711467457161893,0.0029668997736893863,0.018119048288814776,protein_coding,PPFIA3
ENSG00000203780.12,271.5291281652252,1.3731477351085752,0.46235649098996096,2.9698896022168966,0.0029790678693167308,0.018177407542810286,protein_coding,FANK1
ENSG00000131242.18,2321.6514569475694,1.5736994709147922,0.5299238218407266,2.969671122631248,0.002981187206823483,0.018180742397593597,protein_coding,RAB11FIP4
ENSG00000215845.11,1308.1688185263824,1.750099094718719,0.5897158952366595,2.9676986983984635,0.0030003828532581653,0.018263428187906033,protein_coding,TSTD1
ENSG00000168101.15,1865.9646895088451,1.0981709251692908,0.370054670795059,2.9675910394804124,0.0030014338286530285,0.01826396908785702,protein_coding,NUDT16L1
ENSG00000185432.12,1183.6520309359423,1.960400569343765,0.6606113283978888,2.967555179682005,0.0030017839695698333,0.01826396908785702,protein_coding,METTL7A
ENSG00000099849.15,2152.133596945377,1.03692676581883,0.34944801117685426,2.967327707279597,0.0030040059152107355,0.018273494024433137,protein_coding,RASSF7
ENSG00000157303.11,676.9596953982771,2.3096184989611146,0.7784788459089748,2.966835272529899,0.003008821148074557,0.018290793945796763,protein_coding,SUSD3
ENSG00000188559.16,2363.5409311121116,1.3239873715761201,0.4462930020295394,2.9666326058334374,0.0030108049521824997,0.018298857346932765,protein_coding,RALGAPA2
ENSG00000142235.13,574.8933913106631,1.3093467446706823,0.4420341613948505,2.962094016758804,0.003055544680193435,0.018506508374103385,protein_coding,LMTK3
ENSG00000143473.14,142.41879821121142,2.07380753876671,0.7000968411961865,2.962172397783425,0.003054766911458063,0.018506508374103385,protein_coding,KCNH1
ENSG00000100346.18,269.932326606255,2.452817173731281,0.8282293226568137,2.9615193601973373,0.0030612524701581637,0.018528598338622013,protein_coding,CACNA1I
ENSG00000197191.7,292.256275038527,2.0170402795513236,0.6812370716602135,2.960849260061085,0.0030679205350171036,0.018548495906441993,protein_coding,CYSRT1
ENSG00000145088.9,186.79741114482624,1.4515165925068725,0.4913659356934762,2.954043996676964,0.003136392879550162,0.01884868491706751,protein_coding,EAF2
ENSG00000159409.15,128.60259064503262,1.5919725285161612,0.5393126902070068,2.9518543832245214,0.00315871852486488,0.01893326633465521,protein_coding,CELF3
ENSG00000258986.7,328.07857155738355,3.716902316377532,1.2596924609281235,2.950642662129589,0.003171135595849925,0.01898560358361809,protein_coding,TMEM179
ENSG00000169862.21,828.8069785435648,3.2236733002711735,1.0936548979940326,2.947614742259183,0.003202358835811973,0.019133045836802334,protein_coding,CTNND2
ENSG00000100100.13,799.8670596327406,1.4668817970957868,0.49771180714539803,2.9472513531656332,0.003206124792945007,0.019151435565754767,protein_coding,PIK3IP1
ENSG00000143365.20,632.0452895892628,2.5844709528265724,0.8771698413333182,2.946374614177475,0.003215227436229609,0.01918522420469183,protein_coding,RORC
ENSG00000102316.17,12372.307591366947,1.2814586785890616,0.43504194435968213,2.9455979939478723,0.0032233102710439586,0.01921697680547861,protein_coding,MAGED2
ENSG00000169710.9,56242.09552158372,1.1810229870899684,0.4017589932587471,2.939630492177552,0.0032860386760089557,0.019490767650838545,protein_coding,FASN
ENSG00000183778.19,897.9418980593412,2.7043102283921825,0.9223862197503435,2.931863215740735,0.0033693511147295397,0.019865394002905955,protein_coding,B3GALT5
ENSG00000212864.4,339.17506642724436,1.2814715561771979,0.43772614238683,2.927564593674024,0.003416280897680732,0.020079306391013695,protein_coding,RNF208
ENSG00000206530.11,802.5228416583656,1.3876877805185406,0.47570793503443254,2.9171003431298606,0.003533020932422323,0.020634739965360426,protein_coding,CFAP44
ENSG00000120149.9,989.193454472467,2.3937082802030614,0.8209936948147918,2.915623220155252,0.0035497890253106197,0.020706606728530263,protein_coding,MSX2
ENSG00000198589.15,7811.278349882518,1.0930387350280193,0.37554591375207597,2.9105328935881074,0.0036081298507381868,0.020967829337191685,protein_coding,LRBA
ENSG00000163815.6,119.5558208996971,2.6607028559894794,0.9142794476186802,2.9101636954866583,0.0036123950054383312,0.020984316923281836,protein_coding,CLEC3B
ENSG00000244242.2,613.2272732272187,2.2667536156326604,0.7791531957137172,2.9092527991960253,0.003622937739548377,0.021023159249128336,protein_coding,IFITM10
ENSG00000111057.11,33859.52400966123,1.8684315564890737,0.643880242598708,2.901830857471356,0.003709887897766399,0.0213806293006678,protein_coding,KRT18
ENSG00000124507.11,784.8354494515783,2.35931920662253,0.8131646646700736,2.90140399494582,0.0037149459368069227,0.021396489777975897,protein_coding,PACSIN1
ENSG00000131979.20,1287.9253685305764,1.1110210926425497,0.38316558703774917,2.8995847493295184,0.0037365731645776445,0.021503256276448893,protein_coding,GCH1
ENSG00000084628.10,664.8291195037515,2.504150106927437,0.864730311720675,2.895874092749887,0.003781040687812108,0.021728205204265615,protein_coding,NKAIN1
ENSG00000158373.9,1280.1524178435518,1.4898105756061932,0.5145137665132159,2.895569900301056,0.0037847072932737967,0.02173980854634119,protein_coding,H2BC5
ENSG00000166426.8,168.90686309006549,3.2392137349686365,1.1186763510083508,2.8955771989359382,0.0037846192808341636,0.02173980854634119,protein_coding,CRABP1
ENSG00000140263.15,2497.5482484018153,1.1557407013521432,0.3995624981255981,2.892515455714387,0.00382170378366226,0.02191266098109046,protein_coding,SORD
ENSG00000108551.5,409.2156438153349,2.4286056714068476,0.8397465119770617,2.8920699720312584,0.0038271270092057486,0.021933684873018576,protein_coding,RASD1
ENSG00000154217.16,1034.9399976722898,1.415177476465237,0.4895322252468633,2.8908770525813403,0.003841683812264243,0.021994469477208446,protein_coding,PITPNC1
ENSG00000112379.9,6152.309234482692,1.7258139600936868,0.5973173332557166,2.8892748695019894,0.0038613138770045704,0.0220614805173028,protein_coding,ARFGEF3
ENSG00000147041.12,547.6066980153248,2.537177149366109,0.8820470160755085,2.8764647497531035,0.004021571106397472,0.022757563187168133,protein_coding,SYTL5
ENSG00000090238.12,1495.1625679029205,1.2107426363173126,0.421200696972227,2.874502927038476,0.0040466401919825624,0.022857604785719684,protein_coding,YPEL3
ENSG00000133056.14,3236.452278869992,1.1879283427242333,0.4135581318368873,2.8724579479258496,0.004072922811190668,0.0229641238347789,protein_coding,PIK3C2B
ENSG00000145526.12,114.73530100184631,2.994213072274995,1.0434829812255306,2.8694412138455836,0.004111977609330997,0.023142136824370732,protein_coding,CDH18
ENSG00000115705.22,229.75426132779447,2.352355880944506,0.819915222110273,2.8690233057145638,0.004117414587624695,0.023145052187663048,protein_coding,TPO
ENSG00000006459.11,1879.8969429407127,1.2829660516871166,0.4472067127733511,2.8688434565993126,0.004119756429006231,0.0231452960684162,protein_coding,KDM7A
ENSG00000157388.20,1469.1332733087186,2.1817027235355653,0.7611080813840008,2.8664821421529934,0.004150615757034111,0.023284268483031337,protein_coding,CACNA1D
ENSG00000105289.15,2314.592088715586,1.9533177469616316,0.6816450738016584,2.865593579467425,0.004162282328026353,0.023335607428588433,protein_coding,TJP3
ENSG00000061938.21,5500.040083193507,1.1052121975462426,0.386016222781219,2.86312370392951,0.004194867531472081,0.023465850634431153,protein_coding,TNK2
ENSG00000128928.10,5276.7909290818025,1.2173623454630138,0.4253967832015942,2.8617102750542185,0.004213618916033994,0.02355226830255467,protein_coding,IVD
ENSG00000070731.11,681.8483447413018,2.197336208398998,0.7701748347645619,2.853035582590427,0.0043303772453681605,0.024059956287837945,protein_coding,ST6GALNAC2
ENSG00000100784.12,893.2691650359143,1.0758654591849133,0.37827177109025634,2.8441600494904753,0.004452867432341226,0.024525132142194376,protein_coding,RPS6KA5
ENSG00000165105.10,2331.0953982886053,1.7420346994069884,0.6126102480094572,2.8436264412280865,0.004460330796817027,0.02455166463519849,protein_coding,RASEF
ENSG00000148444.16,505.0196842180208,1.1368758620953485,0.3998778473681788,2.8430578727423104,0.004468295607746212,0.024585783067251146,protein_coding,COMMD3
ENSG00000205363.7,495.8329522277966,2.1865237207013615,0.7696698774596108,2.8408591588880285,0.004499217790868174,0.024721718599803887,protein_coding,INSYN1
ENSG00000197008.10,640.8227333197289,1.017905629417837,0.3588471084333375,2.836599781622406,0.004559672817499036,0.024979935553612116,protein_coding,ZNF138
ENSG00000131149.19,14546.402378497714,1.2265930637266447,0.4324382823310967,2.8364580885729787,0.004561696509461924,0.024981189068932146,protein_coding,GSE1
ENSG00000008516.18,105.49915281734626,1.403512485296509,0.4948103869470814,2.8364652851287273,0.004561593707029013,0.024981189068932146,protein_coding,MMP25
ENSG00000203814.7,128.07639186900997,1.7825302459732488,0.6288066953116044,2.8347825480610034,0.004585688721086811,0.025097764695275752,protein_coding,H2BC18
ENSG00000185477.5,333.19701662601057,3.1039568324922784,1.0953551425496044,2.8337447024417584,0.004600606983651431,0.025174463533894485,protein_coding,GPRIN3
ENSG00000180596.8,377.0054105842248,1.5484506939627327,0.5465304849905773,2.8332375530514633,0.004607912855245219,0.025199580007584658,protein_coding,H2BC4
ENSG00000172508.11,193.35303826697046,1.8025483372473496,0.6362761092811833,2.83296561186893,0.004611834700153538,0.025206171355482795,protein_coding,CARNS1
ENSG00000169894.18,176.41878331088648,2.7210042095518,0.9607000495164951,2.832314009894387,0.004621244188037108,0.025242730223351828,protein_coding,MUC3A
ENSG00000129595.14,390.50722477080774,2.079284798974836,0.7345597062284915,2.8306545830708214,0.004645285779944999,0.025324358591960243,protein_coding,EPB41L4A
ENSG00000166387.14,1706.2896658887867,1.9560143795987819,0.6915617293195916,2.828401712632725,0.004678106361060568,0.025465473340597036,protein_coding,PPFIBP2
ENSG00000182809.11,7009.259041500016,1.4255132048126298,0.50568392119417,2.818980681541718,0.004817641751807154,0.026029478999088498,protein_coding,CRIP2
ENSG00000150995.21,1683.3395590270577,1.3151834400971476,0.46726248786864827,2.814656588625744,0.00488293823020828,0.02629550562508758,protein_coding,ITPR1
ENSG00000010310.9,320.0712579902776,1.93444735219135,0.6902563104818574,2.8025058558913303,0.005070729585361503,0.02709190570789305,protein_coding,GIPR
ENSG00000112796.10,638.5851512601362,2.125389818803024,0.7586118247350222,2.801682954975567,0.005083680651494867,0.02713597327672037,protein_coding,ENPP5
ENSG00000140961.14,1338.6851887777082,1.617328166450568,0.579213806346805,2.792281794267506,0.00523377543911325,0.027787025199915393,protein_coding,OSGIN1
ENSG00000007402.12,290.1444272443734,1.51268002205213,0.5420649039216235,2.7905883799310613,0.005261233413273559,0.02791151006134606,protein_coding,CACNA2D2
ENSG00000131781.13,297.8157000185101,1.3227771784268243,0.47448909810737033,2.7877925619431156,0.005306851264663259,0.028099964200716466,protein_coding,FMO5
ENSG00000245848.3,207.66240487157876,1.4107041465664336,0.5063105604950948,2.7862427858249275,0.005332291737558339,0.02818106565533965,protein_coding,CEBPA
ENSG00000163071.11,191.1478177595992,3.1211793392283202,1.1222594217340571,2.781156726138806,0.005416558072516116,0.028566750759105457,protein_coding,SPATA18
ENSG00000107099.18,1028.0994258141973,2.2963253193495796,0.8263523879132195,2.7788693454961386,0.005454846071026261,0.028681853917761638,protein_coding,DOCK8
ENSG00000162777.17,1517.797825423528,2.2595813928911808,0.813099016106959,2.7789744522258095,0.005453081369626583,0.028681853917761638,protein_coding,DENND2D
ENSG00000173156.7,2123.576541627626,1.9339091723389013,0.6975308704034107,2.7725069303677445,0.005562633491390106,0.02914108984581074,protein_coding,RHOD
ENSG00000165215.6,3590.8657492541943,2.0828364599158355,0.7525692144636298,2.767634418051916,0.005646475521775138,0.0294832662960294,protein_coding,CLDN3
ENSG00000157502.13,265.1038341803429,3.0612559319831374,1.106384199849395,2.766901346204914,0.005659187780038432,0.02952638258600608,protein_coding,PWWP3B
ENSG00000128833.13,3565.563955576618,1.6186358915189778,0.5852788143928844,2.7655808679799985,0.0056821514509351806,0.029619544529631402,protein_coding,MYO5C
ENSG00000205133.12,1606.0281846134637,1.3414860632019532,0.4856030217317635,2.7625158888384362,0.00573577699753837,0.02979871490329713,protein_coding,TRIQK
ENSG00000226124.10,135.5470580156458,1.5844448050292008,0.5757157053547978,2.752130592047599,0.0059208904526996805,0.03052109382247191,protein_coding,FTCDNL1
ENSG00000178947.9,110.07499000485966,3.1865011161474586,1.1582507489349405,2.7511323597913306,0.005938964137492452,0.030597261841798982,protein_coding,SMIM10L2A
ENSG00000104381.14,1480.269985957161,1.4632323139045402,0.5319314039387582,2.750791367213589,0.005945149426938683,0.03061213086353407,protein_coding,GDAP1
ENSG00000170684.10,215.1710116348774,1.1292255701874565,0.4105964322560485,2.7502079450200143,0.0059557456292012815,0.03064401762189406,protein_coding,ZNF296
ENSG00000099812.9,2320.0936497854664,2.31010380285861,0.8401972321137179,2.749477997025757,0.0059690270204497894,0.030695332743624668,protein_coding,MISP
ENSG00000186806.6,499.1703246507814,1.5193489402838127,0.5534143906877986,2.745409165084276,0.006043549535410017,0.030998386745471392,protein_coding,VSIG10L
ENSG00000188833.10,114.86434248766989,1.7396407276110457,0.6340670677815702,2.7436225850643523,0.006076535570399601,0.031108907210319413,protein_coding,ENTPD8
ENSG00000109452.13,2805.4453335904304,1.805899019983183,0.659290340705125,2.739155890031296,0.006159715878268908,0.031443581732531325,protein_coding,INPP4B
ENSG00000103056.12,106.28397288276231,1.6833223464033533,0.6146000138584378,2.7388908370429634,0.006164683861331668,0.031457996015994,protein_coding,SMPD3
ENSG00000181751.10,1767.5833493616285,1.0269370108051508,0.37515602994245895,2.7373597352617822,0.006193452536122463,0.031563702818657065,protein_coding,MACIR
ENSG00000138744.16,1175.255239554803,1.2460611350316613,0.45587289045771145,2.7333521275647135,0.006269326736260957,0.031828010036578515,protein_coding,NAAA
ENSG00000124143.11,1583.4317026521448,3.0005030912145276,1.0986233065837232,2.731148222719656,0.006311407909180748,0.03197167435122025,protein_coding,ARHGAP40
ENSG00000204839.9,2169.1463088991823,1.618527439208696,0.5934949871890559,2.727112232024833,0.006389130363326427,0.0322714267453374,protein_coding,MROH6
ENSG00000082458.12,5014.868630345898,1.1202511638807315,0.41131350677016537,2.723594400479311,0.006457575784257766,0.03253736685245448,protein_coding,DLG3
ENSG00000055163.21,1860.2483800789546,2.1573629680643345,0.792295578940418,2.722926929555127,0.006470636778786517,0.03257082194833662,protein_coding,CYFIP2
ENSG00000144218.21,1907.6089003596537,2.7769813797974745,1.0222806469113876,2.716456961390746,0.006598477373272116,0.033070798732877674,protein_coding,AFF3
ENSG00000108852.16,898.7372781350688,1.5341802525814365,0.5657685641749992,2.711674613485411,0.0066944271660903075,0.033419310365008933,protein_coding,MPP2
ENSG00000075275.18,8497.377539447369,1.5733483337142753,0.5814737449150501,2.7057942812949056,0.006814124358710814,0.033858972804190327,protein_coding,CELSR1
ENSG00000288649.2,145.63815325104162,1.3704054711139737,0.506616762660583,2.7050140700379894,0.00683014964160557,0.03393254424839062,protein_coding,ACTL10
ENSG00000173801.17,18492.944668217646,1.5707055743120735,0.5810180864600586,2.7033677796191116,0.006864075071790609,0.03404639944732064,protein_coding,JUP
ENSG00000257335.8,276.01594201082685,2.4632782105926303,0.9113578671594466,2.7028660193281326,0.006874445006488869,0.03408568778065981,protein_coding,MGAM
ENSG00000162894.12,163.59778733983288,1.729286491758576,0.6404503293603045,2.7001102388155913,0.006931650364961296,0.034322275936832486,protein_coding,FCMR
ENSG00000139116.19,2438.3349204550964,1.2534342856730643,0.4643673359964013,2.699230089006041,0.0069500106789068625,0.03440521025396611,protein_coding,KIF21A
ENSG00000255690.3,1321.462319467641,2.508756190246915,0.9294772419108598,2.69910448274054,0.006952634439869229,0.03440596129212442,protein_coding,TRIL
ENSG00000227051.7,2595.8872319144975,2.3007543294211112,0.8543993412831363,2.6928325178315795,0.0070847848588112385,0.03494189782598683,protein_coding,C14orf132
ENSG00000003987.14,118.66235464336833,1.1124508937067568,0.41354997271692545,2.690003547571815,0.0071451259474092236,0.03515851615203874,protein_coding,MTMR7
ENSG00000107562.17,3031.1289562089682,2.7284765429137505,1.0147199790009906,2.688896049528839,0.007168873930189354,0.035250445984940974,protein_coding,CXCL12
ENSG00000173269.14,271.8340887758465,1.8745425990907072,0.6975098694669001,2.6874782438897986,0.007199379208613314,0.03535672541477773,protein_coding,MMRN2
ENSG00000143126.8,6596.100350459655,1.4824457694148276,0.5518273446694323,2.6864304274426174,0.00722199867397202,0.03543655122310684,protein_coding,CELSR2
ENSG00000101417.12,2618.6812690412225,1.8465746022865706,0.6875360173459474,2.685785988950496,0.007235941979249169,0.03547995084276552,protein_coding,PXMP4
ENSG00000126460.11,467.9850089010964,1.575047916814709,0.5864964462971312,2.6855199665042084,0.007241704778841981,0.035486286439023955,protein_coding,PRRG2
ENSG00000130558.20,1901.1443826105635,2.6860749657190364,1.0006717825296616,2.684271718873432,0.0072688004006716015,0.03559717240554094,protein_coding,OLFM1
ENSG00000184227.8,589.6101379506382,1.5492665603787088,0.578317200355678,2.6789218086992315,0.007385963910439074,0.03602572078606457,protein_coding,ACOT1
ENSG00000054690.14,1548.093389357854,1.5141429744702404,0.5652798658635328,2.678572271731641,0.007393677434462525,0.036038622019866504,protein_coding,PLEKHH1
ENSG00000100889.12,3666.485125116166,1.0699027504053138,0.3994317303684781,2.6785622399560554,0.007393898920658773,0.036038622019866504,protein_coding,PCK2
ENSG00000012171.20,1845.657638439298,1.5038934390692291,0.5616722797827265,2.677528326039136,0.007416758093006995,0.0361247381062017,protein_coding,SEMA3B
ENSG00000175482.9,647.3491154931303,1.1513132488026498,0.4307867736241441,2.672582630884475,0.00752698343415552,0.03654013095102076,protein_coding,POLD4
ENSG00000135052.16,11948.20329227308,1.419486926696655,0.5315224204751555,2.6706059274558953,0.007571447771122851,0.03669274156511802,protein_coding,GOLM1
ENSG00000039068.20,18428.406591645824,2.2863558126660197,0.8561816386212979,2.6704097699966085,0.007575872992352216,0.03669427538108862,protein_coding,CDH1
ENSG00000198948.12,1529.518873374843,1.932127594857543,0.7260827294598674,2.6610295445187795,0.007790212119599388,0.037530000789402655,protein_coding,MFAP3L
ENSG00000187244.12,8490.223367940749,1.4234432853935333,0.5361876732497883,2.654748246572256,0.007936761705833217,0.03799926020701297,protein_coding,BCAM
ENSG00000205593.12,487.21930673697705,1.6129034439270806,0.6076583869752638,2.6542930674512974,0.007947476867901987,0.03803747697643048,protein_coding,DENND6B
ENSG00000088002.12,473.11461793161783,2.1897414643981934,0.8252772629071989,2.6533403533794266,0.007969946217462661,0.03812535193491848,protein_coding,SULT2B1
ENSG00000004838.14,112.65341989318492,1.616651846680698,0.6106508770157115,2.6474240970247607,0.00811075652093323,0.03862635047334429,protein_coding,ZMYND10
ENSG00000172482.5,139.20295426085363,3.218266502191843,1.2157471956008212,2.6471510802880185,0.00811730790265666,0.038650937868346016,protein_coding,AGXT
ENSG00000071282.12,1891.8615945117156,1.5606494939608886,0.5907778521408568,2.6416858524831586,0.008249453282254876,0.03918631084724347,protein_coding,LMCD1
ENSG00000162104.10,3080.726282196042,1.1904567068365441,0.45093841932380035,2.6399540509803536,0.008291726843540547,0.03934683061997864,protein_coding,ADCY9
ENSG00000065054.14,4168.870225514499,1.2766538966161836,0.4839512452286661,2.63798039410554,0.008340140357904357,0.0395226671778389,protein_coding,SLC9A3R2
ENSG00000277075.3,208.20989748483794,1.6285194024712313,0.6173625789769256,2.637865426132507,0.00834296828397277,0.03952933874938996,protein_coding,H2AC8
ENSG00000164626.9,2279.8564710600563,2.194447074292143,0.8321585375092829,2.6370540893088696,0.008362949549496264,0.03961052640118734,protein_coding,KCNK5
ENSG00000002933.9,124.09346857088146,2.878486782963707,1.092312411698556,2.6352229931065536,0.008408202431482659,0.03977094546878647,protein_coding,TMEM176A
ENSG00000196872.12,515.2539801995429,1.3947411420289817,0.5299161437585688,2.6320034942442323,0.008488298986605653,0.04008147423089991,protein_coding,CRACDL
ENSG00000198598.7,574.1172429570652,1.699380816359217,0.6465998105442455,2.628180195303246,0.008584302963970515,0.04043192170982796,protein_coding,MMP17
ENSG00000197415.12,701.4117689417786,1.7520969487442724,0.6679880526063752,2.622946536106282,0.008717295079892128,0.040954367231034135,protein_coding,VEPH1
ENSG00000171345.13,78142.44150019567,2.3460013706202534,0.8945091367268072,2.6226689860371404,0.008724399021149512,0.040980825371703986,protein_coding,KRT19
ENSG00000079841.20,111.33581325703014,1.8354830992861464,0.700467140800195,2.6203700250511957,0.00878344050046803,0.04120313519899789,protein_coding,RIMS1
ENSG00000196684.12,275.7871173965133,2.2430786725951504,0.8567759945213302,2.6180456583034046,0.008843497134766287,0.041420316237626265,protein_coding,HSH2D
ENSG00000197619.15,642.210443441497,1.4392512192090556,0.5504317499302925,2.6147678061654775,0.008928813203937474,0.04171575098100092,protein_coding,ZNF615
ENSG00000134759.14,5545.583615610684,1.2858545964055743,0.4926018087856493,2.6103326733116017,0.009045421088747065,0.042080417347932574,protein_coding,ELP2
ENSG00000127249.15,262.04551139558134,2.76749895331663,1.06360348861225,2.6020025159258915,0.00926811723228043,0.042883529135265636,protein_coding,ATP13A4
ENSG00000262152.7,798.0345641868354,2.0840174797383564,0.8014356322186496,2.6003554071698547,0.009312725537838672,0.043046999015489425,protein_coding,GREP1
ENSG00000157514.18,3678.9766609502667,1.6098771632651612,0.6194129963602307,2.5990367859974772,0.009348575448337886,0.04316253875931886,protein_coding,TSC22D3
ENSG00000118640.11,3844.2278804639905,1.5567195258959383,0.5995760900421692,2.5963669194788137,0.009421539483727011,0.043405821428173626,protein_coding,VAMP8
ENSG00000102349.18,1005.7681322646852,2.1980234950262685,0.8474706077981672,2.593627997007476,0.009496918157883963,0.04368080202294415,protein_coding,KLF8
ENSG00000164300.17,2993.074901667139,1.0695350590117378,0.41311717948892007,2.588938713066575,0.009627222699973147,0.04412701647891528,protein_coding,SERINC5
ENSG00000184925.12,107.68557787081951,1.3705395384604766,0.5295365421449536,2.5881868943528157,0.00964826164636109,0.04419434115321824,protein_coding,LCN12
ENSG00000143590.14,320.1160064271398,1.623579885069081,0.6274393508219945,2.5876284025572582,0.0096639170423815,0.04425876847511211,protein_coding,EFNA3
ENSG00000139998.16,4717.145082507858,1.3356618586154387,0.5176476609754427,2.5802528617603526,0.0098727994448315,0.0449785998930163,protein_coding,RAB15
ENSG00000197852.12,1094.7750456180197,1.7102214810529401,0.6630589327734457,2.5792903111936347,0.00990035446524345,0.045045156406426395,protein_coding,INKA2
ENSG00000196189.14,1140.913534066954,1.7316017849699754,0.6716557874940609,2.5781089320030417,0.009934267550891026,0.045121240362111036,protein_coding,SEMA4A
ENSG00000079337.16,713.6626471201683,1.7011522100653451,0.6602420674713653,2.5765583471233815,0.009978936220321628,0.04529903271834195,protein_coding,RAPGEF3
ENSG00000006756.16,1523.541836902477,1.860953077286229,0.7225889609245126,2.575396494993838,0.0100125235801842,0.04543668183534519,protein_coding,ARSD
ENSG00000253953.3,106.14315427459398,2.159403928382042,0.8391062229549419,2.5734571730115716,0.010068810741283811,0.04562516942770245,protein_coding,PCDHGB4
ENSG00000198929.13,315.65180956107537,1.5846647057755057,0.6159080286720551,2.5728917825477353,0.010085273682278954,0.04567291855176912,protein_coding,NOS1AP
ENSG00000104953.20,402.7524673349034,2.0266762413526225,0.7882942722176844,2.5709640584486744,0.010141585153461195,0.04584299518216074,protein_coding,TLE6
ENSG00000196917.6,1291.6860721101807,2.270270710530963,0.8843677676123949,2.5671115498252632,0.010254961671338339,0.04624285000540645,protein_coding,HCAR1
ENSG00000204128.6,965.3433574819645,1.8965674018382017,0.7397497397262993,2.563795970431723,0.01035343860778085,0.046588800046263784,protein_coding,C2orf72
ENSG00000113805.9,384.731978410916,3.2154861612255314,1.2553278811924227,2.5614711577752702,0.010422989534725325,0.04681610505719626,protein_coding,CNTN3
ENSG00000223572.10,374.8103340330868,1.923063138231551,0.7508780900022356,2.5610856993121556,0.010434561304902105,0.04684781427149274,protein_coding,CKMT1A
ENSG00000165061.15,119.27320234516046,2.9335821906285044,1.1465438831002472,2.5586305364048667,0.010508535894143467,0.04710396218186434,protein_coding,ZMAT4
ENSG00000162755.14,340.1208245457982,1.6885740220947218,0.6627851796218233,2.547694296752683,0.010843744914312229,0.04833410463327385,protein_coding,KLHDC9
ENSG00000198125.13,1538.703527682472,1.7229241009346443,0.676464638383873,2.5469536812017917,0.010866785579037704,0.04841354727562316,protein_coding,MB
ENSG00000167207.15,265.003036796868,2.0747901874347128,0.8148301935371951,2.5462853535507866,0.010887614695027668,0.04848478368411636,protein_coding,NOD2
ENSG00000163879.11,871.0046838185773,2.7589731507983384,1.0835796931413786,2.5461654258210293,0.010891356118297377,0.04848483333293118,protein_coding,DNALI1
ENSG00000197385.6,274.93483796654596,1.254453991523358,0.4927976255918828,2.5455763712673636,0.010909749634289256,0.048542805437991644,protein_coding,ZNF860
ENSG00000171604.12,4258.497724779428,1.2049632920661044,0.47337063195201307,2.545496511047299,0.010912245432543075,0.04854615052905051,protein_coding,CXXC5
ENSG00000147144.13,1490.0948792921013,1.1175318767524216,0.4397530702692984,2.5412713459125174,0.011045016378888502,0.048988061810506744,protein_coding,CCDC120
ENSG00000178826.11,400.49382144932923,2.110340147994956,0.8325525759978194,2.5347830381351,0.01125169896401871,0.04962013503840697,protein_coding,TMEM139
