region_id	chrom	region_start	region_end	n_snps	mean_window_fst	max_window_fst	gene_id	gene_start	gene_end	strand	distance_to_region_bp	gene_name	description	go_terms
11:3250000-3300000	11	3250000	3300000	61	0.338035	0.338035	Vitvi11g00343	3249300	3250215	+	0	Vitvi11g00343	XP_002284517.1 histone acetyltransferase KAT6B	
11:3250000-3300000	11	3250000	3300000	61	0.338035	0.338035	Vitvi11g01404	3250711	3251510	-	0	Vitvi11g01404	XP_010656330.1PREDICTED: uncharacterized protein LOC104880646	
11:3250000-3300000	11	3250000	3300000	61	0.338035	0.338035	Vitvi11g00344	3251710	3254637	-	0	Vitvi11g00344	XP_002281054.1 putative disease resistance RPP13-like protein 3	2
11:3250000-3300000	11	3250000	3300000	61	0.338035	0.338035	Vitvi11g01405	3254041	3257583	+	0	Vitvi11g01405	XP_002281062.2PREDICTED: uncharacterized protein LOC100257802 isoform X1	
11:3250000-3300000	11	3250000	3300000	61	0.338035	0.338035	Vitvi11g00346	3262777	3268859	+	0	Vitvi11g00346	XP_010656332.1PREDICTED: uncharacterized protein LOC104880647	1
11:3250000-3300000	11	3250000	3300000	61	0.338035	0.338035	Vitvi11g01406	3268938	3269771	+	0	Vitvi11g01406	XP_010656333.1PREDICTED: uncharacterized protein LOC100247556	
11:3250000-3300000	11	3250000	3300000	61	0.338035	0.338035	Vitvi11g00347	3270651	3276229	-	0	Vitvi11g00347	XP_002284542.1 ras-related protein RHN1 isoform X1	2
11:3250000-3300000	11	3250000	3300000	61	0.338035	0.338035	Vitvi11g04071	3286546	3286764	+	0	Vitvi11g04071	XP_034699269.1uncharacterized protein LOC117924676	
11:3250000-3300000	11	3250000	3300000	61	0.338035	0.338035	Vitvi11g00348	3289287	3294685	+	0	Vitvi11g00348	CBI28084.3unnamed protein product, partial	
11:3250000-3300000	11	3250000	3300000	61	0.338035	0.338035	Vitvi11g04072	3296311	3296577	-	0	Vitvi11g04072	KAG5225643.1Ly-6/neurotoxin protein	
11:3250000-3300000	11	3250000	3300000	61	0.338035	0.338035	Vitvi11g04073	3299038	3299232	+	0	Vitvi11g04073	RVX11165.1Arabinogalactan peptide 16	1
11:3250000-3300000	11	3250000	3300000	61	0.338035	0.338035	Vitvi11g00342	3245699	3248788	+	1212	Vitvi11g00342	RVW47547.1 putative ubiquitin-conjugating enzyme E2 37	1
11:3250000-3300000	11	3250000	3300000	61	0.338035	0.338035	Vitvi11g00349	3304385	3323069	+	4385	Vitvi11g00349	XP_010656334.1 casein kinase 1-like protein HD16	6
11:3250000-3300000	11	3250000	3300000	61	0.338035	0.338035	Vitvi11g00341	3236184	3243564	-	6436	Vitvi11g00341	XP_010656328.1 kinesin-like protein KIN-13B	4
8:10400000-10500000	8	10400000	10500000	103	0.291873	0.332262	Vitvi08g00829	10406742	10420348	-	0	Vitvi08g00829	XP_010653352.1 stress response protein nst1	
8:10400000-10500000	8	10400000	10500000	103	0.291873	0.332262	Vitvi08g04133	10420442	10420998	-	0	Vitvi08g04133	---NA---	
8:10400000-10500000	8	10400000	10500000	103	0.291873	0.332262	Vitvi08g00833	10432357	10432923	+	0	Vitvi08g00833	XP_019079488.1 anthranilate synthase alpha subunit 2, chloroplastic isoform X3	1
8:10400000-10500000	8	10400000	10500000	103	0.291873	0.332262	Vitvi08g00834	10440589	10442728	+	0	Vitvi08g00834	XP_002266624.1 adenine/guanine permease AZG1	6
8:10400000-10500000	8	10400000	10500000	103	0.291873	0.332262	Vitvi08g04134	10442847	10444319	+	0	Vitvi08g04134	RVW40970.1Adenine/guanine permease AZG1	3
8:10400000-10500000	8	10400000	10500000	103	0.291873	0.332262	Vitvi08g00835	10457125	10458696	-	0	Vitvi08g00835	RVX00677.1CBL-interacting serine/threonine-protein kinase 14	5
8:10400000-10500000	8	10400000	10500000	103	0.291873	0.332262	Vitvi08g00836	10474325	10476917	+	0	Vitvi08g00836	XP_002266747.1 U-box domain-containing protein 16	6
8:10400000-10500000	8	10400000	10500000	103	0.291873	0.332262	Vitvi08g00838	10490795	10491091	+	0	Vitvi08g00838	XP_004498234.1alpha,alpha-trehalose-phosphate synthase [UDP-forming] 6-like	1
8:10400000-10500000	8	10400000	10500000	103	0.291873	0.332262	Vitvi08g00839	10491514	10492243	+	0	Vitvi08g00839	XP_011044324.1 probable alpha,alpha-trehalose-phosphate synthase [UDP-forming] 9	2
8:10400000-10500000	8	10400000	10500000	103	0.291873	0.332262	Vitvi08g00828	10395564	10399226	+	774	Vitvi08g00828	NP_001268154.1CBL-interacting protein kinase 07	5
8:10400000-10500000	8	10400000	10500000	103	0.291873	0.332262	Vitvi08g00827	10388785	10391329	+	8671	Vitvi08g00827	XP_010653354.1 prosaposin isoform X3	5
17:13000000-13050000	17	13000000	13050000	50	0.331401	0.331401	Vitvi17g04281	13008136	13009943	+	0	Vitvi17g04281	RVW82923.1Calcium-transporting ATPase 10, plasma membrane-type	1
17:13000000-13050000	17	13000000	13050000	50	0.331401	0.331401	Vitvi17g04282	13011532	13013166	+	0	Vitvi17g04282	CAN67933.1hypothetical protein VITISV_006532	8
17:13000000-13050000	17	13000000	13050000	50	0.331401	0.331401	Vitvi17g01015	13016658	13031709	+	0	Vitvi17g01015	XP_034672674.1B3 domain-containing protein Os01g0905400-like	2
17:13000000-13050000	17	13000000	13050000	50	0.331401	0.331401	Vitvi17g01016	13032295	13033881	-	0	Vitvi17g01016	XP_002274703.1 adenine/guanine permease AZG2	6
17:13000000-13050000	17	13000000	13050000	50	0.331401	0.331401	Vitvi17g01017	13044250	13048005	+	0	Vitvi17g01017	XP_002274673.1 two-component response regulator ORR26 isoform X1	3
17:13000000-13050000	17	13000000	13050000	50	0.331401	0.331401	Vitvi17g01013	12987606	12991996	-	8004	Vitvi17g01013	XP_010663045.1 probable E3 ubiquitin-protein ligase makorin-2 isoform X1	
17:13000000-13050000	17	13000000	13050000	50	0.331401	0.331401	Vitvi17g01018	13059149	13080909	+	9149	Vitvi17g01018	XP_019082172.1 two-component response regulator ORR26-like isoform X2	3
1:22450000-22700000	1	22450000	22700000	176	0.290453	0.307011	Vitvi01g01673	22431671	22453572	-	0	Vitvi01g01673	NP_001268057.1flowering locus C	5
1:22450000-22700000	1	22450000	22700000	176	0.290453	0.307011	Vitvi01g04447	22504520	22506847	-	0	Vitvi01g04447	XP_019077813.1PREDICTED: uncharacterized protein LOC109123217	
1:22450000-22700000	1	22450000	22700000	176	0.290453	0.307011	Vitvi01g04448	22516229	22516459	-	0	Vitvi01g04448	XP_034697081.1MADS-box protein FLOWERING LOCUS C-like	5
1:22450000-22700000	1	22450000	22700000	176	0.290453	0.307011	Vitvi01g04449	22532503	22532859	+	0	Vitvi01g04449	CBI33222.3unnamed protein product, partial	
1:22450000-22700000	1	22450000	22700000	176	0.290453	0.307011	Vitvi01g01677	22559823	22577010	-	0	Vitvi01g01677	XP_034679891.1agamous-like MADS-box protein MADS4	6
1:22450000-22700000	1	22450000	22700000	176	0.290453	0.307011	Vitvi01g04450	22599299	22599637	-	0	Vitvi01g04450	RVW40102.1hypothetical protein CK203_081940	
1:22450000-22700000	1	22450000	22700000	176	0.290453	0.307011	Vitvi01g01678	22603740	22606943	-	0	Vitvi01g01678	XP_010656129.1 squamosa promoter-binding-like protein 16	3
1:22450000-22700000	1	22450000	22700000	176	0.290453	0.307011	Vitvi01g04451	22606990	22612430	-	0	Vitvi01g04451	---NA---	
1:22450000-22700000	1	22450000	22700000	176	0.290453	0.307011	Vitvi01g02278	22625580	22642574	-	0	Vitvi01g02278	ADZ73426.1B-zip transcription factor	
1:22450000-22700000	1	22450000	22700000	176	0.290453	0.307011	Vitvi01g01680	22650831	22652115	-	0	Vitvi01g01680	XP_002275576.1 probable WRKY transcription factor 75	4
1:22450000-22700000	1	22450000	22700000	176	0.290453	0.307011	Vitvi01g01682	22668379	22675481	+	0	Vitvi01g01682	XP_002273495.1 sphingosine-1-phosphate lyase	6
1:22450000-22700000	1	22450000	22700000	176	0.290453	0.307011	Vitvi01g01683	22677663	22679339	+	0	Vitvi01g01683	XP_019077830.1 pentatricopeptide repeat-containing protein At4g21065-like isoform X1	2
1:22450000-22700000	1	22450000	22700000	176	0.290453	0.307011	Vitvi01g01684	22682265	22686379	-	0	Vitvi01g01684	XP_010656172.1 protein LAZY 1 isoform X2	2
1:22450000-22700000	1	22450000	22700000	176	0.290453	0.307011	Vitvi01g04452	22689102	22689857	+	0	Vitvi01g04452	---NA---	
1:22450000-22700000	1	22450000	22700000	176	0.290453	0.307011	Vitvi01g01686	22696086	22696889	-	0	Vitvi01g01686	XP_002273734.1PREDICTED: uncharacterized protein LOC100254092	
1:22450000-22700000	1	22450000	22700000	176	0.290453	0.307011	Vitvi01g01687	22701120	22702830	-	1120	Vitvi01g01687	XP_002273769.1PREDICTED: uncharacterized protein LOC100248988	1
1:22450000-22700000	1	22450000	22700000	176	0.290453	0.307011	Vitvi01g01689	22707615	22707899	+	7615	Vitvi01g01689	RVW21884.1Autophagy-related protein 11	15
1:22450000-22700000	1	22450000	22700000	176	0.290453	0.307011	Vitvi01g01690	22707943	22708092	+	7943	Vitvi01g01690	CAN72199.1hypothetical protein VITISV_014983	6
8:16800000-16850000	8	16800000	16850000	33	0.300668	0.300668	Vitvi08g01401	16800283	16801280	-	0	Vitvi08g01401	XP_034694419.1secoisolariciresinol dehydrogenase-like	1
8:16800000-16850000	8	16800000	16850000	33	0.300668	0.300668	Vitvi08g04296	16804358	16805315	-	0	Vitvi08g04296	XP_002275746.2 secoisolariciresinol dehydrogenase-like	1
8:16800000-16850000	8	16800000	16850000	33	0.300668	0.300668	Vitvi08g01402	16811549	16812352	+	0	Vitvi08g01402	XP_002275768.1 tropinone reductase-like 1	1
8:16800000-16850000	8	16800000	16850000	33	0.300668	0.300668	Vitvi08g01403	16819576	16821274	-	0	Vitvi08g01403	XP_002281462.1 secoisolariciresinol dehydrogenase-like isoform X1	1
8:16800000-16850000	8	16800000	16850000	33	0.300668	0.300668	Vitvi08g04297	16821479	16822630	-	0	Vitvi08g04297	CAN78993.1hypothetical protein VITISV_001799	1
8:16800000-16850000	8	16800000	16850000	33	0.300668	0.300668	Vitvi08g04298	16823013	16823297	-	0	Vitvi08g04298	CBI30351.3unnamed protein product, partial	
8:16800000-16850000	8	16800000	16850000	33	0.300668	0.300668	Vitvi08g04299	16825180	16825996	-	0	Vitvi08g04299	RVX11979.1Tropinone reductase-like 2	1
8:16800000-16850000	8	16800000	16850000	33	0.300668	0.300668	Vitvi08g01406	16827332	16834326	+	0	Vitvi08g01406	RVX06164.1IAA-amino acid hydrolase ILR1	3
8:16800000-16850000	8	16800000	16850000	33	0.300668	0.300668	Vitvi08g01408	16840340	16842715	+	0	Vitvi08g01408	XP_002275866.2 IAA-amino acid hydrolase ILR1	3
8:16800000-16850000	8	16800000	16850000	33	0.300668	0.300668	Vitvi08g01409	16844206	16845891	-	0	Vitvi08g01409	RVX06166.1putative pentatricopeptide repeat-containing protein	1
8:16800000-16850000	8	16800000	16850000	33	0.300668	0.300668	Vitvi08g01410	16850980	16855361	-	980	Vitvi08g01410	XP_010654126.1PREDICTED: uncharacterized protein At5g41620 isoform X1	1
8:16800000-16850000	8	16800000	16850000	33	0.300668	0.300668	Vitvi08g01411	16859476	16865465	+	9476	Vitvi08g01411	XP_002281618.1 lysosomal Pro-X carboxypeptidase	4
14:900000-950000	14	900000	950000	40	0.294908	0.294908	Vitvi14g00122	906500	914886	+	0	Vitvi14g00122	XP_002282816.1 importin subunit alpha-2	6
14:900000-950000	14	900000	950000	40	0.294908	0.294908	Vitvi14g04033	914905	916213	+	0	Vitvi14g04033	RVW39189.1Importin subunit alpha-1b	
14:900000-950000	14	900000	950000	40	0.294908	0.294908	Vitvi14g00123	918398	919461	+	0	Vitvi14g00123	XP_002278369.2 GATA transcription factor 16	3
14:900000-950000	14	900000	950000	40	0.294908	0.294908	Vitvi14g00124	923729	930318	+	0	Vitvi14g00124	XP_002282861.1 exonuclease DPD1, chloroplastic/mitochondrial	4
14:900000-950000	14	900000	950000	40	0.294908	0.294908	Vitvi14g04034	927292	927558	+	0	Vitvi14g04034	CAN74413.1hypothetical protein VITISV_042394	1
14:900000-950000	14	900000	950000	40	0.294908	0.294908	Vitvi14g00125	935137	942291	-	0	Vitvi14g00125	XP_002282882.2 syntaxin-41	8
14:900000-950000	14	900000	950000	40	0.294908	0.294908	Vitvi14g00121	896792	897815	-	2185	Vitvi14g00121	RVW39183.1putative LRR receptor-like serine/threonine-protein kinase	1
14:900000-950000	14	900000	950000	40	0.294908	0.294908	Vitvi14g00126	957492	966382	+	7492	Vitvi14g00126	XP_002282891.1 protein DEHYDRATION-INDUCED 19 homolog 3	
14:900000-950000	14	900000	950000	40	0.294908	0.294908	Vitvi14g00119	890232	891622	+	8378	Vitvi14g00119	RVW39184.1 DnaJ-like subfamily B member 6	
17:8900000-9000000	17	8900000	9000000	112	0.276988	0.294474	Vitvi17g00704	8907983	8919748	+	0	Vitvi17g00704	XP_010663250.1PREDICTED: uncharacterized protein LOC100854642 isoform X2	
17:8900000-9000000	17	8900000	9000000	112	0.276988	0.294474	Vitvi17g00705	8920599	8931848	+	0	Vitvi17g00705	XP_002280859.2 histone deacetylase 5 isoform X4	2
17:8900000-9000000	17	8900000	9000000	112	0.276988	0.294474	Vitvi17g00708	8933973	8941096	-	0	Vitvi17g00708	XP_010663243.1 mitochondrial substrate carrier family protein E	1
17:8900000-9000000	17	8900000	9000000	112	0.276988	0.294474	Vitvi17g00709	8942059	8949947	+	0	Vitvi17g00709	XP_002284053.1 ATP synthase subunit gamma, mitochondrial	3
17:8900000-9000000	17	8900000	9000000	112	0.276988	0.294474	Vitvi17g00710	8950798	8960011	+	0	Vitvi17g00710	XP_010663241.1 phosphoserine phosphatase, chloroplastic	2
17:8900000-9000000	17	8900000	9000000	112	0.276988	0.294474	Vitvi17g04207	8963389	8963856	+	0	Vitvi17g04207	CAN71871.1hypothetical protein VITISV_038161	1
17:8900000-9000000	17	8900000	9000000	112	0.276988	0.294474	Vitvi17g00711	8963987	8971146	+	0	Vitvi17g00711	XP_010663239.1PREDICTED: uncharacterized protein LOC100260312	1
17:8900000-9000000	17	8900000	9000000	112	0.276988	0.294474	Vitvi17g01512	8971842	8977079	-	0	Vitvi17g01512	XP_002284026.1 glycine-rich RNA-binding protein blt801	1
17:8900000-9000000	17	8900000	9000000	112	0.276988	0.294474	Vitvi17g00712	8983740	8985231	+	0	Vitvi17g00712	XP_010663237.1 presenilin-like protein At2g29900	7
17:8900000-9000000	17	8900000	9000000	112	0.276988	0.294474	Vitvi17g00713	8989867	8991798	-	0	Vitvi17g00713	XP_002280826.1 exocyst complex component EXO70B1	9
17:8900000-9000000	17	8900000	9000000	112	0.276988	0.294474	Vitvi17g00714	9000201	9004837	+	201	Vitvi17g00714	XP_010663235.1PREDICTED: uncharacterized protein LOC100267211 isoform X2	1
17:8900000-9000000	17	8900000	9000000	112	0.276988	0.294474	Vitvi17g04206	8892185	8892487	+	7513	Vitvi17g04206	RVW32856.1hypothetical protein CK203_096668	
17:8900000-9000000	17	8900000	9000000	112	0.276988	0.294474	Vitvi17g01511	8887536	8891702	+	8298	Vitvi17g01511	XP_002284112.1 PLASMODESMATA CALLOSE-BINDING PROTEIN 3	1
17:8900000-9000000	17	8900000	9000000	112	0.276988	0.294474	Vitvi17g04208	9008633	9009064	-	8633	Vitvi17g04208	CAN60545.1hypothetical protein VITISV_043340	8
17:8900000-9000000	17	8900000	9000000	112	0.276988	0.294474	Vitvi17g04209	9009235	9012337	-	9235	Vitvi17g04209	RVW32876.1hypothetical protein CK203_096653	1
11:5350000-5500000	11	5350000	5500000	83	0.268307	0.288495	Vitvi11g00517	5330246	5357719	+	0	Vitvi11g00517	XP_002282408.1 CCR4-NOT transcription complex subunit 10	4
11:5350000-5500000	11	5350000	5500000	83	0.268307	0.288495	Vitvi11g00518	5361216	5363062	-	0	Vitvi11g00518	XP_019078713.1 36.4 kDa proline-rich protein	1
11:5350000-5500000	11	5350000	5500000	83	0.268307	0.288495	Vitvi11g04113	5368917	5369823	+	0	Vitvi11g04113	RVW27479.1Vesicle-associated membrane protein 713	1
11:5350000-5500000	11	5350000	5500000	83	0.268307	0.288495	Vitvi11g04114	5389012	5389815	-	0	Vitvi11g04114	RVW74116.1hypothetical protein CK203_052213	
11:5350000-5500000	11	5350000	5500000	83	0.268307	0.288495	Vitvi11g04115	5391486	5393360	+	0	Vitvi11g04115	RVW74117.1hypothetical protein CK203_052214	
11:5350000-5500000	11	5350000	5500000	83	0.268307	0.288495	Vitvi11g04116	5415263	5445078	+	0	Vitvi11g04116	XP_010656475.1PREDICTED: uncharacterized protein LOC104880668	
11:5350000-5500000	11	5350000	5500000	83	0.268307	0.288495	Vitvi11g04117	5415318	5415988	+	0	Vitvi11g04117	XP_010656475.1PREDICTED: uncharacterized protein LOC104880668	
11:5350000-5500000	11	5350000	5500000	83	0.268307	0.288495	Vitvi11g00521	5455161	5469318	+	0	Vitvi11g00521	XP_002282469.2PREDICTED: uncharacterized protein LOC100261097 isoform X1	1
11:5350000-5500000	11	5350000	5500000	83	0.268307	0.288495	Vitvi11g01454	5470176	5493635	-	0	Vitvi11g01454	XP_002282479.1PREDICTED: uncharacterized protein LOC100256011	
11:5350000-5500000	11	5350000	5500000	83	0.268307	0.288495	Vitvi11g00523	5494543	5503474	-	0	Vitvi11g00523	XP_002285448.2 putative clathrin assembly protein At5g35200	4
2:4550000-4600000	2	4550000	4600000	23	0.286988	0.286988	Vitvi02g00486	4549060	4562255	-	0	Vitvi02g00486	XP_002267811.1 maspardin	
2:4550000-4600000	2	4550000	4600000	23	0.286988	0.286988	Vitvi02g00487	4563532	4563810	-	0	Vitvi02g00487	AAS75969.1NADH dehydrogenase subunit F	
2:4550000-4600000	2	4550000	4600000	23	0.286988	0.286988	Vitvi02g04130	4564346	4565449	+	0	Vitvi02g04130	XP_034676966.1uncharacterized protein LOC117907516	
2:4550000-4600000	2	4550000	4600000	23	0.286988	0.286988	Vitvi02g04131	4565540	4569707	+	0	Vitvi02g04131	---NA---	
2:4550000-4600000	2	4550000	4600000	23	0.286988	0.286988	Vitvi02g04132	4582920	4583708	-	0	Vitvi02g04132	RVX15352.1UDP-glucuronate 4-epimerase 3	1
2:4550000-4600000	2	4550000	4600000	23	0.286988	0.286988	Vitvi02g04133	4591300	4592105	-	0	Vitvi02g04133	CBI22156.3unnamed protein product, partial	1
2:4550000-4600000	2	4550000	4600000	23	0.286988	0.286988	Vitvi02g04134	4593989	4595036	-	0	Vitvi02g04134	RVX15426.1hypothetical protein CK203_008991	1
2:4550000-4600000	2	4550000	4600000	23	0.286988	0.286988	Vitvi02g04135	4595193	4595804	-	0	Vitvi02g04135	RVX15427.1hypothetical protein CK203_008992	
2:4550000-4600000	2	4550000	4600000	23	0.286988	0.286988	Vitvi02g04136	4603614	4607071	+	3614	Vitvi02g04136	RVX15421.1Primary amine oxidase	8
2:4550000-4600000	2	4550000	4600000	23	0.286988	0.286988	Vitvi02g00485	4542467	4543737	+	6263	Vitvi02g00485	NP_001268124.1serine/threonine kinase-like	3
17:6700000-6750000	17	6700000	6750000	21	0.286013	0.286013	Vitvi17g00514	6704472	6711368	-	0	Vitvi17g00514	XP_010663426.1 HIPL1 protein isoform X1	2
17:6700000-6750000	17	6700000	6750000	21	0.286013	0.286013	Vitvi17g00515	6712729	6724523	-	0	Vitvi17g00515	XP_002269071.1 formin-like protein 5	2
17:6700000-6750000	17	6700000	6750000	21	0.286013	0.286013	Vitvi17g00516	6730536	6732837	-	0	Vitvi17g00516	XP_010663424.1 protein NUCLEAR FUSION DEFECTIVE 4	3
17:6700000-6750000	17	6700000	6750000	21	0.286013	0.286013	Vitvi17g00518	6733143	6735574	-	0	Vitvi17g00518	XP_002266530.2 protein NUCLEAR FUSION DEFECTIVE 4	2
17:6700000-6750000	17	6700000	6750000	21	0.286013	0.286013	Vitvi17g00519	6743053	6755462	+	0	Vitvi17g00519	XP_002266572.2 zinc finger protein BRUTUS-like At1g18910 isoform X1	5
9:5050000-5250000	9	5050000	5250000	157	0.262363	0.285933	Vitvi09g00454	5049043	5050348	-	0	Vitvi09g00454	XP_002284983.1 probable inactive 2-oxoglutarate-dependent dioxygenase AOP2	2
9:5050000-5250000	9	5050000	5250000	157	0.262363	0.285933	Vitvi09g00455	5056456	5061897	-	0	Vitvi09g00455	XP_002284985.1 probable 2-oxoglutarate-dependent dioxygenase AOP1	
9:5050000-5250000	9	5050000	5250000	157	0.262363	0.285933	Vitvi09g01633	5070077	5071341	-	0	Vitvi09g01633	XP_002284985.1 probable 2-oxoglutarate-dependent dioxygenase AOP1	2
9:5050000-5250000	9	5050000	5250000	157	0.262363	0.285933	Vitvi09g00457	5089376	5090725	-	0	Vitvi09g00457	XP_002280670.1 probable 2-oxoglutarate-dependent dioxygenase AOP1	2
9:5050000-5250000	9	5050000	5250000	157	0.262363	0.285933	Vitvi09g04146	5093204	5098914	-	0	Vitvi09g04146	XP_034695236.1pleiotropic drug resistance protein 1-like	4
9:5050000-5250000	9	5050000	5250000	157	0.262363	0.285933	Vitvi09g04147	5100177	5108907	-	0	Vitvi09g04147	CBI36209.3unnamed protein product, partial	
9:5050000-5250000	9	5050000	5250000	157	0.262363	0.285933	Vitvi09g04148	5109565	5128729	-	0	Vitvi09g04148	XP_010654722.1 pleiotropic drug resistance protein 1	3
9:5050000-5250000	9	5050000	5250000	157	0.262363	0.285933	Vitvi09g00462	5140316	5162422	-	0	Vitvi09g00462	XP_010654721.1 pleiotropic drug resistance protein 1	4
9:5050000-5250000	9	5050000	5250000	157	0.262363	0.285933	Vitvi09g04149	5163141	5192332	-	0	Vitvi09g04149	XP_010654719.1 pleiotropic drug resistance protein 1	3
9:5050000-5250000	9	5050000	5250000	157	0.262363	0.285933	Vitvi09g04150	5210650	5217785	-	0	Vitvi09g04150	XP_010654721.1 pleiotropic drug resistance protein 1	4
9:5050000-5250000	9	5050000	5250000	157	0.262363	0.285933	Vitvi09g04151	5236547	5237266	-	0	Vitvi09g04151	RVW58202.1ABC transporter G family member 35	1
9:5050000-5250000	9	5050000	5250000	157	0.262363	0.285933	Vitvi09g00453	5045052	5046828	-	3172	Vitvi09g00453	XP_034696502.1probable inactive 2-oxoglutarate-dependent dioxygenase AOP2	2
9:5050000-5250000	9	5050000	5250000	157	0.262363	0.285933	Vitvi09g00476	5253374	5281057	-	3374	Vitvi09g00476	XP_010654717.1 pleiotropic drug resistance protein 1	4
8:17250000-17450000	8	17250000	17450000	156	0.274361	0.285555	Vitvi08g01455	17245846	17253756	-	0	Vitvi08g01455	XP_002282520.1PREDICTED: uncharacterized protein LOC100261348	6
8:17250000-17450000	8	17250000	17450000	156	0.274361	0.285555	Vitvi08g02264	17263935	17264417	+	0	Vitvi08g02264	XP_002282533.1PREDICTED: uncharacterized protein LOC100254636	
8:17250000-17450000	8	17250000	17450000	156	0.274361	0.285555	Vitvi08g01456	17268239	17273677	-	0	Vitvi08g01456	XP_002282544.1 heme-binding-like protein At3g10130, chloroplastic isoform X2	
8:17250000-17450000	8	17250000	17450000	156	0.274361	0.285555	Vitvi08g01457	17274621	17280803	-	0	Vitvi08g01457	XP_010654089.1 1-(5-phosphoribosyl)-5-[(5-phosphoribosylamino)methylideneamino] imidazole-4-carboxamide isomerase, chloroplastic isoform X1	4
8:17250000-17450000	8	17250000	17450000	156	0.274361	0.285555	Vitvi08g01458	17281062	17281526	+	0	Vitvi08g01458	CAN62763.1hypothetical protein VITISV_021813	1
8:17250000-17450000	8	17250000	17450000	156	0.274361	0.285555	Vitvi08g01459	17283409	17294909	+	0	Vitvi08g01459	XP_010654088.1PREDICTED: uncharacterized protein At5g03900, chloroplastic isoform X1	2
8:17250000-17450000	8	17250000	17450000	156	0.274361	0.285555	Vitvi08g02265	17295575	17300397	-	0	Vitvi08g02265	XP_003632646.2PREDICTED: uncharacterized protein LOC100855344 isoform X2	2
8:17250000-17450000	8	17250000	17450000	156	0.274361	0.285555	Vitvi08g01460	17301125	17304187	-	0	Vitvi08g01460	XP_002282617.2 glucosamine 6-phosphate N-acetyltransferase isoform X1	6
8:17250000-17450000	8	17250000	17450000	156	0.274361	0.285555	Vitvi08g01461	17305138	17309358	+	0	Vitvi08g01461	XP_002282626.1 iron-sulfur assembly protein IscA-like 2, mitochondrial isoform X2	2
8:17250000-17450000	8	17250000	17450000	156	0.274361	0.285555	Vitvi08g01462	17310203	17314343	-	0	Vitvi08g01462	XP_002282641.1 60S ribosomal protein L10a-1	5
8:17250000-17450000	8	17250000	17450000	156	0.274361	0.285555	Vitvi08g01463	17317294	17321451	-	0	Vitvi08g01463	XP_002282670.1 cytochrome b-c1 complex subunit 9	3
8:17250000-17450000	8	17250000	17450000	156	0.274361	0.285555	Vitvi08g01464	17325789	17335765	+	0	Vitvi08g01464	XP_002282694.1 protein CIA1	3
8:17250000-17450000	8	17250000	17450000	156	0.274361	0.285555	Vitvi08g01465	17338351	17339687	-	0	Vitvi08g01465	RVX11817.1Protein BIC1	1
8:17250000-17450000	8	17250000	17450000	156	0.274361	0.285555	Vitvi08g01466	17343326	17345371	+	0	Vitvi08g01466	XP_002276764.2 putative pentatricopeptide repeat-containing protein At2g01510	2
8:17250000-17450000	8	17250000	17450000	156	0.274361	0.285555	Vitvi08g01467	17346357	17357627	-	0	Vitvi08g01467	XP_002282740.1 cell division protein FtsZ homolog 2-1, chloroplastic	4
8:17250000-17450000	8	17250000	17450000	156	0.274361	0.285555	Vitvi08g01468	17359818	17364572	+	0	Vitvi08g01468	XP_002282752.2 iron-sulfur assembly protein IscA-like 1, mitochondrial	4
8:17250000-17450000	8	17250000	17450000	156	0.274361	0.285555	Vitvi08g04308	17368859	17369206	+	0	Vitvi08g04308	---NA---	
8:17250000-17450000	8	17250000	17450000	156	0.274361	0.285555	Vitvi08g04309	17369824	17370355	+	0	Vitvi08g04309	RVW48113.1F-box/LRR-repeat protein	
8:17250000-17450000	8	17250000	17450000	156	0.274361	0.285555	Vitvi08g01469	17370393	17371658	+	0	Vitvi08g01469	XP_002282758.1 F-box/LRR-repeat protein At1g67190	1
8:17250000-17450000	8	17250000	17450000	156	0.274361	0.285555	Vitvi08g04310	17372849	17373142	+	0	Vitvi08g04310	RVW48113.1F-box/LRR-repeat protein	
8:17250000-17450000	8	17250000	17450000	156	0.274361	0.285555	Vitvi08g01470	17374912	17380869	-	0	Vitvi08g01470	XP_010654080.1 protein ABSCISIC ACID-INSENSITIVE 5	4
8:17250000-17450000	8	17250000	17450000	156	0.274361	0.285555	Vitvi08g01471	17385641	17386656	+	0	Vitvi08g01471	XP_002282767.3 germin-like protein subfamily 3 member 2	1
8:17250000-17450000	8	17250000	17450000	156	0.274361	0.285555	Vitvi08g01472	17387004	17392046	-	0	Vitvi08g01472	XP_002282804.2PREDICTED: uncharacterized protein LOC100263058	
8:17250000-17450000	8	17250000	17450000	156	0.274361	0.285555	Vitvi08g01473	17404751	17405791	+	0	Vitvi08g01473	NP_001267931.1TFL1B protein	12
8:17250000-17450000	8	17250000	17450000	156	0.274361	0.285555	Vitvi08g04311	17410099	17410476	-	0	Vitvi08g04311	CAN61195.1hypothetical protein VITISV_028346	1
8:17250000-17450000	8	17250000	17450000	156	0.274361	0.285555	Vitvi08g01474	17410276	17418062	-	0	Vitvi08g01474	XP_003632643.1 protein YIPF5 homolog	1
8:17250000-17450000	8	17250000	17450000	156	0.274361	0.285555	Vitvi08g01475	17419454	17429313	+	0	Vitvi08g01475	XP_010654074.1 CAAX prenyl protease 2 isoform X1	3
8:17250000-17450000	8	17250000	17450000	156	0.274361	0.285555	Vitvi08g02266	17432015	17433431	-	0	Vitvi08g02266	RVX11776.1Protein LITTLE ZIPPER 4	
8:17250000-17450000	8	17250000	17450000	156	0.274361	0.285555	Vitvi08g04312	17437506	17437997	-	0	Vitvi08g04312	---NA---	
8:17250000-17450000	8	17250000	17450000	156	0.274361	0.285555	Vitvi08g02267	17438689	17443488	-	0	Vitvi08g02267	XP_002282873.1 acyl carrier protein 2, mitochondrial	4
8:17250000-17450000	8	17250000	17450000	156	0.274361	0.285555	Vitvi08g02268	17446013	17447913	-	0	Vitvi08g02268	XP_002276885.2 probable purple acid phosphatase 20	3
8:17250000-17450000	8	17250000	17450000	156	0.274361	0.285555	Vitvi08g04313	17452013	17453943	-	2013	Vitvi08g04313	XP_002276913.1 probable purple acid phosphatase 20 isoform X1	3
8:17250000-17450000	8	17250000	17450000	156	0.274361	0.285555	Vitvi08g01454	17240236	17242559	-	7441	Vitvi08g01454	XP_002282507.1 alpha carbonic anhydrase 1, chloroplastic	4
16:22700000-22750000	16	22700000	22750000	53	0.283573	0.283573	Vitvi16g01410	22696225	22708690	+	0	Vitvi16g01410	RVW89016.1Lysine-specific demethylase JMJ25	6
16:22700000-22750000	16	22700000	22750000	53	0.283573	0.283573	Vitvi16g01411	22709121	22711652	+	0	Vitvi16g01411	XP_010662856.1 pentatricopeptide repeat-containing protein At3g49240	1
16:22700000-22750000	16	22700000	22750000	53	0.283573	0.283573	Vitvi16g01412	22715487	22719478	-	0	Vitvi16g01412	XP_002277712.1 E3 ubiquitin-protein ligase SINAT5	7
16:22700000-22750000	16	22700000	22750000	53	0.283573	0.283573	Vitvi16g01413	22720723	22728078	-	0	Vitvi16g01413	XP_002272792.1 CLP protease regulatory subunit CLPX1, mitochondrial	7
16:22700000-22750000	16	22700000	22750000	53	0.283573	0.283573	Vitvi16g01415	22738220	22740785	+	0	Vitvi16g01415	NP_001267993.1Calcineurin B-like protein 7-like	4
16:22700000-22750000	16	22700000	22750000	53	0.283573	0.283573	Vitvi16g04522	22741014	22741789	+	0	Vitvi16g04522	RVW88960.1Calcineurin B-like protein 4	1
16:22700000-22750000	16	22700000	22750000	53	0.283573	0.283573	Vitvi16g01416	22743713	22749118	+	0	Vitvi16g01416	RVW19554.1Dipeptidyl aminopeptidase 4	4
16:22700000-22750000	16	22700000	22750000	53	0.283573	0.283573	Vitvi16g01417	22751803	22755644	+	1803	Vitvi16g01417	XP_002277933.1 phosphatidylinositol 4-kinase gamma 3	3
16:22700000-22750000	16	22700000	22750000	53	0.283573	0.283573	Vitvi16g01409	22688937	22694006	+	5994	Vitvi16g01409	XP_002277586.1 protein DEFECTIVE IN MERISTEM SILENCING 3 isoform X1	4
16:22700000-22750000	16	22700000	22750000	53	0.283573	0.283573	Vitvi16g01418	22756961	22760212	-	6961	Vitvi16g01418	XP_002278061.1 probable pectinesterase/pectinesterase inhibitor 34	7
6:5000000-5050000	6	5000000	5050000	25	0.282497	0.282497	Vitvi06g01681	4986548	5000550	-	0	Vitvi06g01681	XP_019076055.1 UDP-galactose/UDP-glucose transporter 5	5
6:5000000-5050000	6	5000000	5050000	25	0.282497	0.282497	Vitvi06g04138	5000904	5002348	-	0	Vitvi06g04138	CAN80349.1hypothetical protein VITISV_003137	3
6:5000000-5050000	6	5000000	5050000	25	0.282497	0.282497	Vitvi06g00407	5002400	5005043	-	0	Vitvi06g00407	RVW56970.1Monofunctional riboflavin biosynthesis protein RIBA 3, chloroplastic	6
6:5000000-5050000	6	5000000	5050000	25	0.282497	0.282497	Vitvi06g00408	5005850	5008976	+	0	Vitvi06g00408	XP_002284445.1 60S ribosomal protein L23a	5
6:5000000-5050000	6	5000000	5050000	25	0.282497	0.282497	Vitvi06g04139	5009015	5010586	+	0	Vitvi06g04139	RVW56968.1ABC transporter B family member 20	
6:5000000-5050000	6	5000000	5050000	25	0.282497	0.282497	Vitvi06g00409	5010718	5018338	+	0	Vitvi06g00409	XP_010651064.1 ABC transporter B family member 20 isoform X1	4
6:5000000-5050000	6	5000000	5050000	25	0.282497	0.282497	Vitvi06g04140	5019010	5019459	-	0	Vitvi06g04140	CAN80353.1hypothetical protein VITISV_003141	
6:5000000-5050000	6	5000000	5050000	25	0.282497	0.282497	Vitvi06g00410	5019623	5020234	-	0	Vitvi06g00410	XP_034689191.1RING-H2 finger protein ATL52-like	
6:5000000-5050000	6	5000000	5050000	25	0.282497	0.282497	Vitvi06g00411	5021854	5024164	-	0	Vitvi06g00411	XP_002284421.2PREDICTED: uncharacterized protein LOC100244942 isoform X1	
6:5000000-5050000	6	5000000	5050000	25	0.282497	0.282497	Vitvi06g00412	5036548	5037565	+	0	Vitvi06g00412	XP_002284411.1 aquaporin TIP1-1	3
6:5000000-5050000	6	5000000	5050000	25	0.282497	0.282497	Vitvi06g00413	5038597	5043547	-	0	Vitvi06g00413	XP_002284406.1 very-long-chain (3R)-3-hydroxyacyl-CoA dehydratase 2	9
6:5000000-5050000	6	5000000	5050000	25	0.282497	0.282497	Vitvi06g04141	5043710	5043916	-	0	Vitvi06g04141	RVW66172.1Very-long-chain (3R)-3-hydroxyacyl-CoA dehydratase 2	7
6:5000000-5050000	6	5000000	5050000	25	0.282497	0.282497	Vitvi06g00414	5048801	5050009	-	0	Vitvi06g00414	XP_019076057.1 transcription factor MYB59	4
6:5000000-5050000	6	5000000	5050000	25	0.282497	0.282497	Vitvi06g04142	5059217	5059432	+	9217	Vitvi06g04142	RVW66074.1Protein UPSTREAM OF FLC	
17:7300000-7650000	17	7300000	7650000	225	0.262691	0.281700	Vitvi17g04156	7280898	7323732	-	0	Vitvi17g04156	XP_034672409.1PH, RCC1 and FYVE domains-containing protein 1	1
17:7300000-7650000	17	7300000	7650000	225	0.262691	0.281700	Vitvi17g00577	7327680	7330406	-	0	Vitvi17g00577	XP_002275428.1 HVA22-like protein a isoform X1	5
17:7300000-7650000	17	7300000	7650000	225	0.262691	0.281700	Vitvi17g00578	7331165	7336049	-	0	Vitvi17g00578	XP_010663384.2 transcription factor bHLH47	5
17:7300000-7650000	17	7300000	7650000	225	0.262691	0.281700	Vitvi17g00579	7345542	7356006	-	0	Vitvi17g00579	XP_002275470.1PREDICTED: uncharacterized protein LOC100250065 isoform X1	1
17:7300000-7650000	17	7300000	7650000	225	0.262691	0.281700	Vitvi17g00581	7362634	7363743	-	0	Vitvi17g00581	XP_002268569.1 transcription factor TCP15	2
17:7300000-7650000	17	7300000	7650000	225	0.262691	0.281700	Vitvi17g00582	7375002	7381274	-	0	Vitvi17g00582	XP_010663381.1 NAP1-related protein 2	5
17:7300000-7650000	17	7300000	7650000	225	0.262691	0.281700	Vitvi17g00583	7387363	7388781	-	0	Vitvi17g00583	XP_010663380.1 protein PHYTOCHROME KINASE SUBSTRATE 3	1
17:7300000-7650000	17	7300000	7650000	225	0.262691	0.281700	Vitvi17g00584	7390833	7396848	-	0	Vitvi17g00584	XP_002275852.1 probable methyltransferase PMT2	5
17:7300000-7650000	17	7300000	7650000	225	0.262691	0.281700	Vitvi17g00586	7405545	7408212	+	0	Vitvi17g00586	XP_010663378.1 pentatricopeptide repeat-containing protein At4g33990-like	1
17:7300000-7650000	17	7300000	7650000	225	0.262691	0.281700	Vitvi17g00587	7408407	7412338	-	0	Vitvi17g00587	XP_002275944.1 activating signal cointegrator 1	4
17:7300000-7650000	17	7300000	7650000	225	0.262691	0.281700	Vitvi17g04157	7413677	7414066	-	0	Vitvi17g04157	KAG6577447.1Prohibitin-3, mitochondrial	1
17:7300000-7650000	17	7300000	7650000	225	0.262691	0.281700	Vitvi17g04158	7432286	7432510	+	0	Vitvi17g04158	XP_034675554.1uncharacterized protein LOC117906573	
17:7300000-7650000	17	7300000	7650000	225	0.262691	0.281700	Vitvi17g00590	7434986	7439941	+	0	Vitvi17g00590	XP_034711907.1putative pentatricopeptide repeat-containing protein At1g74580	1
17:7300000-7650000	17	7300000	7650000	225	0.262691	0.281700	Vitvi17g00591	7442640	7445321	-	0	Vitvi17g00591	XP_002268980.1 pentatricopeptide repeat-containing protein At1g74600, chloroplastic isoform X1	1
17:7300000-7650000	17	7300000	7650000	225	0.262691	0.281700	Vitvi17g01465	7451778	7452679	+	0	Vitvi17g01465	XP_019081985.1 glutathione S-transferase U9-like isoform X2	4
17:7300000-7650000	17	7300000	7650000	225	0.262691	0.281700	Vitvi17g01466	7455802	7456134	+	0	Vitvi17g01466	XP_002269072.1 glutathione S-transferase U9-like	3
17:7300000-7650000	17	7300000	7650000	225	0.262691	0.281700	Vitvi17g01467	7460423	7461357	+	0	Vitvi17g01467	XP_002269118.1 glutathione S-transferase U9	4
17:7300000-7650000	17	7300000	7650000	225	0.262691	0.281700	Vitvi17g04159	7463652	7464840	+	0	Vitvi17g04159	RVW76935.1Glutathione S-transferase U9	3
17:7300000-7650000	17	7300000	7650000	225	0.262691	0.281700	Vitvi17g00592	7466711	7467564	+	0	Vitvi17g00592	XP_010663865.1 glutathione S-transferase U9-like	4
17:7300000-7650000	17	7300000	7650000	225	0.262691	0.281700	Vitvi17g04160	7472428	7472727	+	0	Vitvi17g04160	RVW76933.1Glutathione S-transferase U9	3
17:7300000-7650000	17	7300000	7650000	225	0.262691	0.281700	Vitvi17g04161	7473186	7473557	+	0	Vitvi17g04161	RVW76904.1Glutathione S-transferase U9	1
17:7300000-7650000	17	7300000	7650000	225	0.262691	0.281700	Vitvi17g00593	7475850	7476517	+	0	Vitvi17g00593	CBI15229.3unnamed protein product, partial	3
17:7300000-7650000	17	7300000	7650000	225	0.262691	0.281700	Vitvi17g04162	7481936	7483372	+	0	Vitvi17g04162	RVW76907.1putative pentatricopeptide repeat-containing protein	4
17:7300000-7650000	17	7300000	7650000	225	0.262691	0.281700	Vitvi17g00596	7512028	7514832	+	0	Vitvi17g00596	XP_002282084.1 pentatricopeptide repeat-containing protein At1g74630	2
17:7300000-7650000	17	7300000	7650000	225	0.262691	0.281700	Vitvi17g00597	7517305	7522167	+	0	Vitvi17g00597	XP_002284929.1PREDICTED: uncharacterized protein LOC100260374	
17:7300000-7650000	17	7300000	7650000	225	0.262691	0.281700	Vitvi17g00598	7528996	7530949	+	0	Vitvi17g00598	RVW12011.1Myb-related protein 306	1
17:7300000-7650000	17	7300000	7650000	225	0.262691	0.281700	Vitvi17g00600	7539191	7542196	+	0	Vitvi17g00600	XP_010663359.1 mini zinc finger protein 1	
17:7300000-7650000	17	7300000	7650000	225	0.262691	0.281700	Vitvi17g00601	7544333	7545638	+	0	Vitvi17g00601	XP_002284937.1 gibberellin-regulated protein 6	
17:7300000-7650000	17	7300000	7650000	225	0.262691	0.281700	Vitvi17g04163	7553379	7554189	+	0	Vitvi17g04163	---NA---	
17:7300000-7650000	17	7300000	7650000	225	0.262691	0.281700	Vitvi17g00602	7554611	7557239	+	0	Vitvi17g00602	XP_002284930.2 probable arabinosyltransferase ARAD1	4
17:7300000-7650000	17	7300000	7650000	225	0.262691	0.281700	Vitvi17g04164	7558067	7558351	-	0	Vitvi17g04164	KAF3621294.1putative plant intracellular Ras-group-related LRR protein 4-like	
17:7300000-7650000	17	7300000	7650000	225	0.262691	0.281700	Vitvi17g00603	7560678	7568469	-	0	Vitvi17g00603	XP_002284912.1PREDICTED: uncharacterized protein LOC100250124	4
17:7300000-7650000	17	7300000	7650000	225	0.262691	0.281700	Vitvi17g00604	7570472	7572682	+	0	Vitvi17g00604	XP_034672873.1 protein EMBRYO DEFECTIVE 514	2
17:7300000-7650000	17	7300000	7650000	225	0.262691	0.281700	Vitvi17g00605	7573853	7575058	+	0	Vitvi17g00605	XP_002282066.1 protein RKD1 isoform X1	1
17:7300000-7650000	17	7300000	7650000	225	0.262691	0.281700	Vitvi17g04165	7575693	7578234	+	0	Vitvi17g04165	XP_002282049.1 pentatricopeptide repeat-containing protein At3g47530	2
17:7300000-7650000	17	7300000	7650000	225	0.262691	0.281700	Vitvi17g00607	7578244	7581405	-	0	Vitvi17g00607	XP_002284909.1 malate dehydrogenase, chloroplastic	5
17:7300000-7650000	17	7300000	7650000	225	0.262691	0.281700	Vitvi17g04166	7592841	7593652	+	0	Vitvi17g04166	RVW26783.1Geranylgeranyl diphosphate reductase, chloroplastic	4
17:7300000-7650000	17	7300000	7650000	225	0.262691	0.281700	Vitvi17g00608	7595794	7597767	+	0	Vitvi17g00608	XP_002284906.1 geranylgeranyl diphosphate reductase, chloroplastic	6
17:7300000-7650000	17	7300000	7650000	225	0.262691	0.281700	Vitvi17g00609	7600570	7602517	+	0	Vitvi17g00609	XP_002284894.2 GDSL esterase/lipase At1g74460	1
17:7300000-7650000	17	7300000	7650000	225	0.262691	0.281700	Vitvi17g01470	7607048	7607499	-	0	Vitvi17g01470	CBI15215.3unnamed protein product, partial	
17:7300000-7650000	17	7300000	7650000	225	0.262691	0.281700	Vitvi17g00611	7620867	7623825	+	0	Vitvi17g00611	XP_002281994.1 cyclic dof factor 3	4
17:7300000-7650000	17	7300000	7650000	225	0.262691	0.281700	Vitvi17g04167	7628546	7629018	-	0	Vitvi17g04167	CAN79860.1hypothetical protein VITISV_035905	
17:7300000-7650000	17	7300000	7650000	225	0.262691	0.281700	Vitvi17g00612	7629184	7634728	-	0	Vitvi17g00612	XP_002284877.1PREDICTED: uncharacterized protein LOC100262165	3
17:7300000-7650000	17	7300000	7650000	225	0.262691	0.281700	Vitvi17g04168	7636106	7636602	-	0	Vitvi17g04168	RVW49590.1hypothetical protein CK203_076795	
17:7300000-7650000	17	7300000	7650000	225	0.262691	0.281700	Vitvi17g01471	7639102	7639692	+	0	Vitvi17g01471	QHQ96754.1calmodulin-like protein 85	2
17:7300000-7650000	17	7300000	7650000	225	0.262691	0.281700	Vitvi17g04169	7646035	7649559	+	0	Vitvi17g04169	---NA---	
17:7300000-7650000	17	7300000	7650000	225	0.262691	0.281700	Vitvi17g00613	7649628	7652902	+	0	Vitvi17g00613	XP_034711842.1putative lipoate-protein ligase A isoform X1	2
17:7300000-7650000	17	7300000	7650000	225	0.262691	0.281700	Vitvi17g04170	7654925	7655968	+	4925	Vitvi17g04170	RVW90538.1Agamous-like MADS-box protein AGL65	3
17:7300000-7650000	17	7300000	7650000	225	0.262691	0.281700	Vitvi17g00614	7656063	7660824	+	6063	Vitvi17g00614	XP_002281961.2 agamous-like MADS-box protein AGL65	5
1:23350000-23500000	1	23350000	23500000	89	0.276983	0.281576	Vitvi01g01740	23352474	23354918	+	0	Vitvi01g01740	XP_010657142.1 putative pentatricopeptide repeat-containing protein At5g13230, mitochondrial	2
1:23350000-23500000	1	23350000	23500000	89	0.276983	0.281576	Vitvi01g04469	23355688	23359865	+	0	Vitvi01g04469	---NA---	
1:23350000-23500000	1	23350000	23500000	89	0.276983	0.281576	Vitvi01g02295	23373143	23381218	+	0	Vitvi01g02295	XP_034682696.1protein LAX PANICLE 2	1
1:23350000-23500000	1	23350000	23500000	89	0.276983	0.281576	Vitvi01g01742	23405108	23406019	-	0	Vitvi01g01742	XP_010657187.1PREDICTED: uncharacterized protein LOC100242008	1
1:23350000-23500000	1	23350000	23500000	89	0.276983	0.281576	Vitvi01g04470	23406121	23406483	+	0	Vitvi01g04470	---NA---	
1:23350000-23500000	1	23350000	23500000	89	0.276983	0.281576	Vitvi01g01743	23406574	23409342	+	0	Vitvi01g01743	XP_003631363.1 B3 domain-containing transcription factor FUS3-like	3
1:23350000-23500000	1	23350000	23500000	89	0.276983	0.281576	Vitvi01g04471	23413335	23413811	-	0	Vitvi01g04471	RVW81669.1Protein tesmin/TSO1-like CXC 3	4
1:23350000-23500000	1	23350000	23500000	89	0.276983	0.281576	Vitvi01g01744	23414127	23415291	-	0	Vitvi01g01744	XP_010656273.1 cell division cycle protein 27 homolog B isoform X1	8
1:23350000-23500000	1	23350000	23500000	89	0.276983	0.281576	Vitvi01g01745	23428804	23431466	-	0	Vitvi01g01745	XP_002267465.1 transcription factor bHLH137	4
1:23350000-23500000	1	23350000	23500000	89	0.276983	0.281576	Vitvi01g01747	23448709	23457524	+	0	Vitvi01g01747	XP_034697411.1poly(A) polymerase I-like isoform X1	3
1:23350000-23500000	1	23350000	23500000	89	0.276983	0.281576	Vitvi01g01748	23459917	23463167	+	0	Vitvi01g01748	XP_002267614.1 acyl carrier protein 1, chloroplastic	4
1:23350000-23500000	1	23350000	23500000	89	0.276983	0.281576	Vitvi01g04472	23474047	23474301	+	0	Vitvi01g04472	CBI35661.3unnamed protein product, partial	
1:23350000-23500000	1	23350000	23500000	89	0.276983	0.281576	Vitvi01g01749	23474180	23480839	+	0	Vitvi01g01749	XP_010656786.1 RNA polymerase II C-terminal domain phosphatase-like 3 isoform X1	3
1:23350000-23500000	1	23350000	23500000	89	0.276983	0.281576	Vitvi01g01750	23484040	23495113	+	0	Vitvi01g01750	XP_002267942.3 coiled-coil domain-containing protein SCD2	1
1:23350000-23500000	1	23350000	23500000	89	0.276983	0.281576	Vitvi01g01751	23502506	23504197	-	2506	Vitvi01g01751	XP_034682283.1receptor-like protein kinase FERONIA	4
1:23350000-23500000	1	23350000	23500000	89	0.276983	0.281576	Vitvi01g02293	23344251	23347049	+	2951	Vitvi01g02293	XP_002262750.1 protein TIFY 9	4
1:23350000-23500000	1	23350000	23500000	89	0.276983	0.281576	Vitvi01g01752	23504370	23505488	-	4370	Vitvi01g01752	RVW29224.1putative receptor-like protein kinase	2
15:22050000-22100000	15	22050000	22100000	29	0.280097	0.280097	Vitvi15g04649	22055871	22069021	+	0	Vitvi15g04649	XP_003633955.1PREDICTED: uncharacterized protein LOC100258557 isoform X1	
15:22050000-22100000	15	22050000	22100000	29	0.280097	0.280097	Vitvi15g04650	22070042	22071622	+	0	Vitvi15g04650	XP_010661720.1 anaphase-promoting complex subunit 11 isoform X2	5
15:22050000-22100000	15	22050000	22100000	29	0.280097	0.280097	Vitvi15g04651	22072762	22074161	-	0	Vitvi15g04651	CBI39675.3unnamed protein product, partial	
15:22050000-22100000	15	22050000	22100000	29	0.280097	0.280097	Vitvi15g04652	22075251	22077356	+	0	Vitvi15g04652	XP_034705692.1pentatricopeptide repeat-containing protein At5g40410, mitochondrial-like isoform X1	2
15:22050000-22100000	15	22050000	22100000	29	0.280097	0.280097	Vitvi15g04653	22083791	22088164	+	0	Vitvi15g04653	XP_010659764.1 transcription factor PIF3 isoform X1	4
15:22050000-22100000	15	22050000	22100000	29	0.280097	0.280097	Vitvi15g04654	22089385	22093405	-	0	Vitvi15g04654	XP_010659767.1 neurofilament heavy polypeptide	
15:22050000-22100000	15	22050000	22100000	29	0.280097	0.280097	Vitvi15g04655	22107786	22109363	+	7786	Vitvi15g04655	XP_002276091.1 transcription factor MYB86	2
8:22200000-22250000	8	22200000	22250000	22	0.278382	0.278382	Vitvi08g01940	22200706	22202975	-	0	Vitvi08g01940	XP_034693928.1beta-1,2-xylosyltransferase XYXT1-like	3
8:22200000-22250000	8	22200000	22250000	22	0.278382	0.278382	Vitvi08g01943	22212865	22219828	+	0	Vitvi08g01943	XP_002284342.1 transcription initiation factor IIB-2	7
8:22200000-22250000	8	22200000	22250000	22	0.278382	0.278382	Vitvi08g02408	22219906	22224785	+	0	Vitvi08g02408	RVX09694.1Transcription initiation factor IIB-2	4
8:22200000-22250000	8	22200000	22250000	22	0.278382	0.278382	Vitvi08g02410	22227745	22227930	-	0	Vitvi08g02410	XP_027349220.1zeatin O-glucosyltransferase-like	1
8:22200000-22250000	8	22200000	22250000	22	0.278382	0.278382	Vitvi08g04429	22227949	22228242	-	0	Vitvi08g04429	RVW16508.1Zeatin O-glucosyltransferase	1
8:22200000-22250000	8	22200000	22250000	22	0.278382	0.278382	Vitvi08g02411	22228281	22228679	-	0	Vitvi08g02411	RVW16509.1Zeatin O-glucosyltransferase	1
8:22200000-22250000	8	22200000	22250000	22	0.278382	0.278382	Vitvi08g02412	22230149	22231570	-	0	Vitvi08g02412	XP_002284381.1 zeatin O-glucosyltransferase-like	1
8:22200000-22250000	8	22200000	22250000	22	0.278382	0.278382	Vitvi08g01944	22236525	22237970	-	0	Vitvi08g01944	XP_002278696.2 zeatin O-glucosyltransferase	4
8:22200000-22250000	8	22200000	22250000	22	0.278382	0.278382	Vitvi08g04430	22239009	22239341	-	0	Vitvi08g04430	CAN74373.1hypothetical protein VITISV_010199	4
8:22200000-22250000	8	22200000	22250000	22	0.278382	0.278382	Vitvi08g01945	22240709	22247267	-	0	Vitvi08g01945	XP_010653756.1PREDICTED: uncharacterized protein LOC100257347 isoform X1	2
8:22200000-22250000	8	22200000	22250000	22	0.278382	0.278382	Vitvi08g01946	22248655	22261661	-	0	Vitvi08g01946	XP_002284404.1 nuclear pore complex protein NUP93A	5
8:22200000-22250000	8	22200000	22250000	22	0.278382	0.278382	Vitvi08g01939	22196337	22196591	+	3409	Vitvi08g01939	XP_002284297.1 polcalcin Che a 3	1
8:22200000-22250000	8	22200000	22250000	22	0.278382	0.278382	Vitvi08g01938	22193043	22193279	-	6721	Vitvi08g01938	CBI29816.3unnamed protein product, partial	4
8:17650000-17750000	8	17650000	17750000	61	0.259520	0.272190	Vitvi08g01492	17634671	17650338	-	0	Vitvi08g01492	XP_010654342.1 transcription initiation factor TFIID subunit 12	5
8:17650000-17750000	8	17650000	17750000	61	0.259520	0.272190	Vitvi08g01493	17663044	17672750	+	0	Vitvi08g01493	XP_010654053.1 pleiotropic drug resistance protein 2	4
8:17650000-17750000	8	17650000	17750000	61	0.259520	0.272190	Vitvi08g01494	17675740	17677553	+	0	Vitvi08g01494	XP_034694887.1tyrosine-protein phosphatase RLPH2	1
8:17650000-17750000	8	17650000	17750000	61	0.259520	0.272190	Vitvi08g04318	17678191	17682975	+	0	Vitvi08g04318	RVX11947.1DEAD-box ATP-dependent RNA helicase 7	6
8:17650000-17750000	8	17650000	17750000	61	0.259520	0.272190	Vitvi08g01497	17684367	17728569	+	0	Vitvi08g01497	XP_010654050.1 1,4-alpha-glucan-branching enzyme 2-2, chloroplastic/amyloplastic isoform X1	7
8:17650000-17750000	8	17650000	17750000	61	0.259520	0.272190	Vitvi08g01498	17729492	17731764	-	0	Vitvi08g01498	XP_002277233.3 growth-regulating factor 3	5
8:17650000-17750000	8	17650000	17750000	61	0.259520	0.272190	Vitvi08g01499	17738162	17739915	+	0	Vitvi08g01499	XP_034694805.1 golgin subfamily A member 6-like protein 7	1
8:17650000-17750000	8	17650000	17750000	61	0.259520	0.272190	Vitvi08g04319	17755013	17755477	+	5013	Vitvi08g04319	CBI30258.3unnamed protein product, partial	
8:17650000-17750000	8	17650000	17750000	61	0.259520	0.272190	Vitvi08g01500	17755583	17758486	+	5583	Vitvi08g01500	XP_002277252.1PREDICTED: uncharacterized protein LOC100244201	
6:12150000-12200000	6	12150000	12200000	28	0.272068	0.272068	Vitvi06g04288	12162272	12162613	-	0	Vitvi06g04288	RVW87869.1hypothetical protein CK203_039718	
6:12150000-12200000	6	12150000	12200000	28	0.272068	0.272068	Vitvi06g01818	12167474	12184203	+	0	Vitvi06g01818	XP_034688689.1protein BUNDLE SHEATH DEFECTIVE 2, chloroplastic	1
6:12150000-12200000	6	12150000	12200000	28	0.272068	0.272068	Vitvi06g00984	12185393	12186424	-	0	Vitvi06g00984	XP_002277507.1 probable carboxylesterase 15	1
6:12150000-12200000	6	12150000	12200000	28	0.272068	0.272068	Vitvi06g00985	12188958	12191709	-	0	Vitvi06g00985	XP_010651630.1 cation/H(+) antiporter 1 isoform X1	5
6:12150000-12200000	6	12150000	12200000	28	0.272068	0.272068	Vitvi06g00988	12205605	12214599	-	5605	Vitvi06g00988	XP_002277399.1 E3 ubiquitin-protein ligase RHF2A	7
6:12150000-12200000	6	12150000	12200000	28	0.272068	0.272068	Vitvi06g00982	12141578	12143380	-	6620	Vitvi06g00982	XP_002285672.1 glutathione reductase, cytosolic isoform X1	8
7:24300000-24350000	7	24300000	24350000	34	0.271106	0.271106	Vitvi07g04684	24290917	24313057	-	0	Vitvi07g04684	KAF2295464.1hypothetical protein GH714_032984	5
7:24300000-24350000	7	24300000	24350000	34	0.271106	0.271106	Vitvi07g01641	24313760	24319694	-	0	Vitvi07g01641	XP_002283922.2 FRIGIDA-like protein 3	2
7:24300000-24350000	7	24300000	24350000	34	0.271106	0.271106	Vitvi07g01642	24321304	24325606	-	0	Vitvi07g01642	XP_002283902.1 metal transporter Nramp3 isoform X1	9
7:24300000-24350000	7	24300000	24350000	34	0.271106	0.271106	Vitvi07g04685	24333330	24341344	-	0	Vitvi07g04685	XP_002283899.1 E3 ubiquitin-protein ligase SP1	1
7:24300000-24350000	7	24300000	24350000	34	0.271106	0.271106	Vitvi07g04686	24347325	24352093	+	0	Vitvi07g04686	RVW57498.1Agamous-like MADS-box protein AGL66	4
9:1450000-1500000	9	1450000	1500000	39	0.271032	0.271032	Vitvi09g00135	1403144	1462514	-	0	Vitvi09g00135	XP_010654485.1 midasin isoform X1	4
9:1450000-1500000	9	1450000	1500000	39	0.271032	0.271032	Vitvi09g00136	1463663	1465922	+	0	Vitvi09g00136	XP_002276785.1 60S ribosomal protein L9	4
9:1450000-1500000	9	1450000	1500000	39	0.271032	0.271032	Vitvi09g00137	1467538	1474276	+	0	Vitvi09g00137	XP_002276800.1 stomatin-like protein 2, mitochondrial	1
9:1450000-1500000	9	1450000	1500000	39	0.271032	0.271032	Vitvi09g00139	1475491	1481743	+	0	Vitvi09g00139	XP_002276861.1 protein MOS2-like	1
9:1450000-1500000	9	1450000	1500000	39	0.271032	0.271032	Vitvi09g04033	1479237	1479509	+	0	Vitvi09g04033	RVX11138.1Retrovirus-related Pol polyprotein from transposon RE1	
9:1450000-1500000	9	1450000	1500000	39	0.271032	0.271032	Vitvi09g00140	1486569	1492411	+	0	Vitvi09g00140	XP_034696441.15'-nucleotidase SurE	5
9:1450000-1500000	9	1450000	1500000	39	0.271032	0.271032	Vitvi09g00141	1503377	1506487	+	3377	Vitvi09g00141	XP_002276959.1PREDICTED: uncharacterized protein LOC100265274	3
9:1450000-1500000	9	1450000	1500000	39	0.271032	0.271032	Vitvi09g00142	1508239	1509598	-	8239	Vitvi09g00142	XP_002274626.1 myb-related protein 305	1
17:6450000-6550000	17	6450000	6550000	66	0.260310	0.269669	Vitvi17g04136	6450254	6450403	+	0	Vitvi17g04136	RVW30014.1Condensin complex subunit 2	2
17:6450000-6550000	17	6450000	6550000	66	0.260310	0.269669	Vitvi17g00493	6458550	6468588	+	0	Vitvi17g00493	XP_010663450.1PREDICTED: uncharacterized protein LOC100263840 isoform X2	2
17:6450000-6550000	17	6450000	6550000	66	0.260310	0.269669	Vitvi17g00494	6473053	6480644	+	0	Vitvi17g00494	XP_002265665.1 protein LONGIFOLIA 1	1
17:6450000-6550000	17	6450000	6550000	66	0.260310	0.269669	Vitvi17g00495	6485972	6487952	-	0	Vitvi17g00495	XP_010663449.1 transcription factor TCP5	2
17:6450000-6550000	17	6450000	6550000	66	0.260310	0.269669	Vitvi17g01446	6493377	6504379	-	0	Vitvi17g01446	XP_002266495.2PREDICTED: uncharacterized protein LOC100260307	
17:6450000-6550000	17	6450000	6550000	66	0.260310	0.269669	Vitvi17g00496	6514009	6527401	+	0	Vitvi17g00496	XP_010663448.1 putative G3BP-like protein isoform X2	5
17:6450000-6550000	17	6450000	6550000	66	0.260310	0.269669	Vitvi17g00497	6527810	6528733	-	0	Vitvi17g00497	XP_002265727.3PREDICTED: uncharacterized protein LOC100243309	1
17:6450000-6550000	17	6450000	6550000	66	0.260310	0.269669	Vitvi17g00498	6528999	6532998	+	0	Vitvi17g00498	XP_002266901.1 mitochondrial import receptor subunit TOM5 homolog	2
17:6450000-6550000	17	6450000	6550000	66	0.260310	0.269669	Vitvi17g01447	6535654	6539165	+	0	Vitvi17g01447	XP_010663445.1PREDICTED: uncharacterized protein LOC100265622	
17:6450000-6550000	17	6450000	6550000	66	0.260310	0.269669	Vitvi17g04137	6540037	6540553	+	0	Vitvi17g04137	RVW35562.1Ninja-family protein AFP3	1
17:6450000-6550000	17	6450000	6550000	66	0.260310	0.269669	Vitvi17g01448	6541417	6544385	+	0	Vitvi17g01448	XP_010663438.1 formin-like protein 5	4
17:6450000-6550000	17	6450000	6550000	66	0.260310	0.269669	Vitvi17g00490	6436336	6449158	+	842	Vitvi17g00490	XP_002265512.2PREDICTED: uncharacterized protein LOC100246698 isoform X1	3
8:15600000-15650000	8	15600000	15650000	24	0.269045	0.269045	Vitvi08g04258	15600721	15603621	+	0	Vitvi08g04258	---NA---	
8:15600000-15650000	8	15600000	15650000	24	0.269045	0.269045	Vitvi08g01293	15603693	15606483	+	0	Vitvi08g01293	XP_002273340.1PREDICTED: uncharacterized protein LOC100245981 isoform X1	
8:15600000-15650000	8	15600000	15650000	24	0.269045	0.269045	Vitvi08g01294	15611523	15614516	-	0	Vitvi08g01294	XP_002276167.1PREDICTED: uncharacterized protein LOC100244272	2
8:15600000-15650000	8	15600000	15650000	24	0.269045	0.269045	Vitvi08g01295	15627955	15633215	+	0	Vitvi08g01295	XP_002276211.1 phosphatidylinositol:ceramide inositolphosphotransferase 1	8
8:15600000-15650000	8	15600000	15650000	24	0.269045	0.269045	Vitvi08g01296	15635895	15643168	+	0	Vitvi08g01296	XP_002276280.1 probable serine/threonine-protein kinase At5g41260 isoform X1	6
8:15600000-15650000	8	15600000	15650000	24	0.269045	0.269045	Vitvi08g01297	15643776	15646674	-	0	Vitvi08g01297	XP_002273450.2PREDICTED: uncharacterized protein LOC100252869	2
8:15600000-15650000	8	15600000	15650000	24	0.269045	0.269045	Vitvi08g04259	15648996	15649845	-	0	Vitvi08g04259	RVX06094.1Transcription factor MYB1	1
8:15600000-15650000	8	15600000	15650000	24	0.269045	0.269045	Vitvi08g01298	15649953	15656337	-	0	Vitvi08g01298	XP_002276375.1 myb-like protein B	4
8:15600000-15650000	8	15600000	15650000	24	0.269045	0.269045	Vitvi08g04257	15598060	15598251	-	1749	Vitvi08g04257	---NA---	
8:15600000-15650000	8	15600000	15650000	24	0.269045	0.269045	Vitvi08g01292	15597560	15597928	-	2072	Vitvi08g01292	XP_034694145.17-deoxyloganetic acid glucosyltransferase-like	1
8:15600000-15650000	8	15600000	15650000	24	0.269045	0.269045	Vitvi08g04256	15597239	15597418	-	2582	Vitvi08g04256	---NA---	
8:15600000-15650000	8	15600000	15650000	24	0.269045	0.269045	Vitvi08g01291	15591193	15594677	-	5323	Vitvi08g01291	XP_002273257.1 TPR repeat-containing thioredoxin TTL1	1
3:950000-1050000	3	950000	1050000	130	0.258122	0.265928	Vitvi03g01344	949443	950306	-	0	Vitvi03g01344	XP_010647717.1 metalloendoproteinase 1-like	4
3:950000-1050000	3	950000	1050000	130	0.258122	0.265928	Vitvi03g04027	951180	951458	-	0	Vitvi03g04027	RVW36532.1hypothetical protein CK203_072772	4
3:950000-1050000	3	950000	1050000	130	0.258122	0.265928	Vitvi03g01345	956995	957366	+	0	Vitvi03g01345	CBI37966.3unnamed protein product, partial	
3:950000-1050000	3	950000	1050000	130	0.258122	0.265928	Vitvi03g04028	958531	958842	-	0	Vitvi03g04028	RVW36561.1Pentatricopeptide repeat-containing protein	
3:950000-1050000	3	950000	1050000	130	0.258122	0.265928	Vitvi03g00072	958865	960295	-	0	Vitvi03g00072	XP_034680272.1pentatricopeptide repeat-containing protein At2g13600-like	1
3:950000-1050000	3	950000	1050000	130	0.258122	0.265928	Vitvi03g01346	960879	961163	-	0	Vitvi03g01346	XP_010647509.1 auxin-induced protein X15	1
3:950000-1050000	3	950000	1050000	130	0.258122	0.265928	Vitvi03g01347	962418	962705	-	0	Vitvi03g01347	XP_003631580.1 auxin-responsive protein SAUR21	1
3:950000-1050000	3	950000	1050000	130	0.258122	0.265928	Vitvi03g01348	964989	965566	+	0	Vitvi03g01348	XP_003631579.1 auxin-responsive protein SAUR21	1
3:950000-1050000	3	950000	1050000	130	0.258122	0.265928	Vitvi03g01349	966468	967063	+	0	Vitvi03g01349	XP_019074567.1 auxin-induced protein 15A-like	1
3:950000-1050000	3	950000	1050000	130	0.258122	0.265928	Vitvi03g01350	968182	969002	+	0	Vitvi03g01350	XP_002271501.1 auxin-responsive protein SAUR21	1
3:950000-1050000	3	950000	1050000	130	0.258122	0.265928	Vitvi03g01351	969690	970327	+	0	Vitvi03g01351	RVW36555.1Auxin-induced protein 15A	1
3:950000-1050000	3	950000	1050000	130	0.258122	0.265928	Vitvi03g04029	971490	972233	+	0	Vitvi03g04029	XP_002276058.2 auxin-induced protein X15	1
3:950000-1050000	3	950000	1050000	130	0.258122	0.265928	Vitvi03g01353	973793	974451	+	0	Vitvi03g01353	XP_002271620.1 auxin-responsive protein SAUR21	1
3:950000-1050000	3	950000	1050000	130	0.258122	0.265928	Vitvi03g01354	975405	975689	+	0	Vitvi03g01354	XP_010647476.1 auxin-induced protein X15	1
3:950000-1050000	3	950000	1050000	130	0.258122	0.265928	Vitvi03g04030	977087	977467	+	0	Vitvi03g04030	CAN65267.1hypothetical protein VITISV_040134	
3:950000-1050000	3	950000	1050000	130	0.258122	0.265928	Vitvi03g01355	978801	979688	+	0	Vitvi03g01355	XP_010647716.1 metalloendoproteinase 1-like	6
3:950000-1050000	3	950000	1050000	130	0.258122	0.265928	Vitvi03g01356	982943	983230	-	0	Vitvi03g01356	XP_002271793.1 auxin-responsive protein SAUR21	1
3:950000-1050000	3	950000	1050000	130	0.258122	0.265928	Vitvi03g01357	985682	985969	-	0	Vitvi03g01357	XP_002276185.1 auxin-responsive protein SAUR21	1
3:950000-1050000	3	950000	1050000	130	0.258122	0.265928	Vitvi03g01358	987390	987677	-	0	Vitvi03g01358	CBI37958.3unnamed protein product, partial	1
3:950000-1050000	3	950000	1050000	130	0.258122	0.265928	Vitvi03g04031	988744	989073	-	0	Vitvi03g04031	RVW93295.1Auxin-responsive protein SAUR22	1
3:950000-1050000	3	950000	1050000	130	0.258122	0.265928	Vitvi03g01359	990588	991294	+	0	Vitvi03g01359	XP_002276204.1 auxin-induced protein X15	1
3:950000-1050000	3	950000	1050000	130	0.258122	0.265928	Vitvi03g01360	993860	994691	+	0	Vitvi03g01360	XP_002276227.1 auxin-responsive protein SAUR21	1
3:950000-1050000	3	950000	1050000	130	0.258122	0.265928	Vitvi03g01361	996847	997134	-	0	Vitvi03g01361	XP_002276250.1 auxin-responsive protein SAUR21	1
3:950000-1050000	3	950000	1050000	130	0.258122	0.265928	Vitvi03g01362	999739	1000499	+	0	Vitvi03g01362	XP_002276271.1 auxin-induced protein 15A	1
3:950000-1050000	3	950000	1050000	130	0.258122	0.265928	Vitvi03g01363	1002764	1003567	+	0	Vitvi03g01363	XP_019074566.1 auxin-responsive protein SAUR21-like	1
3:950000-1050000	3	950000	1050000	130	0.258122	0.265928	Vitvi03g01364	1005275	1005562	-	0	Vitvi03g01364	XP_034681454.1auxin-responsive protein SAUR21-like	1
3:950000-1050000	3	950000	1050000	130	0.258122	0.265928	Vitvi03g01365	1007737	1009202	+	0	Vitvi03g01365	XP_002276347.1 auxin-induced protein 15A-like	1
3:950000-1050000	3	950000	1050000	130	0.258122	0.265928	Vitvi03g04032	1010741	1011530	+	0	Vitvi03g04032	XP_002272231.1 auxin-responsive protein SAUR21-like	1
3:950000-1050000	3	950000	1050000	130	0.258122	0.265928	Vitvi03g01367	1012860	1013126	-	0	Vitvi03g01367	XP_010647435.1 auxin-induced protein 15A	1
3:950000-1050000	3	950000	1050000	130	0.258122	0.265928	Vitvi03g04033	1015105	1015824	+	0	Vitvi03g04033	XP_002272231.1 auxin-responsive protein SAUR21-like	1
3:950000-1050000	3	950000	1050000	130	0.258122	0.265928	Vitvi03g01369	1017223	1017492	-	0	Vitvi03g01369	RVW36690.1Auxin-induced protein 15A	1
3:950000-1050000	3	950000	1050000	130	0.258122	0.265928	Vitvi03g04034	1017812	1024111	+	0	Vitvi03g04034	XP_002272387.1 auxin-responsive protein SAUR24-like	1
3:950000-1050000	3	950000	1050000	130	0.258122	0.265928	Vitvi03g00075	1029644	1029946	+	0	Vitvi03g00075	RVW93212.1Auxin-responsive protein SAUR24	1
3:950000-1050000	3	950000	1050000	130	0.258122	0.265928	Vitvi03g00076	1032990	1050861	-	0	Vitvi03g00076	XP_002276432.2 pentatricopeptide repeat-containing protein MRL1, chloroplastic isoform X1	2
3:950000-1050000	3	950000	1050000	130	0.258122	0.265928	Vitvi03g04035	1051801	1052374	-	1801	Vitvi03g04035	CAN69937.1hypothetical protein VITISV_038781	
3:950000-1050000	3	950000	1050000	130	0.258122	0.265928	Vitvi03g00077	1057145	1058434	-	7145	Vitvi03g00077	XP_010647391.1 vinorine synthase-like	1
18:10000000-10050000	18	10000000	10050000	44	0.263884	0.263884	Vitvi18g00897	10000705	10005397	-	0	Vitvi18g00897	XP_002283665.1 probable E3 ubiquitin-protein ligase ARI2 isoform X1	7
18:10000000-10050000	18	10000000	10050000	44	0.263884	0.263884	Vitvi18g04216	10005463	10006008	-	0	Vitvi18g04216	---NA---	
18:10000000-10050000	18	10000000	10050000	44	0.263884	0.263884	Vitvi18g00898	10006904	10011077	-	0	Vitvi18g00898	XP_002283650.1 30S ribosomal protein S9, chloroplastic	4
18:10000000-10050000	18	10000000	10050000	44	0.263884	0.263884	Vitvi18g00899	10013236	10017672	-	0	Vitvi18g00899	XP_002281913.1 protein DETOXIFICATION 33	5
18:10000000-10050000	18	10000000	10050000	44	0.263884	0.263884	Vitvi18g00900	10021151	10025746	-	0	Vitvi18g00900	XP_002281901.2 F-box/FBD/LRR-repeat protein At1g13570 isoform X1	1
18:10000000-10050000	18	10000000	10050000	44	0.263884	0.263884	Vitvi18g00901	10036184	10038720	+	0	Vitvi18g00901	XP_002281898.1 type IV inositol polyphosphate 5-phosphatase 11	2
18:10000000-10050000	18	10000000	10050000	44	0.263884	0.263884	Vitvi18g00902	10042276	10049627	-	0	Vitvi18g00902	XP_002281889.1 BEL1-like homeodomain protein 4	2
18:10000000-10050000	18	10000000	10050000	44	0.263884	0.263884	Vitvi18g02728	9997147	9997524	-	2476	Vitvi18g02728	CAN79165.1hypothetical protein VITISV_019247	4
18:10000000-10050000	18	10000000	10050000	44	0.263884	0.263884	Vitvi18g00896	9990791	9995296	-	4704	Vitvi18g00896	XP_002283679.2PREDICTED: uncharacterized protein LOC100266014	
18:10000000-10050000	18	10000000	10050000	44	0.263884	0.263884	Vitvi18g00903	10055934	10071847	+	5934	Vitvi18g00903	XP_010664641.1 protein DA1	2
17:12400000-12450000	17	12400000	12450000	51	0.263849	0.263849	Vitvi17g00972	12398659	12405690	-	0	Vitvi17g00972	XP_002275969.2 putative multidrug resistance protein	4
17:12400000-12450000	17	12400000	12450000	51	0.263849	0.263849	Vitvi17g00973	12408929	12410829	+	0	Vitvi17g00973	XP_002278323.2 vignain	3
17:12400000-12450000	17	12400000	12450000	51	0.263849	0.263849	Vitvi17g00974	12410832	12413084	-	0	Vitvi17g00974	XP_002278258.1 peptide methionine sulfoxide reductase	4
17:12400000-12450000	17	12400000	12450000	51	0.263849	0.263849	Vitvi17g00975	12418730	12421490	-	0	Vitvi17g00975	XP_002278192.3 BTB/POZ and TAZ domain-containing protein 1	3
17:12400000-12450000	17	12400000	12450000	51	0.263849	0.263849	Vitvi17g00977	12450555	12452662	-	555	Vitvi17g00977	XP_010663062.1 probable pectate lyase 5	3
17:12400000-12450000	17	12400000	12450000	51	0.263849	0.263849	Vitvi17g00971	12390923	12397161	+	2839	Vitvi17g00971	XP_002278503.1 autophagy-related protein 16	1
1:23200000-23250000	1	23200000	23250000	51	0.263202	0.263202	Vitvi01g01726	23202371	23212853	+	0	Vitvi01g01726	XP_002263726.1PREDICTED: uncharacterized protein At2g33490 isoform X1	3
1:23200000-23250000	1	23200000	23250000	51	0.263202	0.263202	Vitvi01g01727	23217149	23218978	-	0	Vitvi01g01727	XP_002263688.1 somatic embryogenesis receptor kinase 1	1
1:23200000-23250000	1	23200000	23250000	51	0.263202	0.263202	Vitvi01g01728	23226639	23228436	-	0	Vitvi01g01728	XP_002263654.2 BRASSINOSTEROID INSENSITIVE 1-associated receptor kinase 1	1
1:23200000-23250000	1	23200000	23250000	51	0.263202	0.263202	Vitvi01g01729	23233019	23237022	-	0	Vitvi01g01729	XP_002263613.1 zinc finger protein CONSTANS-LIKE 14	3
1:23200000-23250000	1	23200000	23250000	51	0.263202	0.263202	Vitvi01g01730	23242110	23243864	-	0	Vitvi01g01730	XP_002263582.1PREDICTED: uncharacterized protein LOC100247251	1
1:23200000-23250000	1	23200000	23250000	51	0.263202	0.263202	Vitvi01g01731	23251893	23256933	-	1893	Vitvi01g01731	XP_034688229.1GSH-induced LITAF domain protein	2
4:6700000-6750000	4	6700000	6750000	56	0.261121	0.261121	Vitvi04g00607	6710097	6710645	-	0	Vitvi04g00607	XP_002285554.1 mitochondrial import inner membrane translocase subunit TIM23-2	4
4:6700000-6750000	4	6700000	6750000	56	0.261121	0.261121	Vitvi04g00608	6725019	6726572	-	0	Vitvi04g00608	XP_002283354.2 pentatricopeptide repeat-containing protein At3g29230-like	3
4:6700000-6750000	4	6700000	6750000	56	0.261121	0.261121	Vitvi04g00609	6727097	6735280	-	0	Vitvi04g00609	XP_002285559.2 eukaryotic translation initiation factor	2
4:6700000-6750000	4	6700000	6750000	56	0.261121	0.261121	Vitvi04g00610	6744390	6751071	+	0	Vitvi04g00610	XP_002285564.1 phospholipid hydroperoxide glutathione peroxidase 1, chloroplastic	3
4:6700000-6750000	4	6700000	6750000	56	0.261121	0.261121	Vitvi04g04143	6699283	6699987	-	13	Vitvi04g04143	XP_034683336.1suppressor of Mek1-like	
4:6700000-6750000	4	6700000	6750000	56	0.261121	0.261121	Vitvi04g00611	6754600	6759942	+	4600	Vitvi04g00611	XP_002283360.2 probable folate-biopterin transporter 6	1
1:22900000-23100000	1	22900000	23100000	109	0.252703	0.260271	Vitvi01g01704	22904898	22908186	+	0	Vitvi01g01704	XP_002266641.1 ACT domain-containing protein ACR4	
1:22900000-23100000	1	22900000	23100000	109	0.252703	0.260271	Vitvi01g01705	22913780	22929967	-	0	Vitvi01g01705	XP_002265030.2 photosynthetic NDH subunit of lumenal location 5, chloroplastic	5
1:22900000-23100000	1	22900000	23100000	109	0.252703	0.260271	Vitvi01g01706	22932228	22936472	+	0	Vitvi01g01706	XP_034680856.14-sulfomuconolactone hydrolase	4
1:22900000-23100000	1	22900000	23100000	109	0.252703	0.260271	Vitvi01g01707	22937311	22948355	-	0	Vitvi01g01707	XP_010656959.1PREDICTED: uncharacterized protein LOC100254102	1
1:22900000-23100000	1	22900000	23100000	109	0.252703	0.260271	Vitvi01g01708	22954249	22955935	-	0	Vitvi01g01708	ACZ48681.1 Bcl-2-associated athanogene-like protein	1
1:22900000-23100000	1	22900000	23100000	109	0.252703	0.260271	Vitvi01g01709	22957984	22959948	-	0	Vitvi01g01709	XP_002264953.1 exocyst complex component EXO70B1	6
1:22900000-23100000	1	22900000	23100000	109	0.252703	0.260271	Vitvi01g01710	22962486	22973602	-	0	Vitvi01g01710	XP_034691147.15-methylthioadenosine/S-adenosylhomocysteine deaminase-like isoform X2	1
1:22900000-23100000	1	22900000	23100000	109	0.252703	0.260271	Vitvi01g01711	22983354	22983815	-	0	Vitvi01g01711	XP_003631359.1 auxin-responsive protein SAUR71-like	1
1:22900000-23100000	1	22900000	23100000	109	0.252703	0.260271	Vitvi01g04459	23000141	23000655	-	0	Vitvi01g04459	XP_019078995.1 TPD1 protein homolog 1-like	1
1:22900000-23100000	1	22900000	23100000	109	0.252703	0.260271	Vitvi01g04460	23011617	23012478	-	0	Vitvi01g04460	RVW84054.1TPD1 protein-like 1	1
1:22900000-23100000	1	22900000	23100000	109	0.252703	0.260271	Vitvi01g04461	23019234	23020179	-	0	Vitvi01g04461	CBI35605.3unnamed protein product, partial	5
1:22900000-23100000	1	22900000	23100000	109	0.252703	0.260271	Vitvi01g01713	23021822	23022719	-	0	Vitvi01g01713	CAN61775.1hypothetical protein VITISV_024881	4
1:22900000-23100000	1	22900000	23100000	109	0.252703	0.260271	Vitvi01g04462	23033487	23034001	-	0	Vitvi01g04462	XP_019078995.1 TPD1 protein homolog 1-like	1
1:22900000-23100000	1	22900000	23100000	109	0.252703	0.260271	Vitvi01g02286	23039374	23039838	+	0	Vitvi01g02286	XP_002264638.1 auxin-responsive protein SAUR71	1
1:22900000-23100000	1	22900000	23100000	109	0.252703	0.260271	Vitvi01g01714	23047889	23049289	-	0	Vitvi01g01714	XP_010656997.1 extensin isoform X1	
1:22900000-23100000	1	22900000	23100000	109	0.252703	0.260271	Vitvi01g02287	23052504	23052899	-	0	Vitvi01g02287	XP_034697235.1glutaredoxin-C1-like	1
1:22900000-23100000	1	22900000	23100000	109	0.252703	0.260271	Vitvi01g04463	23059223	23059756	-	0	Vitvi01g04463	RVW60504.1FT-interacting protein 1	6
1:22900000-23100000	1	22900000	23100000	109	0.252703	0.260271	Vitvi01g01716	23074868	23077304	+	0	Vitvi01g01716	XP_002264325.1 pentatricopeptide repeat-containing protein At2g13600	5
1:22900000-23100000	1	22900000	23100000	109	0.252703	0.260271	Vitvi01g01718	23083778	23088875	+	0	Vitvi01g01718	XP_002265076.1 serine/threonine-protein kinase PBS1	3
1:22900000-23100000	1	22900000	23100000	109	0.252703	0.260271	Vitvi01g01719	23088882	23091163	-	0	Vitvi01g01719	XP_002264875.1 bidirectional sugar transporter SWEET15	12
1:22900000-23100000	1	22900000	23100000	109	0.252703	0.260271	Vitvi01g01720	23096977	23100397	+	0	Vitvi01g01720	XP_002265340.1 delta(3,5)-Delta(2,4)-dienoyl-CoA isomerase, peroxisomal	2
1:22900000-23100000	1	22900000	23100000	109	0.252703	0.260271	Vitvi01g01703	22889380	22892841	+	7159	Vitvi01g01703	XP_010656935.1 11-beta-hydroxysteroid dehydrogenase 1B	2
1:14550000-14700000	1	14550000	14700000	125	0.253597	0.258983	Vitvi01g01121	14554678	14561732	-	0	Vitvi01g01121	XP_002268416.1 probable protein S-acyltransferase 22	6
1:14550000-14700000	1	14550000	14700000	125	0.253597	0.258983	Vitvi01g02150	14576452	14599852	+	0	Vitvi01g02150	XP_002267447.1 mitotic checkpoint protein BUB3.3 isoform X2	6
1:14550000-14700000	1	14550000	14700000	125	0.253597	0.258983	Vitvi01g04281	14612055	14617879	-	0	Vitvi01g04281	CBI22305.3unnamed protein product, partial	1
1:14550000-14700000	1	14550000	14700000	125	0.253597	0.258983	Vitvi01g01125	14627886	14628433	-	0	Vitvi01g01125	XP_019077736.1 midasin isoform X2	4
1:14550000-14700000	1	14550000	14700000	125	0.253597	0.258983	Vitvi01g01126	14630307	14631281	-	0	Vitvi01g01126	CBI22306.3unnamed protein product, partial	2
1:14550000-14700000	1	14550000	14700000	125	0.253597	0.258983	Vitvi01g01127	14631421	14631724	-	0	Vitvi01g01127	XP_019077736.1 midasin isoform X2	
1:14550000-14700000	1	14550000	14700000	125	0.253597	0.258983	Vitvi01g01129	14636627	14637925	-	0	Vitvi01g01129	RVW28393.1Midasin	2
1:14550000-14700000	1	14550000	14700000	125	0.253597	0.258983	Vitvi01g01130	14638058	14640821	-	0	Vitvi01g01130	RVW76358.1Midasin	
1:14550000-14700000	1	14550000	14700000	125	0.253597	0.258983	Vitvi01g01132	14665093	14666818	+	0	Vitvi01g01132	XP_002267888.1PREDICTED: uncharacterized protein LOC100248804	1
1:14550000-14700000	1	14550000	14700000	125	0.253597	0.258983	Vitvi01g01133	14687485	14688879	+	0	Vitvi01g01133	XP_010653760.1 Fanconi anemia group M protein isoform X1	7
1:14550000-14700000	1	14550000	14700000	125	0.253597	0.258983	Vitvi01g04280	14548417	14548794	-	1206	Vitvi01g04280	XP_034702958.1clathrin light chain 2	5
9:600000-650000	9	600000	650000	42	0.258169	0.258169	Vitvi09g00061	584159	613472	-	0	Vitvi09g00061	XP_010654407.1 nuclear pore complex protein NUP107 isoform X1	2
9:600000-650000	9	600000	650000	42	0.258169	0.258169	Vitvi09g00062	616096	620105	+	0	Vitvi09g00062	XP_010654409.2 protein FLUORESCENT IN BLUE LIGHT, chloroplastic isoform X1	3
9:600000-650000	9	600000	650000	42	0.258169	0.258169	Vitvi09g00063	620740	627340	-	0	Vitvi09g00063	XP_002270823.1 oligouridylate-binding protein 1B isoform X1	1
9:600000-650000	9	600000	650000	42	0.258169	0.258169	Vitvi09g00064	646954	649151	+	0	Vitvi09g00064	XP_002272363.2 protein TIFY 10A	4
9:600000-650000	9	600000	650000	42	0.258169	0.258169	Vitvi09g00065	652733	655400	+	2733	Vitvi09g00065	XP_034696646.1pollen receptor-like kinase 3	5
1:22000000-22050000	1	22000000	22050000	66	0.258146	0.258146	Vitvi01g04436	21988023	22002433	+	0	Vitvi01g04436	RVW99344.1Flavonoid 3',5'-methyltransferase	8
1:22000000-22050000	1	22000000	22050000	66	0.258146	0.258146	Vitvi01g01638	22010818	22011302	-	0	Vitvi01g01638	XP_034707883.1signal peptidase complex subunit 3B	3
1:22000000-22050000	1	22000000	22050000	66	0.258146	0.258146	Vitvi01g04437	22012663	22013103	-	0	Vitvi01g04437	RVW16124.1Pentatricopeptide repeat-containing protein	4
1:22000000-22050000	1	22000000	22050000	66	0.258146	0.258146	Vitvi01g02263	22016092	22028186	+	0	Vitvi01g02263	XP_010655817.1 flavonoid 3',5'-methyltransferase-like	8
1:22000000-22050000	1	22000000	22050000	66	0.258146	0.258146	Vitvi01g04438	22047643	22050050	+	0	Vitvi01g04438	C7AE94.1RecName: Full=Flavonoid 3',5'-methyltransferase; AltName: Full=Anthocyanin-O-methyltransferase; Short=VvAOMT	8
1:22000000-22050000	1	22000000	22050000	66	0.258146	0.258146	Vitvi01g02266	22052293	22052559	+	2293	Vitvi01g02266	CBI27645.3unnamed protein product, partial	
1:22000000-22050000	1	22000000	22050000	66	0.258146	0.258146	Vitvi01g04439	22052605	22052841	+	2605	Vitvi01g04439	CBI26501.3unnamed protein product, partial	
11:3050000-3100000	11	3050000	3100000	50	0.257272	0.257272	Vitvi11g00318	3049468	3055185	+	0	Vitvi11g00318	XP_002284313.1 aspartate aminotransferase, cytoplasmic	5
11:3050000-3100000	11	3050000	3100000	50	0.257272	0.257272	Vitvi11g00319	3057469	3059858	-	0	Vitvi11g00319	XP_010656310.1 rho guanine nucleotide exchange factor 8	2
11:3050000-3100000	11	3050000	3100000	50	0.257272	0.257272	Vitvi11g00320	3061275	3071813	-	0	Vitvi11g00320	XP_002280843.2 myb-related protein 3R-1 isoform X1	4
11:3050000-3100000	11	3050000	3100000	50	0.257272	0.257272	Vitvi11g04067	3071903	3075379	-	0	Vitvi11g04067	---NA---	
11:3050000-3100000	11	3050000	3100000	50	0.257272	0.257272	Vitvi11g00321	3075722	3081388	+	0	Vitvi11g00321	XP_010656316.1 centromere-associated protein E	
11:3050000-3100000	11	3050000	3100000	50	0.257272	0.257272	Vitvi11g00322	3081942	3082324	-	0	Vitvi11g00322	XP_002280869.1 dynein light chain 1, cytoplasmic	7
11:3050000-3100000	11	3050000	3100000	50	0.257272	0.257272	Vitvi11g00323	3088532	3105639	+	0	Vitvi11g00323	XP_002284354.1 protein CONTINUOUS VASCULAR RING 1	3
11:3050000-3100000	11	3050000	3100000	50	0.257272	0.257272	Vitvi11g00317	3044745	3048849	+	1151	Vitvi11g00317	XP_002284308.1 probable protein ABIL5	
11:3050000-3100000	11	3050000	3100000	50	0.257272	0.257272	Vitvi11g00316	3036940	3044729	+	5271	Vitvi11g00316	XP_002280803.3 proteinaceous RNase P 1, chloroplastic/mitochondrial	1
2:5250000-5300000	2	5250000	5300000	48	0.257051	0.257051	Vitvi02g00546	5244685	5253232	-	0	Vitvi02g00546	XP_002266497.2 phosphatidylinositol/phosphatidylcholine transfer protein SFH11 isoform X2	
2:5250000-5300000	2	5250000	5300000	48	0.257051	0.257051	Vitvi02g00547	5258771	5260228	-	0	Vitvi02g00547	XP_003631454.1 probable aspartyl protease At4g16563	2
2:5250000-5300000	2	5250000	5300000	48	0.257051	0.257051	Vitvi02g00548	5266644	5269091	-	0	Vitvi02g00548	XP_002266460.2 bifunctional adenosine 5'-phosphosulfate phosphorylase/adenylylsulfatase HINT4	1
2:5250000-5300000	2	5250000	5300000	48	0.257051	0.257051	Vitvi02g00549	5270450	5278487	+	0	Vitvi02g00549	XP_010662493.1 protein arginine N-methyltransferase 1.6	2
2:5250000-5300000	2	5250000	5300000	48	0.257051	0.257051	Vitvi02g00551	5279225	5307771	-	0	Vitvi02g00551	XP_002270066.1 chaperone protein dnaJ 13	4
2:5250000-5300000	2	5250000	5300000	48	0.257051	0.257051	Vitvi02g00545	5240597	5243252	-	6748	Vitvi02g00545	XP_002270502.1 vesicle-associated protein 1-1	5
3:650000-700000	3	650000	700000	43	0.256665	0.256665	Vitvi03g00043	649295	664334	-	0	Vitvi03g00043	XP_003631583.1 zinc finger protein GIS2	2
3:650000-700000	3	650000	700000	43	0.256665	0.256665	Vitvi03g00044	667490	669981	+	0	Vitvi03g00044	XP_002275280.1 endoglucanase 24	2
3:650000-700000	3	650000	700000	43	0.256665	0.256665	Vitvi03g00045	676367	680813	+	0	Vitvi03g00045	XP_002267589.1PREDICTED: uncharacterized protein LOC100245210 isoform X1	
3:650000-700000	3	650000	700000	43	0.256665	0.256665	Vitvi03g00046	681311	685199	-	0	Vitvi03g00046	XP_002267638.1 coenzyme Q-binding protein COQ10 homolog, mitochondrial	3
3:650000-700000	3	650000	700000	43	0.256665	0.256665	Vitvi03g00047	686422	689782	-	0	Vitvi03g00047	XP_034680331.1 cold-regulated protein 27-like isoform X1	2
3:650000-700000	3	650000	700000	43	0.256665	0.256665	Vitvi03g00048	694421	697116	+	0	Vitvi03g00048	XP_002267726.1 fructose-bisphosphate aldolase 1, chloroplastic	4
3:650000-700000	3	650000	700000	43	0.256665	0.256665	Vitvi03g00049	698196	700329	-	0	Vitvi03g00049	XP_002267957.1 B-box zinc finger protein 19	4
3:650000-700000	3	650000	700000	43	0.256665	0.256665	Vitvi03g04020	700512	709239	+	512	Vitvi03g04020	RVW36553.1Kinesin-like protein KIN-7E	4
3:650000-700000	3	650000	700000	43	0.256665	0.256665	Vitvi03g00042	633815	646668	-	3332	Vitvi03g00042	XP_010647669.1 zinc finger CCCH domain-containing protein 19	3
3:650000-700000	3	650000	700000	43	0.256665	0.256665	Vitvi03g00050	709411	715507	+	9411	Vitvi03g00050	XP_010647602.1 kinesin-like protein KIN-7E	5
14:22500000-22550000	14	22500000	22550000	45	0.255065	0.255065	Vitvi14g02910	22503142	22503773	+	0	Vitvi14g02910	RVW44791.1Protein glutamine dumper 3	2
14:22500000-22550000	14	22500000	22550000	45	0.255065	0.255065	Vitvi14g02911	22506589	22508948	+	0	Vitvi14g02911	CAN73731.1hypothetical protein VITISV_022575	1
14:22500000-22550000	14	22500000	22550000	45	0.255065	0.255065	Vitvi14g01301	22508193	22512951	-	0	Vitvi14g01301	XP_010660537.1 probable galacturonosyltransferase 9	7
14:22500000-22550000	14	22500000	22550000	45	0.255065	0.255065	Vitvi14g01302	22550395	22550991	-	395	Vitvi14g01302	XP_002278738.1 basic leucine zipper 43	2
8:13300000-13350000	8	13300000	13350000	57	0.254627	0.254627	Vitvi08g01055	13300748	13304662	-	0	Vitvi08g01055	NP_001268013.1MLO11 protein	4
8:13300000-13350000	8	13300000	13350000	57	0.254627	0.254627	Vitvi08g01056	13317091	13321727	+	0	Vitvi08g01056	XP_002275360.2 MLO-like protein 3	4
8:13300000-13350000	8	13300000	13350000	57	0.254627	0.254627	Vitvi08g01057	13323224	13324436	+	0	Vitvi08g01057	XP_010653545.1PREDICTED: uncharacterized protein LOC100854914 isoform X2	
8:13300000-13350000	8	13300000	13350000	57	0.254627	0.254627	Vitvi08g01058	13328027	13329405	+	0	Vitvi08g01058	XP_002275288.1 peroxidase 21	11
8:13300000-13350000	8	13300000	13350000	57	0.254627	0.254627	Vitvi08g04185	13330494	13330805	+	0	Vitvi08g04185	---NA---	
8:13300000-13350000	8	13300000	13350000	57	0.254627	0.254627	Vitvi08g01059	13330945	13334344	+	0	Vitvi08g01059	XP_002275244.1 L-type lectin-domain containing receptor kinase VIII.1	9
8:13300000-13350000	8	13300000	13350000	57	0.254627	0.254627	Vitvi08g02161	13340074	13342858	+	0	Vitvi08g02161	XP_002279933.1 DNA-binding protein S1FA	4
8:13300000-13350000	8	13300000	13350000	57	0.254627	0.254627	Vitvi08g01060	13343693	13349076	-	0	Vitvi08g01060	XP_002279879.1 cell number regulator 8	
7:2000000-2050000	7	2000000	2050000	37	0.254386	0.254386	Vitvi07g00162	1986350	2005551	+	0	Vitvi07g00162	XP_002271866.1 protein HUA2-LIKE 2	
7:2000000-2050000	7	2000000	2050000	37	0.254386	0.254386	Vitvi07g04045	2004880	2005277	+	0	Vitvi07g04045	RVX20823.1Protein HUA2-like 3	1
7:2000000-2050000	7	2000000	2050000	37	0.254386	0.254386	Vitvi07g00164	2008159	2009705	+	0	Vitvi07g00164	XP_002276328.2 EID1-like F-box protein 3	
7:2000000-2050000	7	2000000	2050000	37	0.254386	0.254386	Vitvi07g00166	2015965	2027217	+	0	Vitvi07g00166	XP_002271834.1 CSC1-like protein At4g02900	2
7:2000000-2050000	7	2000000	2050000	37	0.254386	0.254386	Vitvi07g00167	2028939	2032658	+	0	Vitvi07g00167	XP_002271798.1 isoamylase 2, chloroplastic	5
7:2000000-2050000	7	2000000	2050000	37	0.254386	0.254386	Vitvi07g00168	2032658	2037353	-	0	Vitvi07g00168	XP_002271766.2 protein PALE CRESS, chloroplastic isoform X1	9
7:2000000-2050000	7	2000000	2050000	37	0.254386	0.254386	Vitvi07g00169	2038060	2058064	-	0	Vitvi07g00169	XP_010652126.1 mediator of RNA polymerase II transcription subunit 33A isoform X1	2
7:2000000-2050000	7	2000000	2050000	37	0.254386	0.254386	Vitvi07g00171	2058993	2067635	-	8993	Vitvi07g00171	XP_034692317.1RNA exonuclease 4 isoform X1	3
2:4150000-4200000	2	4150000	4200000	31	0.252807	0.252807	Vitvi02g00443	4151772	4153985	-	0	Vitvi02g00443	XP_019081758.1 subtilisin-like protease SBT1.2	2
2:4150000-4200000	2	4150000	4200000	31	0.252807	0.252807	Vitvi02g00444	4155046	4162077	+	0	Vitvi02g00444	XP_002281850.1 copper chaperone for superoxide dismutase, chloroplastic/cytosolic	2
2:4150000-4200000	2	4150000	4200000	31	0.252807	0.252807	Vitvi02g04105	4162239	4162620	+	0	Vitvi02g04105	RVX09025.1Copper chaperone for superoxide dismutase, chloroplastic/cytosolic	2
2:4150000-4200000	2	4150000	4200000	31	0.252807	0.252807	Vitvi02g00445	4163097	4167495	-	0	Vitvi02g00445	XP_019072974.1 nudix hydrolase 14, chloroplastic isoform X1	1
2:4150000-4200000	2	4150000	4200000	31	0.252807	0.252807	Vitvi02g00446	4177372	4178997	-	0	Vitvi02g00446	XP_003631427.1 geraniol 8-hydroxylase	3
2:4150000-4200000	2	4150000	4200000	31	0.252807	0.252807	Vitvi02g04106	4179056	4181786	-	0	Vitvi02g04106	RVW97965.1hypothetical protein CK203_021283	
2:4150000-4200000	2	4150000	4200000	31	0.252807	0.252807	Vitvi02g04107	4183523	4183903	-	0	Vitvi02g04107	XP_034687327.1mediator of RNA polymerase II transcription subunit 25	
2:4150000-4200000	2	4150000	4200000	31	0.252807	0.252807	Vitvi02g04108	4185222	4185479	-	0	Vitvi02g04108	XP_010650885.1 potassium transporter 1	3
2:4150000-4200000	2	4150000	4200000	31	0.252807	0.252807	Vitvi02g04109	4185779	4186000	-	0	Vitvi02g04109	XP_010650885.1 potassium transporter 1	7
2:4150000-4200000	2	4150000	4200000	31	0.252807	0.252807	Vitvi02g04110	4193324	4193943	+	0	Vitvi02g04110	RVX15477.1Cytochrome P450 76C4	4
2:4150000-4200000	2	4150000	4200000	31	0.252807	0.252807	Vitvi02g01414	4196165	4197025	+	0	Vitvi02g01414	CBI34789.3unnamed protein product, partial	1
2:4150000-4200000	2	4150000	4200000	31	0.252807	0.252807	Vitvi02g04111	4197131	4198784	+	0	Vitvi02g04111	XP_010658029.1 ripening-related P-450 enzyme-like isoform X1	3
2:4150000-4200000	2	4150000	4200000	31	0.252807	0.252807	Vitvi02g04112	4200058	4200533	+	58	Vitvi02g04112	RVX15474.1Geraniol 8-hydroxylase	4
2:4150000-4200000	2	4150000	4200000	31	0.252807	0.252807	Vitvi02g04113	4201032	4202687	+	1032	Vitvi02g04113	XP_034709697.1geraniol 8-hydroxylase-like	3
2:4150000-4200000	2	4150000	4200000	31	0.252807	0.252807	Vitvi02g01413	4138872	4141106	-	8894	Vitvi02g01413	XP_002275410.2 subtilisin-like protease SBT1.2	2
12:7050000-7100000	12	7050000	7100000	65	0.252519	0.252519	Vitvi12g00515	7046069	7050190	-	0	Vitvi12g00515	XP_002279657.2 50S ribosomal protein L6, chloroplastic	4
12:7050000-7100000	12	7050000	7100000	65	0.252519	0.252519	Vitvi12g00516	7051822	7058440	+	0	Vitvi12g00516	XP_002273713.1 glutamate receptor 3.7	5
12:7050000-7100000	12	7050000	7100000	65	0.252519	0.252519	Vitvi12g00517	7062016	7067761	+	0	Vitvi12g00517	XP_010657306.1 glutamate receptor 3.4 isoform X3	5
12:7050000-7100000	12	7050000	7100000	65	0.252519	0.252519	Vitvi12g00519	7069436	7071434	+	0	Vitvi12g00519	XP_002279761.1 septum-promoting GTP-binding protein 1	3
12:7050000-7100000	12	7050000	7100000	65	0.252519	0.252519	Vitvi12g00520	7073693	7074637	+	0	Vitvi12g00520	XP_002279747.1 transmembrane protein 97	2
12:7050000-7100000	12	7050000	7100000	65	0.252519	0.252519	Vitvi12g04156	7076227	7076505	-	0	Vitvi12g04156	CAN76236.1hypothetical protein VITISV_018562	
12:7050000-7100000	12	7050000	7100000	65	0.252519	0.252519	Vitvi12g00521	7076530	7084798	-	0	Vitvi12g00521	XP_019079357.1 FHA domain-containing protein DDL isoform X1	4
12:7050000-7100000	12	7050000	7100000	65	0.252519	0.252519	Vitvi12g04157	7086650	7086949	-	0	Vitvi12g04157	RVW46431.1FHA domain-containing protein DDL	
12:7050000-7100000	12	7050000	7100000	65	0.252519	0.252519	Vitvi12g00522	7096046	7102073	-	0	Vitvi12g00522	XP_010657311.1 homeobox-leucine zipper protein HDG2 isoform X4	5
12:7050000-7100000	12	7050000	7100000	65	0.252519	0.252519	Vitvi12g02413	7045421	7045909	+	4091	Vitvi12g02413	XP_019079364.1PREDICTED: uncharacterized protein LOC104880886	
12:7450000-7500000	12	7450000	7500000	42	0.252123	0.252123	Vitvi12g04171	7449820	7450155	-	0	Vitvi12g04171	RVW72484.1hypothetical protein CK203_053210	
12:7450000-7500000	12	7450000	7500000	42	0.252123	0.252123	Vitvi12g00565	7456993	7459343	+	0	Vitvi12g00565	XP_002275273.1 probable terpene synthase 9	3
12:7450000-7500000	12	7450000	7500000	42	0.252123	0.252123	Vitvi12g00566	7464734	7465845	-	0	Vitvi12g00566	XP_002281185.1PREDICTED: uncharacterized protein LOC100246598	1
12:7450000-7500000	12	7450000	7500000	42	0.252123	0.252123	Vitvi12g00567	7470741	7471736	-	0	Vitvi12g00567	XP_010657339.1 transcription factor bHLH117	2
12:7450000-7500000	12	7450000	7500000	42	0.252123	0.252123	Vitvi12g00568	7472875	7488400	-	0	Vitvi12g00568	XP_010657340.1 histone-lysine N-methyltransferase ATXR3	3
12:7450000-7500000	12	7450000	7500000	42	0.252123	0.252123	Vitvi12g04172	7488466	7490353	-	0	Vitvi12g04172	---NA---	
12:7450000-7500000	12	7450000	7500000	42	0.252123	0.252123	Vitvi12g00569	7490299	7495576	+	0	Vitvi12g00569	XP_002275372.3PREDICTED: uncharacterized protein LOC100258551 isoform X2	3
12:7450000-7500000	12	7450000	7500000	42	0.252123	0.252123	Vitvi12g02424	7496498	7497378	-	0	Vitvi12g02424	XP_002281293.1PREDICTED: uncharacterized protein LOC100253416	
12:7450000-7500000	12	7450000	7500000	42	0.252123	0.252123	Vitvi12g00571	7504179	7506275	+	4179	Vitvi12g00571	XP_002275420.1 scarecrow-like protein 32	4
1:18550000-18600000	1	18550000	18600000	67	0.252058	0.252058	Vitvi01g01404	18575511	18577731	-	0	Vitvi01g01404	XP_002273118.1 BTB/POZ domain-containing protein At3g19850	2
1:18550000-18600000	1	18550000	18600000	67	0.252058	0.252058	Vitvi01g01405	18589680	18601721	-	0	Vitvi01g01405	XP_002273586.1 transcription initiation factor TFIID subunit 15	2
2:1800000-1850000	2	1800000	1850000	21	0.252058	0.252058	Vitvi02g00198	1807289	1812224	-	0	Vitvi02g00198	RVW91682.1putative WD repeat-containing protein C3H5.08c	1
2:1800000-1850000	2	1800000	1850000	21	0.252058	0.252058	Vitvi02g00199	1820934	1823214	+	0	Vitvi02g00199	XP_002262703.1 dof zinc finger protein DOF4.6	4
2:1800000-1850000	2	1800000	1850000	21	0.252058	0.252058	Vitvi02g00200	1824744	1827372	-	0	Vitvi02g00200	XP_002262624.1 ORM1-like protein 2	4
2:1800000-1850000	2	1800000	1850000	21	0.252058	0.252058	Vitvi02g00201	1828793	1831739	-	0	Vitvi02g00201	XP_002262601.1 BTB/POZ domain-containing protein At3g05675 isoform X1	2
2:1800000-1850000	2	1800000	1850000	21	0.252058	0.252058	Vitvi02g01361	1837439	1837764	+	0	Vitvi02g01361	CBI34560.3unnamed protein product, partial	
2:1800000-1850000	2	1800000	1850000	21	0.252058	0.252058	Vitvi02g01363	1848737	1849067	+	0	Vitvi02g01363	CBI34562.3unnamed protein product, partial	
8:10800000-10850000	8	10800000	10850000	33	0.251990	0.251990	Vitvi08g00862	10800753	10810537	+	0	Vitvi08g00862	XP_010653333.1PREDICTED: uncharacterized protein LOC100253448	1
8:10800000-10850000	8	10800000	10850000	33	0.251990	0.251990	Vitvi08g00863	10813368	10817055	-	0	Vitvi08g00863	XP_002267737.3 probable LRR receptor-like serine/threonine-protein kinase IRK	5
8:10800000-10850000	8	10800000	10850000	33	0.251990	0.251990	Vitvi08g00864	10822656	10831678	+	0	Vitvi08g00864	XP_002271868.1 protein FATTY ACID EXPORT 3, chloroplastic	7
8:10800000-10850000	8	10800000	10850000	33	0.251990	0.251990	Vitvi08g00865	10832331	10839805	-	0	Vitvi08g00865	XP_002267833.2 vacuolar-sorting receptor 1	10
8:10800000-10850000	8	10800000	10850000	33	0.251990	0.251990	Vitvi08g00866	10842596	10847738	-	0	Vitvi08g00866	XP_002272360.1 transmembrane protein 87A	2
8:10800000-10850000	8	10800000	10850000	33	0.251990	0.251990	Vitvi08g00867	10850066	10850862	+	66	Vitvi08g00867	RVX00643.1hypothetical protein CK203_030359	1
8:10800000-10850000	8	10800000	10850000	33	0.251990	0.251990	Vitvi08g04136	10798994	10799326	-	674	Vitvi08g04136	KJB29894.1hypothetical protein B456_005G122700	
8:10800000-10850000	8	10800000	10850000	33	0.251990	0.251990	Vitvi08g00868	10857477	10859757	-	7477	Vitvi08g00868	CBI18028.3unnamed protein product, partial	3
8:10800000-10850000	8	10800000	10850000	33	0.251990	0.251990	Vitvi08g00861	10789310	10790947	-	9053	Vitvi08g00861	RVX00642.1Pentatricopeptide repeat-containing protein, mitochondrial	1
11:2900000-2950000	11	2900000	2950000	37	0.251566	0.251566	Vitvi11g00303	2918777	2922405	+	0	Vitvi11g00303	XP_002284145.1 transcription factor bHLH68	5
11:2900000-2950000	11	2900000	2950000	37	0.251566	0.251566	Vitvi11g00304	2928581	2930920	+	0	Vitvi11g00304	XP_002280745.2 bark storage protein A	2
11:2900000-2950000	11	2900000	2950000	37	0.251566	0.251566	Vitvi11g00305	2931493	2940168	+	0	Vitvi11g00305	XP_010656297.1 putative E3 ubiquitin-protein ligase LIN-1 isoform X1	4
11:2900000-2950000	11	2900000	2950000	37	0.251566	0.251566	Vitvi11g00306	2942953	2944957	+	0	Vitvi11g00306	XP_010656492.1 protein NRT1/ PTR FAMILY 1.2	3
11:2900000-2950000	11	2900000	2950000	37	0.251566	0.251566	Vitvi11g00307	2947500	2950037	+	0	Vitvi11g00307	RVW38286.1Protein NRT1/ PTR family 1.2	4
11:2900000-2950000	11	2900000	2950000	37	0.251566	0.251566	Vitvi11g00302	2891236	2897192	-	2808	Vitvi11g00302	XP_002280736.1 NADPH:adrenodoxin oxidoreductase, mitochondrial isoform X1	5
8:10000000-10050000	8	10000000	10050000	55	0.251148	0.251148	Vitvi08g00805	9996806	10027417	-	0	Vitvi08g00805	XP_002265851.1PREDICTED: uncharacterized protein LOC100265424 isoform X1	3
8:10000000-10050000	8	10000000	10050000	55	0.251148	0.251148	Vitvi08g00806	10031143	10041311	-	0	Vitvi08g00806	XP_002266242.1 alpha-soluble NSF attachment protein	6
7:25050000-25100000	7	25050000	25100000	46	0.249780	0.249780	Vitvi07g02656	25048568	25051776	-	0	Vitvi07g02656	XP_002282881.1 F-box protein At5g67140	3
7:25050000-25100000	7	25050000	25100000	46	0.249780	0.249780	Vitvi07g01723	25053290	25055019	-	0	Vitvi07g01723	XP_002282867.1 caffeoyl-CoA O-methyltransferase	2
7:25050000-25100000	7	25050000	25100000	46	0.249780	0.249780	Vitvi07g01724	25058921	25059811	+	0	Vitvi07g01724	XP_010653004.1 zinc finger protein JAGGED-like	
7:25050000-25100000	7	25050000	25100000	46	0.249780	0.249780	Vitvi07g02658	25070302	25072344	-	0	Vitvi07g02658	XP_010652798.1 E3 ubiquitin-protein ligase MBR1	
7:25050000-25100000	7	25050000	25100000	46	0.249780	0.249780	Vitvi07g04713	25080372	25081990	+	0	Vitvi07g04713	XP_034689318.1uncharacterized protein LOC117917226	
7:25050000-25100000	7	25050000	25100000	46	0.249780	0.249780	Vitvi07g02660	25085327	25087087	-	0	Vitvi07g02660	XP_002278073.1 probable E3 ubiquitin-protein ligase RHG1A isoform X1	2
7:25050000-25100000	7	25050000	25100000	46	0.249780	0.249780	Vitvi07g02661	25090767	25092837	+	0	Vitvi07g02661	XP_010652800.1 probable E3 ubiquitin-protein ligase HIP1 isoform X1	
7:25050000-25100000	7	25050000	25100000	46	0.249780	0.249780	Vitvi07g04714	25096978	25100092	-	0	Vitvi07g04714	RVX21226.1hypothetical protein CK203_001761	1
7:25050000-25100000	7	25050000	25100000	46	0.249780	0.249780	Vitvi07g01722	25042458	25048015	+	1985	Vitvi07g01722	XP_002282885.1 PI-PLC X domain-containing protein At5g67130	4
7:25050000-25100000	7	25050000	25100000	46	0.249780	0.249780	Vitvi07g04715	25106069	25109393	+	6069	Vitvi07g04715	CAN60899.1hypothetical protein VITISV_038125	
7:25050000-25100000	7	25050000	25100000	46	0.249780	0.249780	Vitvi07g01721	25021721	25041590	+	8410	Vitvi07g01721	XP_010652795.1 histone-lysine N-methyltransferase CLF isoform X1	2
17:11100000-11150000	17	11100000	11150000	52	0.249244	0.249244	Vitvi17g00874	11103727	11107054	+	0	Vitvi17g00874	XP_010663131.1PREDICTED: uncharacterized protein LOC100246848	
17:11100000-11150000	17	11100000	11150000	52	0.249244	0.249244	Vitvi17g00875	11108430	11114949	-	0	Vitvi17g00875	XP_002278337.1 jmjC domain-containing protein 4 isoform X2	8
17:11100000-11150000	17	11100000	11150000	52	0.249244	0.249244	Vitvi17g04251	11122158	11122565	+	0	Vitvi17g04251	CAN63552.1hypothetical protein VITISV_032107	
17:11100000-11150000	17	11100000	11150000	52	0.249244	0.249244	Vitvi17g00876	11134697	11135599	+	0	Vitvi17g00876	XP_010521280.1 replication factor C subunit 4	7
17:11100000-11150000	17	11100000	11150000	52	0.249244	0.249244	Vitvi17g00877	11139539	11144806	+	0	Vitvi17g00877	XP_002281671.1 cell division cycle protein 48 homolog	14
17:11100000-11150000	17	11100000	11150000	52	0.249244	0.249244	Vitvi17g00878	11146378	11150895	-	0	Vitvi17g00878	XP_003634262.1 probable LRR receptor-like serine/threonine-protein kinase At4g26540	5
17:11100000-11150000	17	11100000	11150000	52	0.249244	0.249244	Vitvi17g00880	11158808	11169697	+	8808	Vitvi17g00880	XP_010663127.1 kinetochore protein Spc25	5
3:150000-200000	3	150000	200000	60	0.249139	0.249139	Vitvi03g04008	170574	175339	-	0	Vitvi03g04008	RVW93328.1Epoxide hydrolase A	1
3:150000-200000	3	150000	200000	60	0.249139	0.249139	Vitvi03g04009	177010	177363	-	0	Vitvi03g04009	RVW93324.1AB hydrolase superfamily protein YfhM	1
3:150000-200000	3	150000	200000	60	0.249139	0.249139	Vitvi03g00007	179317	194977	+	0	Vitvi03g00007	XP_010647688.1 RNA-binding protein 28 isoform X1	3
3:150000-200000	3	150000	200000	60	0.249139	0.249139	Vitvi03g04010	196038	197694	+	0	Vitvi03g04010	RVW93241.1hypothetical protein CK203_022429	
3:150000-200000	3	150000	200000	60	0.249139	0.249139	Vitvi03g00004	141797	148995	-	1005	Vitvi03g00004	XP_010647690.1 BEL1-like homeodomain protein 6	4
3:150000-200000	3	150000	200000	60	0.249139	0.249139	Vitvi03g00003	125253	141779	+	8221	Vitvi03g00003	XP_002273814.2 protein CHROMATIN REMODELING 35 isoform X1	3
3:150000-200000	3	150000	200000	60	0.249139	0.249139	Vitvi03g04007	141199	141688	+	8312	Vitvi03g04007	RVW36647.1Protein chromatin remodeling 35	3
8:15900000-16050000	8	15900000	16050000	73	0.246271	0.249080	Vitvi08g04267	15899109	15902512	-	0	Vitvi08g04267	XP_003632659.1PREDICTED: uncharacterized protein LOC100251043	1
8:15900000-16050000	8	15900000	16050000	73	0.246271	0.249080	Vitvi08g01325	15904086	15907735	-	0	Vitvi08g01325	XP_002273820.1 probable anion transporter 3, chloroplastic	4
8:15900000-16050000	8	15900000	16050000	73	0.246271	0.249080	Vitvi08g01326	15914405	15940439	+	0	Vitvi08g01326	XP_010654199.1 mitogen-activated protein kinase-binding protein 1 isoform X2	1
8:15900000-16050000	8	15900000	16050000	73	0.246271	0.249080	Vitvi08g01327	15951898	15955562	+	0	Vitvi08g01327	XP_002273894.1 UPF0503 protein At3g09070, chloroplastic-like	
8:15900000-16050000	8	15900000	16050000	73	0.246271	0.249080	Vitvi08g04268	15956208	15956561	-	0	Vitvi08g04268	---NA---	
8:15900000-16050000	8	15900000	16050000	73	0.246271	0.249080	Vitvi08g01329	15959501	15967294	-	0	Vitvi08g01329	XP_010654194.1PREDICTED: uncharacterized protein LOC104880165	
8:15900000-16050000	8	15900000	16050000	73	0.246271	0.249080	Vitvi08g04269	15975743	15976954	-	0	Vitvi08g04269	---NA---	
8:15900000-16050000	8	15900000	16050000	73	0.246271	0.249080	Vitvi08g04270	15981842	15982515	+	0	Vitvi08g04270	RVW44457.1Pentatricopeptide repeat-containing protein	1
8:15900000-16050000	8	15900000	16050000	73	0.246271	0.249080	Vitvi08g04271	15982604	15982927	+	0	Vitvi08g04271	RVW44457.1Pentatricopeptide repeat-containing protein	1
8:15900000-16050000	8	15900000	16050000	73	0.246271	0.249080	Vitvi08g04272	15982949	15983595	+	0	Vitvi08g04272	RVW44458.1hypothetical protein CK203_117038	1
8:15900000-16050000	8	15900000	16050000	73	0.246271	0.249080	Vitvi08g01332	15985228	15986100	-	0	Vitvi08g01332	CBI30424.3unnamed protein product, partial	2
8:15900000-16050000	8	15900000	16050000	73	0.246271	0.249080	Vitvi08g01333	15986896	15989286	-	0	Vitvi08g01333	XP_010654192.1 protein NRT1/ PTR FAMILY 8.1	4
8:15900000-16050000	8	15900000	16050000	73	0.246271	0.249080	Vitvi08g04273	15989310	15990333	-	0	Vitvi08g04273	CBI30424.3unnamed protein product, partial	
8:15900000-16050000	8	15900000	16050000	73	0.246271	0.249080	Vitvi08g01334	15992709	15994764	-	0	Vitvi08g01334	XP_010654188.1 protein NRT1/ PTR FAMILY 8.2	4
8:15900000-16050000	8	15900000	16050000	73	0.246271	0.249080	Vitvi08g01335	16000607	16003832	+	0	Vitvi08g01335	XP_002278638.1 laccase-4	4
8:15900000-16050000	8	15900000	16050000	73	0.246271	0.249080	Vitvi08g01336	16004789	16007868	+	0	Vitvi08g01336	XP_002278729.1 transcription factor DIVARICATA	2
8:15900000-16050000	8	15900000	16050000	73	0.246271	0.249080	Vitvi08g01337	16018670	16020774	+	0	Vitvi08g01337	XP_002278801.2 BAHD acyltransferase DCR	1
8:15900000-16050000	8	15900000	16050000	73	0.246271	0.249080	Vitvi08g01338	16021329	16029246	-	0	Vitvi08g01338	XP_002278868.2 sulfoquinovosyl transferase SQD2 isoform X2	5
8:15900000-16050000	8	15900000	16050000	73	0.246271	0.249080	Vitvi08g02235	16033278	16033667	+	0	Vitvi08g02235	XP_010654185.1 josephin-like protein	
8:15900000-16050000	8	15900000	16050000	73	0.246271	0.249080	Vitvi08g01339	16034706	16042648	-	0	Vitvi08g01339	XP_002278921.1 putative tRNA (cytidine(32)/guanosine(34)-2'-O)-methyltransferase	4
8:15900000-16050000	8	15900000	16050000	73	0.246271	0.249080	Vitvi08g02236	16042703	16046024	-	0	Vitvi08g02236	CBI30418.3unnamed protein product, partial	
8:15900000-16050000	8	15900000	16050000	73	0.246271	0.249080	Vitvi08g01340	16046523	16052535	-	0	Vitvi08g01340	XP_002278975.1 26S proteasome non-ATPase regulatory subunit 7 homolog A	5
8:15900000-16050000	8	15900000	16050000	73	0.246271	0.249080	Vitvi08g01323	15879378	15898705	+	1295	Vitvi08g01323	XP_010654203.1 protein DEFECTIVE IN EXINE FORMATION 1	4
8:15900000-16050000	8	15900000	16050000	73	0.246271	0.249080	Vitvi08g04274	16053522	16054726	-	3522	Vitvi08g04274	RVX06124.1hypothetical protein CK203_018746	
8:15900000-16050000	8	15900000	16050000	73	0.246271	0.249080	Vitvi08g04275	16055404	16057985	-	5404	Vitvi08g04275	RVW44544.1BTB/POZ domain-containing protein	4
8:15900000-16050000	8	15900000	16050000	73	0.246271	0.249080	Vitvi08g01341	16058323	16059750	-	8323	Vitvi08g01341	XP_002279057.1 BTB/POZ domain-containing protein At3g09030	2
11:5050000-5100000	11	5050000	5100000	76	0.248257	0.248257	Vitvi11g00495	5044430	5063211	-	0	Vitvi11g00495	XP_010656454.1 topless-related protein 4 isoform X4	2
11:5050000-5100000	11	5050000	5100000	76	0.248257	0.248257	Vitvi11g00496	5079386	5080477	-	0	Vitvi11g00496	XP_002282327.1 beta-1,4-mannosyl-glycoprotein 4-beta-N-acetylglucosaminyltransferase	4
11:5050000-5100000	11	5050000	5100000	76	0.248257	0.248257	Vitvi11g04112	5080530	5085263	-	0	Vitvi11g04112	---NA---	
11:5050000-5100000	11	5050000	5100000	76	0.248257	0.248257	Vitvi11g00497	5088273	5089596	-	0	Vitvi11g00497	XP_002285354.1 auxin-responsive protein IAA9 isoform X1	4
11:5050000-5100000	11	5050000	5100000	76	0.248257	0.248257	Vitvi11g00498	5097896	5099996	+	0	Vitvi11g00498	XP_010656503.1 transcription factor MYB82-like	
11:5050000-5100000	11	5050000	5100000	76	0.248257	0.248257	Vitvi11g00494	5030325	5043361	-	6639	Vitvi11g00494	XP_002282316.1 elongation factor Ts, mitochondrial	4
8:16950000-17000000	8	16950000	17000000	40	0.247858	0.247858	Vitvi08g01417	16933807	16952919	-	0	Vitvi08g01417	XP_002281777.1 mRNA-decapping enzyme-like protein isoform X1	7
8:16950000-17000000	8	16950000	17000000	40	0.247858	0.247858	Vitvi08g01418	16953821	16954628	-	0	Vitvi08g01418	XP_002276085.1 casparian strip membrane protein 1	6
8:16950000-17000000	8	16950000	17000000	40	0.247858	0.247858	Vitvi08g01419	16961998	16967649	-	0	Vitvi08g01419	XP_010654119.1 mitochondrial fission protein ELM1 isoform X1	2
8:16950000-17000000	8	16950000	17000000	40	0.247858	0.247858	Vitvi08g04303	16967673	16967900	+	0	Vitvi08g04303	RVW48130.1Peptidyl-prolyl cis-trans isomerase CYP18-2	3
8:16950000-17000000	8	16950000	17000000	40	0.247858	0.247858	Vitvi08g01421	16967879	16972557	+	0	Vitvi08g01421	XP_002281866.1 peptidyl-prolyl cis-trans isomerase CYP18-2	4
8:16950000-17000000	8	16950000	17000000	40	0.247858	0.247858	Vitvi08g01422	16972563	16992717	-	0	Vitvi08g01422	XP_002281883.1 probable UDP-N-acetylglucosamine--peptide N-acetylglucosaminyltransferase SPINDLY	8
8:16950000-17000000	8	16950000	17000000	40	0.247858	0.247858	Vitvi08g01423	17005293	17008148	+	5293	Vitvi08g01423	RVW48092.1WD repeat-containing protein LWD1	2
14:22650000-22700000	14	22650000	22700000	47	0.247388	0.247388	Vitvi14g01308	22603720	22664187	-	0	Vitvi14g01308	XP_010660548.1 protein furry homolog-like isoform X1	3
14:22650000-22700000	14	22650000	22700000	47	0.247388	0.247388	Vitvi14g01309	22668653	22670272	+	0	Vitvi14g01309	XP_002282212.1 biogenesis of lysosome-related organelles complex 1 subunit 2 isoform X1	
14:22650000-22700000	14	22650000	22700000	47	0.247388	0.247388	Vitvi14g01310	22671279	22687900	+	0	Vitvi14g01310	XP_002278556.2 kanadaptin	1
14:22650000-22700000	14	22650000	22700000	47	0.247388	0.247388	Vitvi14g01311	22688517	22705480	-	0	Vitvi14g01311	XP_010660553.1 DNA-directed RNA polymerase 2, chloroplastic/mitochondrial	4
14:22650000-22700000	14	22650000	22700000	47	0.247388	0.247388	Vitvi14g04468	22688525	22688939	+	0	Vitvi14g04468	CAN62458.1hypothetical protein VITISV_036433	1
2:1050000-1100000	2	1050000	1100000	22	0.245019	0.245019	Vitvi02g00116	1051997	1052735	-	0	Vitvi02g00116	XP_002272604.1 subtilisin-like protease SBT2.5	
2:1050000-1100000	2	1050000	1100000	22	0.245019	0.245019	Vitvi02g01338	1057224	1058487	-	0	Vitvi02g01338	XP_003631375.1 probable inactive receptor kinase At5g58300	3
2:1050000-1100000	2	1050000	1100000	22	0.245019	0.245019	Vitvi02g00117	1061135	1062394	+	0	Vitvi02g00117	XP_010659120.1PREDICTED: uncharacterized protein LOC104881268	
2:1050000-1100000	2	1050000	1100000	22	0.245019	0.245019	Vitvi02g00118	1065259	1070889	-	0	Vitvi02g00118	XP_010659126.1 probable polygalacturonase	3
2:1050000-1100000	2	1050000	1100000	22	0.245019	0.245019	Vitvi02g00119	1073025	1076093	-	0	Vitvi02g00119	XP_010659134.1 abscisic acid receptor PYL8	9
2:1050000-1100000	2	1050000	1100000	22	0.245019	0.245019	Vitvi02g00120	1079489	1085975	+	0	Vitvi02g00120	XP_002270595.3 DNA primase small subunit	4
2:1050000-1100000	2	1050000	1100000	22	0.245019	0.245019	Vitvi02g00121	1086569	1087525	-	0	Vitvi02g00121	XP_002270561.2 ethylene-responsive transcription factor ERF061	4
2:1050000-1100000	2	1050000	1100000	22	0.245019	0.245019	Vitvi02g04018	1099638	1099889	-	0	Vitvi02g04018	XP_002273904.2 pentatricopeptide repeat-containing protein At2g17140	2
2:1050000-1100000	2	1050000	1100000	22	0.245019	0.245019	Vitvi02g00115	1043052	1048166	-	1834	Vitvi02g00115	XP_002270849.1 KAT8 regulatory NSL complex subunit 3 isoform X2	1
2:1050000-1100000	2	1050000	1100000	22	0.245019	0.245019	Vitvi02g04017	1042295	1043017	-	6983	Vitvi02g04017	RVW43185.1putative WRKY transcription factor 53	5
2:1050000-1100000	2	1050000	1100000	22	0.245019	0.245019	Vitvi02g00114	1040547	1042067	-	7933	Vitvi02g00114	XP_002272720.1 probable WRKY transcription factor 41	5
2:1050000-1100000	2	1050000	1100000	22	0.245019	0.245019	Vitvi02g00113	1037588	1040539	+	9461	Vitvi02g00113	CBI34465.3unnamed protein product, partial	1
17:8250000-8400000	17	8250000	8400000	97	0.244717	0.244826	Vitvi17g00670	8250529	8253313	+	0	Vitvi17g00670	XP_002281438.2 zinc finger protein ZAT4	
17:8250000-8400000	17	8250000	8400000	97	0.244717	0.244826	Vitvi17g04188	8276168	8276428	-	0	Vitvi17g04188	RVX10713.1Codeine O-demethylase	4
17:8250000-8400000	17	8250000	8400000	97	0.244717	0.244826	Vitvi17g01488	8277534	8283258	+	0	Vitvi17g01488	XP_002281421.1 zinc finger protein 346	2
17:8250000-8400000	17	8250000	8400000	97	0.244717	0.244826	Vitvi17g00671	8284325	8291128	+	0	Vitvi17g00671	XP_019082192.1PREDICTED: uncharacterized protein LOC100257067 isoform X1	
17:8250000-8400000	17	8250000	8400000	97	0.244717	0.244826	Vitvi17g01490	8295172	8300350	+	0	Vitvi17g01490	XP_002284486.1 SNAP25 homologous protein SNAP33	4
17:8250000-8400000	17	8250000	8400000	97	0.244717	0.244826	Vitvi17g04189	8301382	8302014	+	0	Vitvi17g04189	XP_034672506.1inactive histone-lysine N-methyltransferase 2E-like	
17:8250000-8400000	17	8250000	8400000	97	0.244717	0.244826	Vitvi17g04190	8303635	8306583	-	0	Vitvi17g04190	XP_003634301.1 LYR motif-containing protein 4	
17:8250000-8400000	17	8250000	8400000	97	0.244717	0.244826	Vitvi17g00673	8307615	8314771	-	0	Vitvi17g00673	XP_002284470.1 heparanase-like protein 1	3
17:8250000-8400000	17	8250000	8400000	97	0.244717	0.244826	Vitvi17g00674	8318314	8331116	+	0	Vitvi17g00674	XP_002281396.3PREDICTED: uncharacterized protein LOC100262175 isoform X1	
17:8250000-8400000	17	8250000	8400000	97	0.244717	0.244826	Vitvi17g04191	8331155	8331593	+	0	Vitvi17g04191	RVW83343.1S phase cyclin A-associated protein in the endoplasmic reticulum	
17:8250000-8400000	17	8250000	8400000	97	0.244717	0.244826	Vitvi17g00675	8331712	8375426	-	0	Vitvi17g00675	XP_010663303.1 DNA annealing helicase and endonuclease ZRANB3 isoform X1	4
17:8250000-8400000	17	8250000	8400000	97	0.244717	0.244826	Vitvi17g00677	8377024	8378635	+	0	Vitvi17g00677	XP_010663299.1PREDICTED: uncharacterized protein At3g61260 isoform X2	
17:8250000-8400000	17	8250000	8400000	97	0.244717	0.244826	Vitvi17g00678	8385210	8388965	+	0	Vitvi17g00678	XP_002284441.1 transcription factor PIF7 isoform X1	2
17:8250000-8400000	17	8250000	8400000	97	0.244717	0.244826	Vitvi17g00680	8391589	8408104	-	0	Vitvi17g00680	XP_003634300.1 plant intracellular Ras-group-related LRR protein 7	2
17:8250000-8400000	17	8250000	8400000	97	0.244717	0.244826	Vitvi17g00669	8238647	8244096	+	5904	Vitvi17g00669	RVW31689.1AT-rich interactive domain-containing protein 2	1
6:9050000-9100000	6	9050000	9100000	25	0.244660	0.244660	Vitvi06g00827	9049682	9063012	-	0	Vitvi06g00827	XP_002264084.1PREDICTED: uncharacterized protein LOC100250213	
6:9050000-9100000	6	9050000	9100000	25	0.244660	0.244660	Vitvi06g00829	9072860	9084090	-	0	Vitvi06g00829	XP_010650794.1PREDICTED: uncharacterized protein LOC104879511	1
6:9050000-9100000	6	9050000	9100000	25	0.244660	0.244660	Vitvi06g00831	9084093	9143355	-	0	Vitvi06g00831	XP_010650796.1 ABC transporter B family member 25, mitochondrial isoform X1	4
6:9050000-9100000	6	9050000	9100000	25	0.244660	0.244660	Vitvi06g00826	9029199	9048928	+	1072	Vitvi06g00826	XP_002275951.1 RING finger and transmembrane domain-containing protein 1 isoform X2	4
1:13450000-13500000	1	13450000	13500000	59	0.244616	0.244616	Vitvi01g01057	13437230	13455216	-	0	Vitvi01g01057	XP_034683355.1rhamnogalacturonan I rhamnosyltransferase 1	
1:13450000-13500000	1	13450000	13500000	59	0.244616	0.244616	Vitvi01g01056	13463874	13467689	+	0	Vitvi01g01056	XP_002267401.1 transmembrane emp24 domain-containing protein p24delta9 isoform X2	
1:13450000-13500000	1	13450000	13500000	59	0.244616	0.244616	Vitvi01g01055	13470572	13494910	-	0	Vitvi01g01055	XP_002266329.1 serine/threonine-protein kinase STY8 isoform X1	4
6:16450000-16550000	6	16450000	16550000	133	0.243752	0.244426	Vitvi06g04358	16458525	16459670	+	0	Vitvi06g04358	RVW13590.1Vacuolar protein sorting-associated protein 41-like	1
6:16450000-16550000	6	16450000	16550000	133	0.243752	0.244426	Vitvi06g04359	16459816	16464144	+	0	Vitvi06g04359	RVW13590.1Vacuolar protein sorting-associated protein 41-like	
6:16450000-16550000	6	16450000	16550000	133	0.243752	0.244426	Vitvi06g01225	16464174	16469340	+	0	Vitvi06g01225	XP_002276189.1 protein SMG7	1
6:16450000-16550000	6	16450000	16550000	133	0.243752	0.244426	Vitvi06g04360	16469491	16470098	+	0	Vitvi06g04360	---NA---	
6:16450000-16550000	6	16450000	16550000	133	0.243752	0.244426	Vitvi06g01226	16485485	16488925	+	0	Vitvi06g01226	XP_002276163.1 non-specific phospholipase C2	7
6:16450000-16550000	6	16450000	16550000	133	0.243752	0.244426	Vitvi06g01227	16489960	16497716	-	0	Vitvi06g01227	XP_002280257.1 hydroxyproline O-arabinosyltransferase 3	1
6:16450000-16550000	6	16450000	16550000	133	0.243752	0.244426	Vitvi06g01231	16540739	16542691	-	0	Vitvi06g01231	XP_002276041.1 ABC transporter G family member 23	4
6:16450000-16550000	6	16450000	16550000	133	0.243752	0.244426	Vitvi06g01232	16547795	16548622	+	0	Vitvi06g01232	XP_002276021.1 AT-hook motif nuclear-localized protein 28-like	1
6:16450000-16550000	6	16450000	16550000	133	0.243752	0.244426	Vitvi06g04357	16442312	16443244	+	6756	Vitvi06g04357	XP_010651667.1 LRR receptor-like serine/threonine-protein kinase ERL1	1
6:16450000-16550000	6	16450000	16550000	133	0.243752	0.244426	Vitvi06g01222	16440387	16442133	+	7867	Vitvi06g01222	XP_010651668.1 LRR receptor-like serine/threonine-protein kinase FLS2	
11:4700000-4750000	11	4700000	4750000	60	0.243879	0.243879	Vitvi11g00471	4700950	4707576	+	0	Vitvi11g00471	XP_002282187.3 phospholipase D alpha 1	6
11:4700000-4750000	11	4700000	4750000	60	0.243879	0.243879	Vitvi11g00472	4710982	4711808	+	0	Vitvi11g00472	XP_002285231.1PREDICTED: uncharacterized protein LOC100255957	
11:4700000-4750000	11	4700000	4750000	60	0.243879	0.243879	Vitvi11g00473	4720041	4723031	+	0	Vitvi11g00473	XP_002285234.1PREDICTED: uncharacterized protein LOC100250810	3
11:4700000-4750000	11	4700000	4750000	60	0.243879	0.243879	Vitvi11g00474	4724245	4733930	+	0	Vitvi11g00474	XP_010656432.1PREDICTED: uncharacterized protein LOC100245670 isoform X3	
11:4700000-4750000	11	4700000	4750000	60	0.243879	0.243879	Vitvi11g00475	4745132	4748811	+	0	Vitvi11g00475	XP_002285249.2 EIN3-binding F-box protein 1	3
11:4700000-4750000	11	4700000	4750000	60	0.243879	0.243879	Vitvi11g04110	4749486	4749707	+	0	Vitvi11g04110	RVX11141.1EIN3-binding F-box protein 1	1
11:4700000-4750000	11	4700000	4750000	60	0.243879	0.243879	Vitvi11g00469	4694790	4699011	+	989	Vitvi11g00469	XP_010656428.1 phospholipase D alpha 1	6
11:4700000-4750000	11	4700000	4750000	60	0.243879	0.243879	Vitvi11g01443	4751659	4752145	+	1659	Vitvi11g01443	XP_010656433.1 EPIDERMAL PATTERNING FACTOR-like protein 6	1
11:4700000-4750000	11	4700000	4750000	60	0.243879	0.243879	Vitvi11g00476	4752984	4787446	-	2984	Vitvi11g00476	XP_010656044.1 CBL-interacting protein kinase 09 isoform X1	7
11:4700000-4750000	11	4700000	4750000	60	0.243879	0.243879	Vitvi11g00468	4689839	4694786	+	5214	Vitvi11g00468	XP_002282179.1 TBC domain-containing protein C1952.17c isoform X1	
8:14200000-14250000	8	14200000	14250000	27	0.243342	0.243342	Vitvi08g01152	14203992	14213019	+	0	Vitvi08g01152	XP_010653452.1 pentatricopeptide repeat-containing protein At5g02830, chloroplastic isoform X1	2
8:14200000-14250000	8	14200000	14250000	27	0.243342	0.243342	Vitvi08g01153	14213802	14215064	-	0	Vitvi08g01153	XP_002274790.1 DNA topoisomerase 6 subunit A	11
8:14200000-14250000	8	14200000	14250000	27	0.243342	0.243342	Vitvi08g01154	14217567	14222485	+	0	Vitvi08g01154	XP_002273231.2 nuclear transcription factor Y subunit B-1 isoform X2	5
8:14200000-14250000	8	14200000	14250000	27	0.243342	0.243342	Vitvi08g01155	14229480	14242356	+	0	Vitvi08g01155	XP_010653449.1 E3 ubiquitin-protein ligase UPL4 isoform X1	1
8:14200000-14250000	8	14200000	14250000	27	0.243342	0.243342	Vitvi08g01156	14248712	14250961	+	0	Vitvi08g01156	XP_002273172.1 pentatricopeptide repeat-containing protein At3g09650, chloroplastic	4
8:14200000-14250000	8	14200000	14250000	27	0.243342	0.243342	Vitvi08g01158	14251513	14266094	-	1513	Vitvi08g01158	XP_010653447.1 probable DNA helicase MCM8	3
8:14200000-14250000	8	14200000	14250000	27	0.243342	0.243342	Vitvi08g01150	14187572	14190146	+	9854	Vitvi08g01150	XP_010653453.1PREDICTED: uncharacterized protein LOC100853790	1
1:11900000-11950000	1	11900000	11950000	104	0.243059	0.243059	Vitvi01g02128	11900567	11901101	-	0	Vitvi01g02128	RVW82323.1hypothetical protein CK203_045130	
1:11900000-11950000	1	11900000	11950000	104	0.243059	0.243059	Vitvi01g00979	11903248	11905204	-	0	Vitvi01g00979	XP_002274152.1 HVA22-like protein a	5
1:11900000-11950000	1	11900000	11950000	104	0.243059	0.243059	Vitvi01g00980	11913714	11914781	-	0	Vitvi01g00980	XP_019076462.1 transcription factor TCP15	2
1:11900000-11950000	1	11900000	11950000	104	0.243059	0.243059	Vitvi01g04240	11918510	11925748	-	0	Vitvi01g04240	RVW31239.1hypothetical protein CK203_082885	1
