region_id	chrom	region_start	region_end	n_snps	mean_window_fst	max_window_fst	gene_id	gene_start	gene_end	strand	distance_to_region_bp	gene_name	description	go_terms
2:5150000-5300000	2	5150000	5300000	98	0.290649	0.331396	Vitvi02g00534	5149311	5154315	+	0	Vitvi02g00534	XP_002271142.1PREDICTED: uncharacterized protein LOC100255799 isoform X1	2
2:5150000-5300000	2	5150000	5300000	98	0.290649	0.331396	Vitvi02g01443	5156093	5157690	-	0	Vitvi02g01443	RVW50545.1hypothetical protein CK203_074481	
2:5150000-5300000	2	5150000	5300000	98	0.290649	0.331396	Vitvi02g04159	5157823	5159535	+	0	Vitvi02g04159	---NA---	
2:5150000-5300000	2	5150000	5300000	98	0.290649	0.331396	Vitvi02g00535	5166990	5171184	-	0	Vitvi02g00535	XP_002270997.1 autophagy-related protein 8f	
2:5150000-5300000	2	5150000	5300000	98	0.290649	0.331396	Vitvi02g00536	5183546	5186817	+	0	Vitvi02g00536	XP_010662426.1 scarecrow-like protein 22 isoform X2	
2:5150000-5300000	2	5150000	5300000	98	0.290649	0.331396	Vitvi02g04160	5194328	5194525	+	0	Vitvi02g04160	CAN71258.1hypothetical protein VITISV_043225	
2:5150000-5300000	2	5150000	5300000	98	0.290649	0.331396	Vitvi02g00538	5203867	5206131	-	0	Vitvi02g00538	XP_002266701.1PREDICTED: uncharacterized protein LOC100262529	1
2:5150000-5300000	2	5150000	5300000	98	0.290649	0.331396	Vitvi02g04161	5208717	5209263	-	0	Vitvi02g04161	CAN71256.1hypothetical protein VITISV_043223	
2:5150000-5300000	2	5150000	5300000	98	0.290649	0.331396	Vitvi02g01445	5209285	5209626	-	0	Vitvi02g01445	XP_034707091.1LOW QUALITY PROTEIN: uncharacterized protein LOC117930556	
2:5150000-5300000	2	5150000	5300000	98	0.290649	0.331396	Vitvi02g00540	5209694	5210635	-	0	Vitvi02g00540	CAN71255.1hypothetical protein VITISV_043222	1
2:5150000-5300000	2	5150000	5300000	98	0.290649	0.331396	Vitvi02g00541	5213268	5223024	+	0	Vitvi02g00541	XP_010662430.1PREDICTED: uncharacterized protein LOC100255681	2
2:5150000-5300000	2	5150000	5300000	98	0.290649	0.331396	Vitvi02g00542	5223787	5227670	+	0	Vitvi02g00542	XP_003631445.1 leukocyte receptor cluster member 1 homolog	
2:5150000-5300000	2	5150000	5300000	98	0.290649	0.331396	Vitvi02g00543	5229168	5229816	+	0	Vitvi02g00543	XP_010662446.1PREDICTED: uncharacterized protein LOC100266073	1
2:5150000-5300000	2	5150000	5300000	98	0.290649	0.331396	Vitvi02g01446	5230824	5231958	-	0	Vitvi02g01446	XP_002270632.1 23.6 kDa heat shock protein, mitochondrial	
2:5150000-5300000	2	5150000	5300000	98	0.290649	0.331396	Vitvi02g01447	5237150	5238009	-	0	Vitvi02g01447	XP_002270596.1 small heat shock protein, chloroplastic	
2:5150000-5300000	2	5150000	5300000	98	0.290649	0.331396	Vitvi02g00545	5240597	5243252	-	0	Vitvi02g00545	XP_002270502.1 vesicle-associated protein 1-1	5
2:5150000-5300000	2	5150000	5300000	98	0.290649	0.331396	Vitvi02g00546	5244685	5253232	-	0	Vitvi02g00546	XP_002266497.2 phosphatidylinositol/phosphatidylcholine transfer protein SFH11 isoform X2	
2:5150000-5300000	2	5150000	5300000	98	0.290649	0.331396	Vitvi02g00547	5258771	5260228	-	0	Vitvi02g00547	XP_003631454.1 probable aspartyl protease At4g16563	2
2:5150000-5300000	2	5150000	5300000	98	0.290649	0.331396	Vitvi02g00548	5266644	5269091	-	0	Vitvi02g00548	XP_002266460.2 bifunctional adenosine 5'-phosphosulfate phosphorylase/adenylylsulfatase HINT4	1
2:5150000-5300000	2	5150000	5300000	98	0.290649	0.331396	Vitvi02g00549	5270450	5278487	+	0	Vitvi02g00549	XP_010662493.1 protein arginine N-methyltransferase 1.6	2
2:5150000-5300000	2	5150000	5300000	98	0.290649	0.331396	Vitvi02g00551	5279225	5307771	-	0	Vitvi02g00551	XP_002270066.1 chaperone protein dnaJ 13	4
2:5150000-5300000	2	5150000	5300000	98	0.290649	0.331396	Vitvi02g00533	5146283	5148354	-	1646	Vitvi02g00533	XP_034701714.1L-lactate dehydrogenase B	4
2:5150000-5300000	2	5150000	5300000	98	0.290649	0.331396	Vitvi02g01442	5140051	5141697	+	8303	Vitvi02g01442	CBI31908.3unnamed protein product, partial	2
4:1050000-1200000	4	1050000	1200000	146	0.274170	0.325497	Vitvi04g00111	1058255	1059706	+	0	Vitvi04g00111	XP_002279283.1 putative GATA transcription factor 22	3
4:1050000-1200000	4	1050000	1200000	146	0.274170	0.325497	Vitvi04g00112	1062757	1069613	+	0	Vitvi04g00112	XP_010648358.1 glycine dehydrogenase (decarboxylating), mitochondrial	3
4:1050000-1200000	4	1050000	1200000	146	0.274170	0.325497	Vitvi04g00113	1075208	1085978	+	0	Vitvi04g00113	XP_010648359.1 serine/threonine-protein kinase EDR1	6
4:1050000-1200000	4	1050000	1200000	146	0.274170	0.325497	Vitvi04g00114	1086358	1088314	+	0	Vitvi04g00114	RVX17516.1Protein conserved in the green lineage and diatoms 27, chloroplastic	2
4:1050000-1200000	4	1050000	1200000	146	0.274170	0.325497	Vitvi04g00115	1089783	1093995	+	0	Vitvi04g00115	XP_002279831.1 protein REVERSION-TO-ETHYLENE SENSITIVITY1 isoform X2	4
4:1050000-1200000	4	1050000	1200000	146	0.274170	0.325497	Vitvi04g00116	1094688	1099340	-	0	Vitvi04g00116	XP_010648360.1PREDICTED: uncharacterized protein LOC100255893 isoform X3	1
4:1050000-1200000	4	1050000	1200000	146	0.274170	0.325497	Vitvi04g00117	1099917	1106374	-	0	Vitvi04g00117	XP_002279909.2 conserved oligomeric Golgi complex subunit 8 isoform X1	4
4:1050000-1200000	4	1050000	1200000	146	0.274170	0.325497	Vitvi04g04037	1108337	1110088	-	0	Vitvi04g04037	RVW52381.1U-box domain-containing protein 52	4
4:1050000-1200000	4	1050000	1200000	146	0.274170	0.325497	Vitvi04g00118	1110307	1114405	-	0	Vitvi04g00118	XP_010648363.1 U-box domain-containing protein 52	4
4:1050000-1200000	4	1050000	1200000	146	0.274170	0.325497	Vitvi04g00119	1115163	1123505	+	0	Vitvi04g00119	XP_003631808.1 peptidyl-prolyl cis-trans isomerase CYP57	3
4:1050000-1200000	4	1050000	1200000	146	0.274170	0.325497	Vitvi04g00121	1125298	1127605	+	0	Vitvi04g00121	XP_002280033.1 putative nuclease HARBI1	1
4:1050000-1200000	4	1050000	1200000	146	0.274170	0.325497	Vitvi04g01791	1128981	1137132	-	0	Vitvi04g01791	XP_002280068.1 RNA-binding protein 1 isoform X1	1
4:1050000-1200000	4	1050000	1200000	146	0.274170	0.325497	Vitvi04g00124	1143389	1161776	+	0	Vitvi04g00124	XP_002280119.2 serine/threonine-protein kinase 38-like	4
4:1050000-1200000	4	1050000	1200000	146	0.274170	0.325497	Vitvi04g00125	1162439	1166351	-	0	Vitvi04g00125	XP_002280173.1 ran-binding protein 1 homolog a	5
4:1050000-1200000	4	1050000	1200000	146	0.274170	0.325497	Vitvi04g00127	1173468	1178746	+	0	Vitvi04g00127	XP_010648366.1 probable protein phosphatase 2C 53	6
4:1050000-1200000	4	1050000	1200000	146	0.274170	0.325497	Vitvi04g00128	1179732	1188690	-	0	Vitvi04g00128	XP_002280239.1 aminopeptidase M1	9
4:1050000-1200000	4	1050000	1200000	146	0.274170	0.325497	Vitvi04g00129	1190739	1191317	+	0	Vitvi04g00129	XP_010648367.1PREDICTED: uncharacterized protein At4g33100	
4:1050000-1200000	4	1050000	1200000	146	0.274170	0.325497	Vitvi04g00130	1192337	1196376	-	0	Vitvi04g00130	XP_002280292.1 (S)-coclaurine N-methyltransferase isoform X1	2
4:1050000-1200000	4	1050000	1200000	146	0.274170	0.325497	Vitvi04g00131	1196953	1197667	+	0	Vitvi04g00131	CAN73666.1hypothetical protein VITISV_012141	4
4:1050000-1200000	4	1050000	1200000	146	0.274170	0.325497	Vitvi04g00132	1199902	1203837	+	0	Vitvi04g00132	XP_010648368.1 protein PLASTID MOVEMENT IMPAIRED 1-RELATED 1 isoform X1	
4:1050000-1200000	4	1050000	1200000	146	0.274170	0.325497	Vitvi04g01789	1045829	1046359	+	3641	Vitvi04g01789	CAN63091.1hypothetical protein VITISV_032018	4
4:1050000-1200000	4	1050000	1200000	146	0.274170	0.325497	Vitvi04g00133	1204693	1207203	-	4693	Vitvi04g00133	XP_002279407.1 probable WRKY transcription factor 50	4
4:1050000-1200000	4	1050000	1200000	146	0.274170	0.325497	Vitvi04g00110	1040303	1044375	+	5625	Vitvi04g00110	XP_002279252.1 probable beta-1,3-galactosyltransferase 12 isoform X1	4
4:1050000-1200000	4	1050000	1200000	146	0.274170	0.325497	Vitvi04g00134	1209095	1215376	+	9095	Vitvi04g00134	XP_002279425.2 probable 28S rRNA (cytosine-C(5))-methyltransferase	5
1:11100000-11300000	1	11100000	11300000	254	0.273868	0.317402	Vitvi01g00929	11113884	11120950	+	0	Vitvi01g00929	XP_002276517.1 hypersensitive-induced response protein 2	4
1:11100000-11300000	1	11100000	11300000	254	0.273868	0.317402	Vitvi01g00930	11122236	11126146	-	0	Vitvi01g00930	XP_002276636.1 mitochondrial outer membrane protein porin of 36 kDa	4
1:11100000-11300000	1	11100000	11300000	254	0.273868	0.317402	Vitvi01g00932	11136269	11149211	+	0	Vitvi01g00932	XP_002270049.1 alpha-amylase 3, chloroplastic	5
1:11100000-11300000	1	11100000	11300000	254	0.273868	0.317402	Vitvi01g02109	11150278	11151978	+	0	Vitvi01g02109	XP_002270089.1 pectate lyase	3
1:11100000-11300000	1	11100000	11300000	254	0.273868	0.317402	Vitvi01g00933	11153388	11155046	+	0	Vitvi01g00933	XP_002270112.1 pectate lyase	3
1:11100000-11300000	1	11100000	11300000	254	0.273868	0.317402	Vitvi01g00934	11167273	11169033	-	0	Vitvi01g00934	XP_034697533.1AP2-like ethylene-responsive transcription factor At1g16060 isoform X2	4
1:11100000-11300000	1	11100000	11300000	254	0.273868	0.317402	Vitvi01g00935	11170569	11187423	-	0	Vitvi01g00935	XP_002277155.2PREDICTED: uncharacterized protein LOC100246806	
1:11100000-11300000	1	11100000	11300000	254	0.273868	0.317402	Vitvi01g00936	11198626	11209531	+	0	Vitvi01g00936	YP_009019844.1NADH dehydrogenase subunit 6	5
1:11100000-11300000	1	11100000	11300000	254	0.273868	0.317402	Vitvi01g00937	11215486	11222457	-	0	Vitvi01g00937	XP_002270296.1PREDICTED: uncharacterized protein LOC100258796	6
1:11100000-11300000	1	11100000	11300000	254	0.273868	0.317402	Vitvi01g00938	11236289	11242335	+	0	Vitvi01g00938	XP_002277278.1 single-stranded DNA-binding protein WHY1, chloroplastic	3
1:11100000-11300000	1	11100000	11300000	254	0.273868	0.317402	Vitvi01g00940	11284337	11289463	+	0	Vitvi01g00940	XP_010652374.1 probable WRKY transcription factor 72 isoform X1	4
1:11100000-11300000	1	11100000	11300000	254	0.273868	0.317402	Vitvi01g00941	11292036	11294258	+	0	Vitvi01g00941	XP_002277342.1 SNF1-related protein kinase regulatory subunit gamma-1-like isoform X2	
1:11100000-11300000	1	11100000	11300000	254	0.273868	0.317402	Vitvi01g00942	11294393	11296246	-	0	Vitvi01g00942	XP_002270695.1 pentatricopeptide repeat-containing protein At2g02750	4
1:11100000-11300000	1	11100000	11300000	254	0.273868	0.317402	Vitvi01g00928	11088814	11094122	-	5878	Vitvi01g00928	XP_002276462.1PREDICTED: uncharacterized protein LOC100258620 isoform X1	
17:8800000-8850000	17	8800000	8850000	34	0.304041	0.304041	Vitvi17g00700	8788062	8813837	+	0	Vitvi17g00700	ALP48438.1flavonoid 3'-hydroxylase	4
17:8800000-8850000	17	8800000	8850000	34	0.304041	0.304041	Vitvi17g00701	8823707	8880054	-	0	Vitvi17g00701	XP_002284129.1 DExH-box ATP-dependent RNA helicase DExH14 isoform X1	2
14:27950000-28050000	14	27950000	28050000	97	0.269566	0.299852	Vitvi14g01732	27951113	27957788	+	0	Vitvi14g01732	XP_002276200.2 isocitrate dehydrogenase [NADP]	7
14:27950000-28050000	14	27950000	28050000	97	0.269566	0.299852	Vitvi14g01734	27959567	27961383	+	0	Vitvi14g01734	XP_002276266.1 glutaredoxin	10
14:27950000-28050000	14	27950000	28050000	97	0.269566	0.299852	Vitvi14g01735	27961414	27965309	-	0	Vitvi14g01735	XP_002273812.1 anthranilate phosphoribosyltransferase, chloroplastic isoform X1	3
14:27950000-28050000	14	27950000	28050000	97	0.269566	0.299852	Vitvi14g01736	27966291	27975245	-	0	Vitvi14g01736	XP_002273842.1PREDICTED: uncharacterized protein LOC100247330 isoform X1	1
14:27950000-28050000	14	27950000	28050000	97	0.269566	0.299852	Vitvi14g01737	27975581	27982480	+	0	Vitvi14g01737	XP_002273877.1 tRNA (adenine(58)-N(1))-methyltransferase catalytic subunit TRMT61A	3
14:27950000-28050000	14	27950000	28050000	97	0.269566	0.299852	Vitvi14g01739	27984444	27989210	+	0	Vitvi14g01739	XP_002276496.1 phosphoenolpyruvate/phosphate translocator 2, chloroplastic	4
14:27950000-28050000	14	27950000	28050000	97	0.269566	0.299852	Vitvi14g01740	27989664	27993096	-	0	Vitvi14g01740	XP_003633829.2 transcription factor MYB98	4
14:27950000-28050000	14	27950000	28050000	97	0.269566	0.299852	Vitvi14g01741	27996223	28004268	-	0	Vitvi14g01741	XP_002273908.2 ATP-dependent RNA helicase-like protein DB10 isoform X1	8
14:27950000-28050000	14	27950000	28050000	97	0.269566	0.299852	Vitvi14g01742	28007197	28024100	+	0	Vitvi14g01742	XP_019080597.1 gamma-tubulin complex component 2 isoform X2	12
14:27950000-28050000	14	27950000	28050000	97	0.269566	0.299852	Vitvi14g01743	28024115	28037347	-	0	Vitvi14g01743	XP_010660894.1 DNA (cytosine-5)-methyltransferase DRM2	3
14:27950000-28050000	14	27950000	28050000	97	0.269566	0.299852	Vitvi14g01744	28039021	28045099	-	0	Vitvi14g01744	XP_010660896.1 shaggy-related protein kinase epsilon	6
14:27950000-28050000	14	27950000	28050000	97	0.269566	0.299852	Vitvi14g04627	27947531	27947800	-	2200	Vitvi14g04627	KAF3444629.1hypothetical protein FNV43_RR14322	
14:27950000-28050000	14	27950000	28050000	97	0.269566	0.299852	Vitvi14g01745	28053635	28056949	+	3635	Vitvi14g01745	XP_034706127.1polygalacturonase At1g48100	4
14:27950000-28050000	14	27950000	28050000	97	0.269566	0.299852	Vitvi14g01730	27917484	27943553	-	6447	Vitvi14g01730	XP_010660886.1 polyribonucleotide nucleotidyltransferase 2, mitochondrial	4
14:27950000-28050000	14	27950000	28050000	97	0.269566	0.299852	Vitvi14g01746	28056961	28070804	-	6961	Vitvi14g01746	XP_002276964.1 peptide deformylase 1B, chloroplastic	6
14:17350000-17450000	14	17350000	17450000	86	0.264552	0.291708	Vitvi14g00964	17357652	17362530	+	0	Vitvi14g00964	XP_002273909.1 U-box domain-containing protein 4 isoform X2	3
14:17350000-17450000	14	17350000	17450000	86	0.264552	0.291708	Vitvi14g04384	17379479	17380123	-	0	Vitvi14g04384	CAN67430.1hypothetical protein VITISV_001289	2
14:17350000-17450000	14	17350000	17450000	86	0.264552	0.291708	Vitvi14g04385	17380254	17380565	-	0	Vitvi14g04385	RVX03374.1hypothetical protein CK203_019928	
14:17350000-17450000	14	17350000	17450000	86	0.264552	0.291708	Vitvi14g00966	17404561	17406794	+	0	Vitvi14g00966	XP_003633704.1 probable aquaporin NIP-type	3
14:17350000-17450000	14	17350000	17450000	86	0.264552	0.291708	Vitvi14g04386	17451332	17452839	+	1332	Vitvi14g04386	XP_017974824.1 probable aquaporin NIP-type isoform X2	3
11:4950000-5200000	11	4950000	5200000	439	0.246894	0.289918	Vitvi11g00488	4961543	4968774	+	0	Vitvi11g00488	XP_002285317.1 thylakoid lumenal 16.5 kDa protein, chloroplastic	1
11:4950000-5200000	11	4950000	5200000	439	0.246894	0.289918	Vitvi11g00489	4969129	4976544	-	0	Vitvi11g00489	XP_002285323.1 methyl-CpG-binding domain-containing protein 11 isoform X1	2
11:4950000-5200000	11	4950000	5200000	439	0.246894	0.289918	Vitvi11g00492	5005935	5009749	+	0	Vitvi11g00492	XP_002285328.1 axial regulator YABBY 5	3
11:4950000-5200000	11	4950000	5200000	439	0.246894	0.289918	Vitvi11g00493	5020547	5028685	-	0	Vitvi11g00493	XP_002285333.1 BRCA1-associated protein isoform X2	6
11:4950000-5200000	11	4950000	5200000	439	0.246894	0.289918	Vitvi11g00494	5030325	5043361	-	0	Vitvi11g00494	XP_002282316.1 elongation factor Ts, mitochondrial	4
11:4950000-5200000	11	4950000	5200000	439	0.246894	0.289918	Vitvi11g00495	5044430	5063211	-	0	Vitvi11g00495	XP_010656454.1 topless-related protein 4 isoform X4	2
11:4950000-5200000	11	4950000	5200000	439	0.246894	0.289918	Vitvi11g00496	5079386	5080477	-	0	Vitvi11g00496	XP_002282327.1 beta-1,4-mannosyl-glycoprotein 4-beta-N-acetylglucosaminyltransferase	4
11:4950000-5200000	11	4950000	5200000	439	0.246894	0.289918	Vitvi11g04112	5080530	5085263	-	0	Vitvi11g04112	---NA---	
11:4950000-5200000	11	4950000	5200000	439	0.246894	0.289918	Vitvi11g00497	5088273	5089596	-	0	Vitvi11g00497	XP_002285354.1 auxin-responsive protein IAA9 isoform X1	4
11:4950000-5200000	11	4950000	5200000	439	0.246894	0.289918	Vitvi11g00498	5097896	5099996	+	0	Vitvi11g00498	XP_010656503.1 transcription factor MYB82-like	
11:4950000-5200000	11	4950000	5200000	439	0.246894	0.289918	Vitvi11g00499	5113415	5114296	+	0	Vitvi11g00499	RVW47504.1Transcription factor MYB82	3
11:4950000-5200000	11	4950000	5200000	439	0.246894	0.289918	Vitvi11g00500	5115345	5115551	-	0	Vitvi11g00500	XP_010656460.1 GTPase-activating protein GYP7-like	1
11:4950000-5200000	11	4950000	5200000	439	0.246894	0.289918	Vitvi11g00501	5121475	5121750	-	0	Vitvi11g00501	XP_010656459.1 TBC1 domain family member 17 isoform X2	5
11:4950000-5200000	11	4950000	5200000	439	0.246894	0.289918	Vitvi11g00502	5131674	5132698	+	0	Vitvi11g00502	XP_034699391.1transcription factor MYB82-like	
11:4950000-5200000	11	4950000	5200000	439	0.246894	0.289918	Vitvi11g00503	5137679	5162145	-	0	Vitvi11g00503	XP_002285365.1 TBC1 domain family member 17 isoform X3	4
11:4950000-5200000	11	4950000	5200000	439	0.246894	0.289918	Vitvi11g00505	5173474	5191642	+	0	Vitvi11g00505	XP_002282363.1 UDP-sugar transporter sqv-7	9
11:4950000-5200000	11	4950000	5200000	439	0.246894	0.289918	Vitvi11g01447	5198721	5200074	+	0	Vitvi11g01447	XP_010656461.1 U11/U12 small nuclear ribonucleoprotein 25 kDa protein-like	2
11:4950000-5200000	11	4950000	5200000	439	0.246894	0.289918	Vitvi11g00506	5203011	5207756	-	3011	Vitvi11g00506	XP_002285390.2 receptor-like serine/threonine-protein kinase At3g01300	3
11:4950000-5200000	11	4950000	5200000	439	0.246894	0.289918	Vitvi11g00487	4941808	4946957	-	3043	Vitvi11g00487	XP_002282272.1 glucan endo-1,3-beta-glucosidase 11	4
8:17650000-17800000	8	17650000	17800000	98	0.263088	0.288343	Vitvi08g01492	17634671	17650338	-	0	Vitvi08g01492	XP_010654342.1 transcription initiation factor TFIID subunit 12	5
8:17650000-17800000	8	17650000	17800000	98	0.263088	0.288343	Vitvi08g01493	17663044	17672750	+	0	Vitvi08g01493	XP_010654053.1 pleiotropic drug resistance protein 2	4
8:17650000-17800000	8	17650000	17800000	98	0.263088	0.288343	Vitvi08g01494	17675740	17677553	+	0	Vitvi08g01494	XP_034694887.1tyrosine-protein phosphatase RLPH2	1
8:17650000-17800000	8	17650000	17800000	98	0.263088	0.288343	Vitvi08g04318	17678191	17682975	+	0	Vitvi08g04318	RVX11947.1DEAD-box ATP-dependent RNA helicase 7	6
8:17650000-17800000	8	17650000	17800000	98	0.263088	0.288343	Vitvi08g01497	17684367	17728569	+	0	Vitvi08g01497	XP_010654050.1 1,4-alpha-glucan-branching enzyme 2-2, chloroplastic/amyloplastic isoform X1	7
8:17650000-17800000	8	17650000	17800000	98	0.263088	0.288343	Vitvi08g01498	17729492	17731764	-	0	Vitvi08g01498	XP_002277233.3 growth-regulating factor 3	5
8:17650000-17800000	8	17650000	17800000	98	0.263088	0.288343	Vitvi08g01499	17738162	17739915	+	0	Vitvi08g01499	XP_034694805.1 golgin subfamily A member 6-like protein 7	1
8:17650000-17800000	8	17650000	17800000	98	0.263088	0.288343	Vitvi08g04319	17755013	17755477	+	0	Vitvi08g04319	CBI30258.3unnamed protein product, partial	
8:17650000-17800000	8	17650000	17800000	98	0.263088	0.288343	Vitvi08g01500	17755583	17758486	+	0	Vitvi08g01500	XP_002277252.1PREDICTED: uncharacterized protein LOC100244201	
8:17650000-17800000	8	17650000	17800000	98	0.263088	0.288343	Vitvi08g01501	17769254	17769892	+	0	Vitvi08g01501	XP_010654049.1 dehydration-responsive element-binding protein 1F	4
8:17650000-17800000	8	17650000	17800000	98	0.263088	0.288343	Vitvi08g01502	17776586	17778720	+	0	Vitvi08g01502	XP_002283339.2 UPF0481 protein At3g47200	1
8:17650000-17800000	8	17650000	17800000	98	0.263088	0.288343	Vitvi08g04320	17786757	17787662	-	0	Vitvi08g04320	XP_034694154.1ethylene-responsive transcription factor ERF024-like	5
8:17650000-17800000	8	17650000	17800000	98	0.263088	0.288343	Vitvi08g01505	17803665	17805817	+	3665	Vitvi08g01505	XP_002277307.2 trihelix transcription factor PTL	1
1:12900000-12950000	1	12900000	12950000	63	0.287140	0.287140	Vitvi01g01048	12905846	12906870	-	0	Vitvi01g01048	XP_002271277.1PREDICTED: uncharacterized protein LOC100241338	1
1:12900000-12950000	1	12900000	12950000	63	0.287140	0.287140	Vitvi01g01049	12908355	12911650	+	0	Vitvi01g01049	XP_002268605.1 mitochondrial uncoupling protein 3	3
1:12900000-12950000	1	12900000	12950000	63	0.287140	0.287140	Vitvi01g01052	12957739	12960177	+	7739	Vitvi01g01052	XP_002268469.2 myb-related protein 306	1
17:13000000-13050000	17	13000000	13050000	52	0.284466	0.284466	Vitvi17g04281	13008136	13009943	+	0	Vitvi17g04281	RVW82923.1Calcium-transporting ATPase 10, plasma membrane-type	1
17:13000000-13050000	17	13000000	13050000	52	0.284466	0.284466	Vitvi17g04282	13011532	13013166	+	0	Vitvi17g04282	CAN67933.1hypothetical protein VITISV_006532	8
17:13000000-13050000	17	13000000	13050000	52	0.284466	0.284466	Vitvi17g01015	13016658	13031709	+	0	Vitvi17g01015	XP_034672674.1B3 domain-containing protein Os01g0905400-like	2
17:13000000-13050000	17	13000000	13050000	52	0.284466	0.284466	Vitvi17g01016	13032295	13033881	-	0	Vitvi17g01016	XP_002274703.1 adenine/guanine permease AZG2	6
17:13000000-13050000	17	13000000	13050000	52	0.284466	0.284466	Vitvi17g01017	13044250	13048005	+	0	Vitvi17g01017	XP_002274673.1 two-component response regulator ORR26 isoform X1	3
17:13000000-13050000	17	13000000	13050000	52	0.284466	0.284466	Vitvi17g01013	12987606	12991996	-	8004	Vitvi17g01013	XP_010663045.1 probable E3 ubiquitin-protein ligase makorin-2 isoform X1	
17:13000000-13050000	17	13000000	13050000	52	0.284466	0.284466	Vitvi17g01018	13059149	13080909	+	9149	Vitvi17g01018	XP_019082172.1 two-component response regulator ORR26-like isoform X2	3
12:8700000-8800000	12	8700000	8800000	89	0.251976	0.280833	Vitvi12g00655	8702415	8703530	+	0	Vitvi12g00655	XP_003633347.1PREDICTED: uncharacterized protein LOC100249395	
12:8700000-8800000	12	8700000	8800000	89	0.251976	0.280833	Vitvi12g00656	8706251	8711380	-	0	Vitvi12g00656	XP_002272993.1 heterogeneous nuclear ribonucleoprotein 1	1
12:8700000-8800000	12	8700000	8800000	89	0.251976	0.280833	Vitvi12g04216	8711583	8712467	-	0	Vitvi12g04216	---NA---	
12:8700000-8800000	12	8700000	8800000	89	0.251976	0.280833	Vitvi12g00657	8717018	8719014	+	0	Vitvi12g00657	XP_003633348.1 thymidine kinase	6
12:8700000-8800000	12	8700000	8800000	89	0.251976	0.280833	Vitvi12g00658	8719997	8722329	-	0	Vitvi12g00658	XP_002270802.2 BTB/POZ domain-containing protein At5g48130	2
12:8700000-8800000	12	8700000	8800000	89	0.251976	0.280833	Vitvi12g04217	8724753	8728977	-	0	Vitvi12g04217	CBI28411.3unnamed protein product, partial	3
12:8700000-8800000	12	8700000	8800000	89	0.251976	0.280833	Vitvi12g04218	8729310	8730504	-	0	Vitvi12g04218	RVW37531.1hypothetical protein CK203_073911	1
12:8700000-8800000	12	8700000	8800000	89	0.251976	0.280833	Vitvi12g00661	8731084	8732598	-	0	Vitvi12g00661	XP_002272703.1 protein DGCR14	
12:8700000-8800000	12	8700000	8800000	89	0.251976	0.280833	Vitvi12g00662	8736715	8737275	-	0	Vitvi12g00662	XP_034689186.1PH, RCC1 and FYVE domains-containing protein 1-like isoform X2	
12:8700000-8800000	12	8700000	8800000	89	0.251976	0.280833	Vitvi12g00664	8752118	8758437	+	0	Vitvi12g00664	XP_002272407.1 probable WRKY transcription factor 20 isoform X1	3
12:8700000-8800000	12	8700000	8800000	89	0.251976	0.280833	Vitvi12g00665	8758444	8761878	-	0	Vitvi12g00665	XP_002272334.1 scarecrow-like transcription factor PAT1	4
12:8700000-8800000	12	8700000	8800000	89	0.251976	0.280833	Vitvi12g00667	8781461	8786096	-	0	Vitvi12g00667	XP_010657431.2 zinc finger CCCH domain-containing protein 18 isoform X1	2
12:8700000-8800000	12	8700000	8800000	89	0.251976	0.280833	Vitvi12g04219	8798391	8798903	-	0	Vitvi12g04219	RVW97367.1Gypsy retrotransposon integrase-like protein 1	7
12:8700000-8800000	12	8700000	8800000	89	0.251976	0.280833	Vitvi12g00654	8696916	8698719	+	1281	Vitvi12g00654	XP_002262661.3 cytochrome b561 and DOMON domain-containing protein At2g04850	
12:8700000-8800000	12	8700000	8800000	89	0.251976	0.280833	Vitvi12g04220	8809425	8809886	-	9425	Vitvi12g04220	CAN66718.1hypothetical protein VITISV_027096	
18:5200000-5250000	18	5200000	5250000	33	0.275181	0.275181	Vitvi18g00485	5212061	5215496	+	0	Vitvi18g00485	XP_002283946.2 pentatricopeptide repeat-containing protein At5g27460	2
18:5200000-5250000	18	5200000	5250000	33	0.275181	0.275181	Vitvi18g02597	5215935	5216882	-	0	Vitvi18g02597	RVW17803.1Glutathione transferase GST 23	3
18:5200000-5250000	18	5200000	5250000	33	0.275181	0.275181	Vitvi18g00486	5218808	5234937	-	0	Vitvi18g00486	XP_002285714.1 phosphoribosylaminoimidazole-succinocarboxamide synthase, chloroplastic	2
18:5200000-5250000	18	5200000	5250000	33	0.275181	0.275181	Vitvi18g00487	5237822	5243364	+	0	Vitvi18g00487	XP_002285713.2 serine/threonine-protein kinase PEPKR2	9
18:5200000-5250000	18	5200000	5250000	33	0.275181	0.275181	Vitvi18g00488	5246246	5251352	+	0	Vitvi18g00488	XP_002285712.1 bet1-like protein At4g14600	2
18:5200000-5250000	18	5200000	5250000	33	0.275181	0.275181	Vitvi18g04099	5191298	5193573	+	6427	Vitvi18g04099	RVW76614.1Pentatricopeptide repeat-containing protein, mitochondrial	
18:5200000-5250000	18	5200000	5250000	33	0.275181	0.275181	Vitvi18g04100	5257278	5257709	-	7278	Vitvi18g04100	---NA---	
1:12700000-12750000	1	12700000	12750000	46	0.266808	0.266808	Vitvi01g04251	12700759	12707519	-	0	Vitvi01g04251	CBI31940.3unnamed protein product, partial	3
1:12700000-12750000	1	12700000	12750000	46	0.266808	0.266808	Vitvi01g01035	12712808	12713890	-	0	Vitvi01g01035	XP_002272064.1 photosynthetic NDH subunit of lumenal location 2, chloroplastic	6
1:12700000-12750000	1	12700000	12750000	46	0.266808	0.266808	Vitvi01g01036	12738433	12741279	+	0	Vitvi01g01036	XP_002272016.1 uncharacterized endoplasmic reticulum membrane protein C16E8.02	
1:12700000-12750000	1	12700000	12750000	46	0.266808	0.266808	Vitvi01g01037	12741986	12744136	-	0	Vitvi01g01037	XP_010651872.1 cytochrome P450 704B1	4
1:12700000-12750000	1	12700000	12750000	46	0.266808	0.266808	Vitvi01g01038	12745798	12747062	-	0	Vitvi01g01038	ALP48443.1NAC transcription factor 29	2
1:12700000-12750000	1	12700000	12750000	46	0.266808	0.266808	Vitvi01g01034	12692083	12699238	+	762	Vitvi01g01034	XP_010651896.1 KH domain-containing protein At4g18375 isoform X1	1
8:17300000-17550000	8	17300000	17550000	287	0.247642	0.264144	Vitvi08g02265	17295575	17300397	-	0	Vitvi08g02265	XP_003632646.2PREDICTED: uncharacterized protein LOC100855344 isoform X2	2
8:17300000-17550000	8	17300000	17550000	287	0.247642	0.264144	Vitvi08g01460	17301125	17304187	-	0	Vitvi08g01460	XP_002282617.2 glucosamine 6-phosphate N-acetyltransferase isoform X1	6
8:17300000-17550000	8	17300000	17550000	287	0.247642	0.264144	Vitvi08g01461	17305138	17309358	+	0	Vitvi08g01461	XP_002282626.1 iron-sulfur assembly protein IscA-like 2, mitochondrial isoform X2	2
8:17300000-17550000	8	17300000	17550000	287	0.247642	0.264144	Vitvi08g01462	17310203	17314343	-	0	Vitvi08g01462	XP_002282641.1 60S ribosomal protein L10a-1	5
8:17300000-17550000	8	17300000	17550000	287	0.247642	0.264144	Vitvi08g01463	17317294	17321451	-	0	Vitvi08g01463	XP_002282670.1 cytochrome b-c1 complex subunit 9	3
8:17300000-17550000	8	17300000	17550000	287	0.247642	0.264144	Vitvi08g01464	17325789	17335765	+	0	Vitvi08g01464	XP_002282694.1 protein CIA1	3
8:17300000-17550000	8	17300000	17550000	287	0.247642	0.264144	Vitvi08g01465	17338351	17339687	-	0	Vitvi08g01465	RVX11817.1Protein BIC1	1
8:17300000-17550000	8	17300000	17550000	287	0.247642	0.264144	Vitvi08g01466	17343326	17345371	+	0	Vitvi08g01466	XP_002276764.2 putative pentatricopeptide repeat-containing protein At2g01510	2
8:17300000-17550000	8	17300000	17550000	287	0.247642	0.264144	Vitvi08g01467	17346357	17357627	-	0	Vitvi08g01467	XP_002282740.1 cell division protein FtsZ homolog 2-1, chloroplastic	4
8:17300000-17550000	8	17300000	17550000	287	0.247642	0.264144	Vitvi08g01468	17359818	17364572	+	0	Vitvi08g01468	XP_002282752.2 iron-sulfur assembly protein IscA-like 1, mitochondrial	4
8:17300000-17550000	8	17300000	17550000	287	0.247642	0.264144	Vitvi08g04308	17368859	17369206	+	0	Vitvi08g04308	---NA---	
8:17300000-17550000	8	17300000	17550000	287	0.247642	0.264144	Vitvi08g04309	17369824	17370355	+	0	Vitvi08g04309	RVW48113.1F-box/LRR-repeat protein	
8:17300000-17550000	8	17300000	17550000	287	0.247642	0.264144	Vitvi08g01469	17370393	17371658	+	0	Vitvi08g01469	XP_002282758.1 F-box/LRR-repeat protein At1g67190	1
8:17300000-17550000	8	17300000	17550000	287	0.247642	0.264144	Vitvi08g04310	17372849	17373142	+	0	Vitvi08g04310	RVW48113.1F-box/LRR-repeat protein	
8:17300000-17550000	8	17300000	17550000	287	0.247642	0.264144	Vitvi08g01470	17374912	17380869	-	0	Vitvi08g01470	XP_010654080.1 protein ABSCISIC ACID-INSENSITIVE 5	4
8:17300000-17550000	8	17300000	17550000	287	0.247642	0.264144	Vitvi08g01471	17385641	17386656	+	0	Vitvi08g01471	XP_002282767.3 germin-like protein subfamily 3 member 2	1
8:17300000-17550000	8	17300000	17550000	287	0.247642	0.264144	Vitvi08g01472	17387004	17392046	-	0	Vitvi08g01472	XP_002282804.2PREDICTED: uncharacterized protein LOC100263058	
8:17300000-17550000	8	17300000	17550000	287	0.247642	0.264144	Vitvi08g01473	17404751	17405791	+	0	Vitvi08g01473	NP_001267931.1TFL1B protein	12
8:17300000-17550000	8	17300000	17550000	287	0.247642	0.264144	Vitvi08g04311	17410099	17410476	-	0	Vitvi08g04311	CAN61195.1hypothetical protein VITISV_028346	1
8:17300000-17550000	8	17300000	17550000	287	0.247642	0.264144	Vitvi08g01474	17410276	17418062	-	0	Vitvi08g01474	XP_003632643.1 protein YIPF5 homolog	1
8:17300000-17550000	8	17300000	17550000	287	0.247642	0.264144	Vitvi08g01475	17419454	17429313	+	0	Vitvi08g01475	XP_010654074.1 CAAX prenyl protease 2 isoform X1	3
8:17300000-17550000	8	17300000	17550000	287	0.247642	0.264144	Vitvi08g02266	17432015	17433431	-	0	Vitvi08g02266	RVX11776.1Protein LITTLE ZIPPER 4	
8:17300000-17550000	8	17300000	17550000	287	0.247642	0.264144	Vitvi08g04312	17437506	17437997	-	0	Vitvi08g04312	---NA---	
8:17300000-17550000	8	17300000	17550000	287	0.247642	0.264144	Vitvi08g02267	17438689	17443488	-	0	Vitvi08g02267	XP_002282873.1 acyl carrier protein 2, mitochondrial	4
8:17300000-17550000	8	17300000	17550000	287	0.247642	0.264144	Vitvi08g02268	17446013	17447913	-	0	Vitvi08g02268	XP_002276885.2 probable purple acid phosphatase 20	3
8:17300000-17550000	8	17300000	17550000	287	0.247642	0.264144	Vitvi08g04313	17452013	17453943	-	0	Vitvi08g04313	XP_002276913.1 probable purple acid phosphatase 20 isoform X1	3
8:17300000-17550000	8	17300000	17550000	287	0.247642	0.264144	Vitvi08g01476	17460849	17463428	+	0	Vitvi08g01476	XP_002276940.2 purple acid phosphatase 22	2
8:17300000-17550000	8	17300000	17550000	287	0.247642	0.264144	Vitvi08g02270	17464255	17465589	-	0	Vitvi08g02270	XP_002282913.1 zinc finger A20 and AN1 domain-containing stress-associated protein 4	2
8:17300000-17550000	8	17300000	17550000	287	0.247642	0.264144	Vitvi08g04314	17477874	17482535	+	0	Vitvi08g04314	XP_010654066.1 solute carrier family 35 member F1	3
8:17300000-17550000	8	17300000	17550000	287	0.247642	0.264144	Vitvi08g01478	17483871	17493784	+	0	Vitvi08g01478	XP_010654068.1 solute carrier family 35 member F2	3
8:17300000-17550000	8	17300000	17550000	287	0.247642	0.264144	Vitvi08g01480	17495227	17501148	+	0	Vitvi08g01480	XP_010654063.1 solute carrier family 35 member F1 isoform X1	3
8:17300000-17550000	8	17300000	17550000	287	0.247642	0.264144	Vitvi08g04315	17503157	17503715	+	0	Vitvi08g04315	RVX11834.1hypothetical protein CK203_009577	2
8:17300000-17550000	8	17300000	17550000	287	0.247642	0.264144	Vitvi08g01481	17510701	17535966	-	0	Vitvi08g01481	XP_002277002.1 BTB/POZ domain-containing protein FBL11 isoform X1	1
8:17300000-17550000	8	17300000	17550000	287	0.247642	0.264144	Vitvi08g01482	17538262	17545834	-	0	Vitvi08g01482	XP_002277025.2 serine/threonine-protein kinase D6PKL1	3
8:17300000-17550000	8	17300000	17550000	287	0.247642	0.264144	Vitvi08g01459	17283409	17294909	+	5091	Vitvi08g01459	XP_010654088.1PREDICTED: uncharacterized protein At5g03900, chloroplastic isoform X1	2
8:17300000-17550000	8	17300000	17550000	287	0.247642	0.264144	Vitvi08g01483	17559290	17567484	+	9290	Vitvi08g01483	RVX11832.1Monodehydroascorbate reductase	9
14:1200000-1250000	14	1200000	1250000	78	0.260702	0.260702	Vitvi14g04042	1202781	1203296	-	0	Vitvi14g04042	XP_019080459.1PREDICTED: uncharacterized protein LOC100261473	
14:1200000-1250000	14	1200000	1250000	78	0.260702	0.260702	Vitvi14g04043	1208699	1209114	-	0	Vitvi14g04043	XP_010659663.1PREDICTED: uncharacterized protein LOC100256166	
14:1200000-1250000	14	1200000	1250000	78	0.260702	0.260702	Vitvi14g02493	1217341	1217841	-	0	Vitvi14g02493	XP_002283314.1PREDICTED: uncharacterized protein LOC100252793	
14:1200000-1250000	14	1200000	1250000	78	0.260702	0.260702	Vitvi14g02494	1226269	1226760	-	0	Vitvi14g02494	XP_010659661.1PREDICTED: uncharacterized protein LOC100251008	
14:1200000-1250000	14	1200000	1250000	78	0.260702	0.260702	Vitvi14g02495	1229714	1230223	-	0	Vitvi14g02495	XP_002283330.1PREDICTED: uncharacterized protein LOC100247685	
14:1200000-1250000	14	1200000	1250000	78	0.260702	0.260702	Vitvi14g04044	1232017	1233201	-	0	Vitvi14g04044	CAN77269.1hypothetical protein VITISV_022053	1
14:1200000-1250000	14	1200000	1250000	78	0.260702	0.260702	Vitvi14g02497	1235252	1236303	-	0	Vitvi14g02497	XP_002283342.1PREDICTED: uncharacterized protein LOC100242551	
14:1200000-1250000	14	1200000	1250000	78	0.260702	0.260702	Vitvi14g04045	1238170	1238646	-	0	Vitvi14g04045	XP_002283350.1PREDICTED: uncharacterized protein LOC100264841	
14:1200000-1250000	14	1200000	1250000	78	0.260702	0.260702	Vitvi14g00147	1240506	1242534	-	0	Vitvi14g00147	RVW97796.1Bidirectional sugar transporter SWEET17	2
14:1200000-1250000	14	1200000	1250000	78	0.260702	0.260702	Vitvi14g04046	1245819	1246504	-	0	Vitvi14g04046	XP_019080342.1 bidirectional sugar transporter SWEET17-like	2
14:1200000-1250000	14	1200000	1250000	78	0.260702	0.260702	Vitvi14g00148	1249122	1250749	-	0	Vitvi14g00148	RVW97798.1Bidirectional sugar transporter SWEET17	3
14:1200000-1250000	14	1200000	1250000	78	0.260702	0.260702	Vitvi14g02491	1197191	1197721	-	2279	Vitvi14g02491	XP_019080288.1PREDICTED: uncharacterized protein LOC109123816	
14:1200000-1250000	14	1200000	1250000	78	0.260702	0.260702	Vitvi14g04047	1255062	1255532	-	5062	Vitvi14g04047	XP_019080516.1 bidirectional sugar transporter SWEET16-like	2
14:1200000-1250000	14	1200000	1250000	78	0.260702	0.260702	Vitvi14g02490	1192152	1192676	-	7324	Vitvi14g02490	RVW60363.1hypothetical protein CK203_089864	1
14:1200000-1250000	14	1200000	1250000	78	0.260702	0.260702	Vitvi14g00149	1257540	1260395	-	7540	Vitvi14g00149	XP_002279031.1 bidirectional sugar transporter SWEET16	4
2:4150000-4200000	2	4150000	4200000	32	0.253898	0.253898	Vitvi02g00443	4151772	4153985	-	0	Vitvi02g00443	XP_019081758.1 subtilisin-like protease SBT1.2	2
2:4150000-4200000	2	4150000	4200000	32	0.253898	0.253898	Vitvi02g00444	4155046	4162077	+	0	Vitvi02g00444	XP_002281850.1 copper chaperone for superoxide dismutase, chloroplastic/cytosolic	2
2:4150000-4200000	2	4150000	4200000	32	0.253898	0.253898	Vitvi02g04105	4162239	4162620	+	0	Vitvi02g04105	RVX09025.1Copper chaperone for superoxide dismutase, chloroplastic/cytosolic	2
2:4150000-4200000	2	4150000	4200000	32	0.253898	0.253898	Vitvi02g00445	4163097	4167495	-	0	Vitvi02g00445	XP_019072974.1 nudix hydrolase 14, chloroplastic isoform X1	1
2:4150000-4200000	2	4150000	4200000	32	0.253898	0.253898	Vitvi02g00446	4177372	4178997	-	0	Vitvi02g00446	XP_003631427.1 geraniol 8-hydroxylase	3
2:4150000-4200000	2	4150000	4200000	32	0.253898	0.253898	Vitvi02g04106	4179056	4181786	-	0	Vitvi02g04106	RVW97965.1hypothetical protein CK203_021283	
2:4150000-4200000	2	4150000	4200000	32	0.253898	0.253898	Vitvi02g04107	4183523	4183903	-	0	Vitvi02g04107	XP_034687327.1mediator of RNA polymerase II transcription subunit 25	
2:4150000-4200000	2	4150000	4200000	32	0.253898	0.253898	Vitvi02g04108	4185222	4185479	-	0	Vitvi02g04108	XP_010650885.1 potassium transporter 1	3
2:4150000-4200000	2	4150000	4200000	32	0.253898	0.253898	Vitvi02g04109	4185779	4186000	-	0	Vitvi02g04109	XP_010650885.1 potassium transporter 1	7
2:4150000-4200000	2	4150000	4200000	32	0.253898	0.253898	Vitvi02g04110	4193324	4193943	+	0	Vitvi02g04110	RVX15477.1Cytochrome P450 76C4	4
2:4150000-4200000	2	4150000	4200000	32	0.253898	0.253898	Vitvi02g01414	4196165	4197025	+	0	Vitvi02g01414	CBI34789.3unnamed protein product, partial	1
2:4150000-4200000	2	4150000	4200000	32	0.253898	0.253898	Vitvi02g04111	4197131	4198784	+	0	Vitvi02g04111	XP_010658029.1 ripening-related P-450 enzyme-like isoform X1	3
2:4150000-4200000	2	4150000	4200000	32	0.253898	0.253898	Vitvi02g04112	4200058	4200533	+	58	Vitvi02g04112	RVX15474.1Geraniol 8-hydroxylase	4
2:4150000-4200000	2	4150000	4200000	32	0.253898	0.253898	Vitvi02g04113	4201032	4202687	+	1032	Vitvi02g04113	XP_034709697.1geraniol 8-hydroxylase-like	3
2:4150000-4200000	2	4150000	4200000	32	0.253898	0.253898	Vitvi02g01413	4138872	4141106	-	8894	Vitvi02g01413	XP_002275410.2 subtilisin-like protease SBT1.2	2
7:26200000-26250000	7	26200000	26250000	35	0.253609	0.253609	Vitvi07g01838	26192275	26204130	+	0	Vitvi07g01838	XP_002279867.1 developmentally-regulated G-protein 3 isoform X2	4
7:26200000-26250000	7	26200000	26250000	35	0.253609	0.253609	Vitvi07g04738	26205707	26206908	+	0	Vitvi07g04738	CAN65823.1hypothetical protein VITISV_023101	4
7:26200000-26250000	7	26200000	26250000	35	0.253609	0.253609	Vitvi07g02691	26208482	26211653	-	0	Vitvi07g02691	XP_002279833.1PREDICTED: uncharacterized protein LOC100245593 isoform X1	
7:26200000-26250000	7	26200000	26250000	35	0.253609	0.253609	Vitvi07g01840	26217964	26223996	+	0	Vitvi07g01840	XP_002279804.1 ABC transporter F family member 5	3
7:26200000-26250000	7	26200000	26250000	35	0.253609	0.253609	Vitvi07g01841	26225571	26229372	+	0	Vitvi07g01841	XP_019076612.1 programmed cell death protein 2-like	1
7:26200000-26250000	7	26200000	26250000	35	0.253609	0.253609	Vitvi07g01842	26232943	26234379	-	0	Vitvi07g01842	XP_010653011.1 alkane hydroxylase MAH1	4
7:26200000-26250000	7	26200000	26250000	35	0.253609	0.253609	Vitvi07g02692	26235542	26239453	-	0	Vitvi07g02692	XP_010652863.1 alkane hydroxylase MAH1	4
7:26200000-26250000	7	26200000	26250000	35	0.253609	0.253609	Vitvi07g01843	26246309	26247895	-	0	Vitvi07g01843	XP_002275905.3 alkane hydroxylase MAH1	4
7:26200000-26250000	7	26200000	26250000	35	0.253609	0.253609	Vitvi07g04739	26250876	26251112	-	876	Vitvi07g04739	XP_028099392.1alkane hydroxylase MAH1-like	5
7:26200000-26250000	7	26200000	26250000	35	0.253609	0.253609	Vitvi07g01844	26257691	26259214	-	7691	Vitvi07g01844	XP_002279531.1 alkane hydroxylase MAH1	5
1:11450000-11500000	1	11450000	11500000	20	0.253540	0.253540	Vitvi01g04231	11452403	11452861	+	0	Vitvi01g04231	RVW80620.1E3 ubiquitin-protein ligase SIRP1	1
1:11450000-11500000	1	11450000	11500000	20	0.253540	0.253540	Vitvi01g02119	11466885	11467604	+	0	Vitvi01g02119	RVW80617.1 E3 ubiquitin-protein ligase RING1-like	1
1:11450000-11500000	1	11450000	11500000	20	0.253540	0.253540	Vitvi01g02120	11470587	11471306	+	0	Vitvi01g02120	XP_010653528.1 E3 ubiquitin-protein ligase RNF130-like	1
1:11450000-11500000	1	11450000	11500000	20	0.253540	0.253540	Vitvi01g04232	11474617	11475075	+	0	Vitvi01g04232	RVW80622.1E3 ubiquitin-protein ligase RING1-like	1
1:11450000-11500000	1	11450000	11500000	20	0.253540	0.253540	Vitvi01g00950	11491102	11493208	+	0	Vitvi01g00950	XP_010652339.2PREDICTED: uncharacterized protein LOC104879808	
1:11450000-11500000	1	11450000	11500000	20	0.253540	0.253540	Vitvi01g02118	11448767	11449486	+	514	Vitvi01g02118	RVW80619.1E3 ubiquitin-protein ligase RING1-like	1
17:17350000-17400000	17	17350000	17400000	46	0.252987	0.252987	Vitvi17g01651	17358269	17359844	-	0	Vitvi17g01651	XP_010663957.1 uclacyanin 1	4
17:17350000-17400000	17	17350000	17400000	46	0.252987	0.252987	Vitvi17g04340	17382816	17383992	+	0	Vitvi17g04340	CAN79879.1hypothetical protein VITISV_030103	1
17:17350000-17400000	17	17350000	17400000	46	0.252987	0.252987	Vitvi17g01202	17385186	17385688	+	0	Vitvi17g01202	XP_034673419.1methylthioribose-1-phosphate isomerase-like	1
17:17350000-17400000	17	17350000	17400000	46	0.252987	0.252987	Vitvi17g01650	17346515	17347378	-	2622	Vitvi17g01650	XP_010663956.1PREDICTED: uncharacterized protein LOC104882441	
17:17350000-17400000	17	17350000	17400000	46	0.252987	0.252987	Vitvi17g04341	17405127	17405585	+	5127	Vitvi17g04341	CAN71539.1hypothetical protein VITISV_030084	2
17:17350000-17400000	17	17350000	17400000	46	0.252987	0.252987	Vitvi17g04342	17405609	17407689	+	5609	Vitvi17g04342	CAN71539.1hypothetical protein VITISV_030084	
17:17350000-17400000	17	17350000	17400000	46	0.252987	0.252987	Vitvi17g04343	17408026	17408631	+	8026	Vitvi17g04343	CAN71538.1hypothetical protein VITISV_030083	4
1:12450000-12500000	1	12450000	12500000	67	0.251755	0.251755	Vitvi01g04248	12447700	12451266	+	0	Vitvi01g04248	---NA---	
1:12450000-12500000	1	12450000	12500000	67	0.251755	0.251755	Vitvi01g01022	12451670	12459822	+	0	Vitvi01g01022	XP_002269607.1 beta-1,3-galactosyltransferase GALT1	6
1:12450000-12500000	1	12450000	12500000	67	0.251755	0.251755	Vitvi01g01023	12471581	12472537	+	0	Vitvi01g01023	XP_002273461.1 E3 ubiquitin-protein ligase RING1-like	3
1:12450000-12500000	1	12450000	12500000	67	0.251755	0.251755	Vitvi01g01024	12474899	12476707	-	0	Vitvi01g01024	XP_010651953.1 myb family transcription factor PHL8	3
1:12450000-12500000	1	12450000	12500000	67	0.251755	0.251755	Vitvi01g01021	12440718	12442250	+	7750	Vitvi01g01021	XP_002275271.1 extracellular ribonuclease LE	6
8:18150000-18200000	8	18150000	18200000	30	0.250392	0.250392	Vitvi08g01537	18148635	18151125	+	0	Vitvi08g01537	XP_034694482.1leucine-rich repeat receptor-like protein kinase PXC1	7
8:18150000-18200000	8	18150000	18200000	30	0.250392	0.250392	Vitvi08g01538	18151136	18161129	-	0	Vitvi08g01538	XP_002277826.1PREDICTED: uncharacterized protein LOC100264768 isoform X2	6
8:18150000-18200000	8	18150000	18200000	30	0.250392	0.250392	Vitvi08g01539	18162121	18170459	+	0	Vitvi08g01539	XP_002283911.1 pyruvate kinase 1, cytosolic	7
8:18150000-18200000	8	18150000	18200000	30	0.250392	0.250392	Vitvi08g01540	18171513	18172991	-	0	Vitvi08g01540	XP_019076932.1 stress response protein NST1	4
8:18150000-18200000	8	18150000	18200000	30	0.250392	0.250392	Vitvi08g04335	18171976	18173535	-	0	Vitvi08g04335	RVX11924.1hypothetical protein CK203_009479	
8:18150000-18200000	8	18150000	18200000	30	0.250392	0.250392	Vitvi08g01542	18182702	18186966	+	0	Vitvi08g01542	XP_002283923.1 F-box protein PP2-A15 isoform X2	1
8:18150000-18200000	8	18150000	18200000	30	0.250392	0.250392	Vitvi08g04336	18187214	18191388	+	0	Vitvi08g04336	RVW48170.1F-box protein PP2-A15	4
8:18150000-18200000	8	18150000	18200000	30	0.250392	0.250392	Vitvi08g01543	18191711	18192938	+	0	Vitvi08g01543	RVW48170.1F-box protein PP2-A15	5
8:18150000-18200000	8	18150000	18200000	30	0.250392	0.250392	Vitvi08g01544	18196216	18199903	-	0	Vitvi08g01544	RVW48171.160S ribosomal protein L24	6
8:18150000-18200000	8	18150000	18200000	30	0.250392	0.250392	Vitvi08g01545	18200269	18207743	+	269	Vitvi08g01545	XP_002277869.1 serine/threonine-protein kinase SRPK isoform X1	8
8:18150000-18200000	8	18150000	18200000	30	0.250392	0.250392	Vitvi08g02281	18142841	18143251	-	6749	Vitvi08g02281	XP_002277804.1 auxin-responsive protein SAUR50	1
8:18150000-18200000	8	18150000	18200000	30	0.250392	0.250392	Vitvi08g01536	18127968	18140332	+	9668	Vitvi08g01536	XP_002277784.1 probable 3-deoxy-D-manno-octulosonic acid transferase, mitochondrial isoform X1	1
1:10900000-10950000	1	10900000	10950000	29	0.250103	0.250103	Vitvi01g00916	10900295	10901456	-	0	Vitvi01g00916	XP_003631284.1PREDICTED: uncharacterized protein At1g27050	1
1:10900000-10950000	1	10900000	10950000	29	0.250103	0.250103	Vitvi01g00917	10905489	10907098	+	0	Vitvi01g00917	XP_003631283.1PREDICTED: uncharacterized protein LOC100853229	2
1:10900000-10950000	1	10900000	10950000	29	0.250103	0.250103	Vitvi01g00918	10912250	10914859	-	0	Vitvi01g00918	XP_002269605.2 homeobox-leucine zipper protein HAT5	5
1:10900000-10950000	1	10900000	10950000	29	0.250103	0.250103	Vitvi01g04219	10917434	10917781	+	0	Vitvi01g04219	---NA---	
1:10900000-10950000	1	10900000	10950000	29	0.250103	0.250103	Vitvi01g04220	10941427	10944972	+	0	Vitvi01g04220	---NA---	
1:10900000-10950000	1	10900000	10950000	29	0.250103	0.250103	Vitvi01g00919	10945263	10947110	+	0	Vitvi01g00919	XP_003631282.1 putative pentatricopeptide repeat-containing protein At5g40405	2
1:10900000-10950000	1	10900000	10950000	29	0.250103	0.250103	Vitvi01g00915	10895630	10898793	-	1207	Vitvi01g00915	XP_010652533.1 ultraviolet-B receptor UVR8 isoform X1	
1:10900000-10950000	1	10900000	10950000	29	0.250103	0.250103	Vitvi01g00921	10954740	10958977	+	4740	Vitvi01g00921	XP_010652497.1 protein NRT1/ PTR FAMILY 4.6	3
1:10900000-10950000	1	10900000	10950000	29	0.250103	0.250103	Vitvi01g00914	10888780	10895069	+	4931	Vitvi01g00914	XP_034701003.1protein PTST homolog 2, chloroplastic isoform X1	4
1:10900000-10950000	1	10900000	10950000	29	0.250103	0.250103	Vitvi01g00922	10959705	10961342	-	9705	Vitvi01g00922	RVW31287.1Aldehyde oxidase GLOX	
7:2300000-2400000	7	2300000	2400000	80	0.232800	0.248571	Vitvi07g00199	2294136	2322545	+	0	Vitvi07g00199	XP_010652101.1 piezo-type mechanosensitive ion channel homolog isoform X1	2
7:2300000-2400000	7	2300000	2400000	80	0.232800	0.248571	Vitvi07g04048	2322740	2323931	+	0	Vitvi07g04048	---NA---	
7:2300000-2400000	7	2300000	2400000	80	0.232800	0.248571	Vitvi07g00200	2325527	2327423	-	0	Vitvi07g00200	XP_002273070.2 methyl-CpG-binding domain-containing protein 4 isoform X1	3
7:2300000-2400000	7	2300000	2400000	80	0.232800	0.248571	Vitvi07g04049	2341518	2342354	+	0	Vitvi07g04049	---NA---	
7:2300000-2400000	7	2300000	2400000	80	0.232800	0.248571	Vitvi07g00201	2344065	2346044	+	0	Vitvi07g00201	XP_010652098.1 transmembrane 9 superfamily member 11	1
7:2300000-2400000	7	2300000	2400000	80	0.232800	0.248571	Vitvi07g00202	2349613	2352823	+	0	Vitvi07g00202	XP_002271044.2PREDICTED: uncharacterized protein LOC100247717	3
7:2300000-2400000	7	2300000	2400000	80	0.232800	0.248571	Vitvi07g00203	2354313	2356433	+	0	Vitvi07g00203	XP_002271002.1 probable indole-3-acetic acid-amido synthetase GH3.6	2
7:2300000-2400000	7	2300000	2400000	80	0.232800	0.248571	Vitvi07g00204	2357708	2362331	+	0	Vitvi07g00204	XP_019076585.1 plastidial lipoyltransferase 2	4
7:2300000-2400000	7	2300000	2400000	80	0.232800	0.248571	Vitvi07g00205	2364137	2373541	+	0	Vitvi07g00205	XP_002272540.1 bystin	5
7:2300000-2400000	7	2300000	2400000	80	0.232800	0.248571	Vitvi07g00207	2374803	2379803	-	0	Vitvi07g00207	XP_002270927.2 sugar transporter ERD6-like 7	4
7:2300000-2400000	7	2300000	2400000	80	0.232800	0.248571	Vitvi07g00208	2383856	2385691	-	0	Vitvi07g00208	XP_003632362.1 probable LRR receptor-like serine/threonine-protein kinase RKF3	3
7:2300000-2400000	7	2300000	2400000	80	0.232800	0.248571	Vitvi07g00209	2396297	2399878	+	0	Vitvi07g00209	XP_002270886.3 receptor-like cytosolic serine/threonine-protein kinase RBK2	3
7:2300000-2400000	7	2300000	2400000	80	0.232800	0.248571	Vitvi07g00210	2401747	2409781	+	1747	Vitvi07g00210	XP_002270856.1 autophagy-related protein 18g	2
7:2300000-2400000	7	2300000	2400000	80	0.232800	0.248571	Vitvi07g00198	2288672	2291264	-	8736	Vitvi07g00198	XP_034691367.1protein RESISTANCE TO PHYTOPHTHORA 1, chloroplastic isoform X2	3
14:17950000-18000000	14	17950000	18000000	97	0.247294	0.247294	Vitvi14g00992	17907592	17950581	+	0	Vitvi14g00992	XP_002272712.1 protein AAR2 homolog isoform X2	1
14:17950000-18000000	14	17950000	18000000	97	0.247294	0.247294	Vitvi14g00994	17968506	17983501	+	0	Vitvi14g00994	RVW45750.1hypothetical protein CK203_094985	1
14:17950000-18000000	14	17950000	18000000	97	0.247294	0.247294	Vitvi14g00995	17991135	17992108	-	0	Vitvi14g00995	RVW45747.1Heavy metal-associated isoprenylated plant protein 37	1
14:17950000-18000000	14	17950000	18000000	97	0.247294	0.247294	Vitvi14g00996	17998692	18002596	+	0	Vitvi14g00996	XP_002272413.2 beta-glucosidase 44	2
12:9200000-9250000	12	9200000	9250000	47	0.244946	0.244946	Vitvi12g02491	9200323	9208614	-	0	Vitvi12g02491	XP_003633343.1 receptor-like protein 12	1
12:9200000-9250000	12	9200000	9250000	47	0.244946	0.244946	Vitvi12g04238	9208624	9209001	-	0	Vitvi12g04238	RVW37524.1Receptor-like protein 12	
12:9200000-9250000	12	9200000	9250000	47	0.244946	0.244946	Vitvi12g04239	9209837	9210901	-	0	Vitvi12g04239	RVW95222.1Receptor-like protein 12	1
12:9200000-9250000	12	9200000	9250000	47	0.244946	0.244946	Vitvi12g02492	9212577	9213734	-	0	Vitvi12g02492	XP_034700977.1receptor-like protein 7	1
12:9200000-9250000	12	9200000	9250000	47	0.244946	0.244946	Vitvi12g04240	9214420	9215451	-	0	Vitvi12g04240	CAN66864.1hypothetical protein VITISV_022039	1
12:9200000-9250000	12	9200000	9250000	47	0.244946	0.244946	Vitvi12g00704	9220975	9233370	-	0	Vitvi12g00704	XP_010657456.1 transcription initiation factor TFIID subunit 15b	1
12:9200000-9250000	12	9200000	9250000	47	0.244946	0.244946	Vitvi12g00705	9234469	9238772	-	0	Vitvi12g00705	XP_010657459.1 glucan endo-1,3-beta-glucosidase 9	2
12:9200000-9250000	12	9200000	9250000	47	0.244946	0.244946	Vitvi12g00706	9240136	9246658	+	0	Vitvi12g00706	XP_003633330.1 mitochondrial import inner membrane translocase subunit TIM50	4
12:9200000-9250000	12	9200000	9250000	47	0.244946	0.244946	Vitvi12g00707	9252008	9256761	+	2008	Vitvi12g00707	XP_002269014.1 transcriptional regulator STERILE APETALA isoform X1	1
12:9200000-9250000	12	9200000	9250000	47	0.244946	0.244946	Vitvi12g00709	9259027	9266228	-	9027	Vitvi12g00709	XP_010657463.1 transcriptional adapter ADA2	8
14:8300000-8350000	14	8300000	8350000	124	0.242872	0.242872	Vitvi14g00537	8292216	8293483	-	6517	Vitvi14g00537	XP_002270211.1 histone H1	9
6:20450000-20550000	6	20450000	20550000	158	0.228747	0.239538	Vitvi06g01498	20461032	20477789	-	0	Vitvi06g01498	XP_002275292.1 protein transport protein Sec24-like At3g07100	6
6:20450000-20550000	6	20450000	20550000	158	0.228747	0.239538	Vitvi06g01499	20487203	20487931	-	0	Vitvi06g01499	XP_010651880.1 asparagine--tRNA ligase, cytoplasmic 1	5
6:20450000-20550000	6	20450000	20550000	158	0.228747	0.239538	Vitvi06g04442	20487952	20489058	-	0	Vitvi06g04442	RVW33492.1Asparagine--tRNA ligase, cytoplasmic 1	3
6:20450000-20550000	6	20450000	20550000	158	0.228747	0.239538	Vitvi06g04443	20489150	20489368	-	0	Vitvi06g04443	CAN62126.1hypothetical protein VITISV_037579	5
6:20450000-20550000	6	20450000	20550000	158	0.228747	0.239538	Vitvi06g01962	20492250	20499693	+	0	Vitvi06g01962	XP_002275041.1PREDICTED: uncharacterized protein At2g27730, mitochondrial	1
6:20450000-20550000	6	20450000	20550000	158	0.228747	0.239538	Vitvi06g01501	20500062	20506731	-	0	Vitvi06g01501	XP_002275011.1 eukaryotic initiation factor 4A-3	5
6:20450000-20550000	6	20450000	20550000	158	0.228747	0.239538	Vitvi06g01502	20510229	20520823	+	0	Vitvi06g01502	XP_002274913.1 N-carbamoylputrescine amidase	2
6:20450000-20550000	6	20450000	20550000	158	0.228747	0.239538	Vitvi06g01503	20519490	20520416	-	0	Vitvi06g01503	XP_010651876.1 suppressor protein SRP40	
6:20450000-20550000	6	20450000	20550000	158	0.228747	0.239538	Vitvi06g01504	20521782	20529584	-	0	Vitvi06g01504	XP_010651877.1 rho GTPase-activating protein 5	2
6:20450000-20550000	6	20450000	20550000	158	0.228747	0.239538	Vitvi06g01505	20536700	20537254	-	0	Vitvi06g01505	XP_002274717.1PREDICTED: uncharacterized protein LOC100265664	1
6:20450000-20550000	6	20450000	20550000	158	0.228747	0.239538	Vitvi06g01963	20556476	20558284	-	6476	Vitvi06g01963	XP_010651875.1PREDICTED: uncharacterized protein LOC104879734	1
7:3350000-3550000	7	3350000	3550000	171	0.231826	0.238113	Vitvi07g00302	3349617	3354014	-	0	Vitvi07g00302	XP_002267274.1 translocase of chloroplast 159, chloroplastic	5
7:3350000-3550000	7	3350000	3550000	171	0.231826	0.238113	Vitvi07g04073	3359159	3360457	+	0	Vitvi07g04073	RVX20474.1hypothetical protein CK203_002890	
7:3350000-3550000	7	3350000	3550000	171	0.231826	0.238113	Vitvi07g00303	3363046	3389991	+	0	Vitvi07g00303	XP_010652173.1PREDICTED: uncharacterized protein LOC100260666	3
7:3350000-3550000	7	3350000	3550000	171	0.231826	0.238113	Vitvi07g00306	3391753	3395032	+	0	Vitvi07g00306	XP_002264561.1 thiamine pyrophosphokinase 1 isoform X2	8
7:3350000-3550000	7	3350000	3550000	171	0.231826	0.238113	Vitvi07g00307	3396192	3405305	+	0	Vitvi07g00307	XP_010652175.1 DNA mismatch repair protein PMS1	5
7:3350000-3550000	7	3350000	3550000	171	0.231826	0.238113	Vitvi07g00308	3406605	3410420	+	0	Vitvi07g00308	XP_002264738.1 probable U6 snRNA-associated Sm-like protein LSm4	21
7:3350000-3550000	7	3350000	3550000	171	0.231826	0.238113	Vitvi07g00309	3410430	3417775	-	0	Vitvi07g00309	XP_002264804.1 WD repeat-containing protein 89 homolog	3
7:3350000-3550000	7	3350000	3550000	171	0.231826	0.238113	Vitvi07g00310	3417784	3422974	-	0	Vitvi07g00310	XP_010652179.1PREDICTED: uncharacterized protein OsI_027940 isoform X2	
7:3350000-3550000	7	3350000	3550000	171	0.231826	0.238113	Vitvi07g04074	3428481	3432552	+	0	Vitvi07g04074	---NA---	
7:3350000-3550000	7	3350000	3550000	171	0.231826	0.238113	Vitvi07g00311	3432608	3438372	+	0	Vitvi07g00311	XP_002265012.1 ABC transporter C family member 4	4
7:3350000-3550000	7	3350000	3550000	171	0.231826	0.238113	Vitvi07g00312	3440135	3444492	+	0	Vitvi07g00312	XP_002265366.1 nucleolar protein 16	2
7:3350000-3550000	7	3350000	3550000	171	0.231826	0.238113	Vitvi07g00313	3447985	3451073	-	0	Vitvi07g00313	XP_002265436.1 probable E3 ubiquitin-protein ligase BAH1-like 1	13
7:3350000-3550000	7	3350000	3550000	171	0.231826	0.238113	Vitvi07g00314	3457446	3459605	+	0	Vitvi07g00314	XP_002265489.2 universal stress protein PHOS34	
7:3350000-3550000	7	3350000	3550000	171	0.231826	0.238113	Vitvi07g04075	3464225	3466044	+	0	Vitvi07g04075	XP_002265489.2 universal stress protein PHOS34	1
7:3350000-3550000	7	3350000	3550000	171	0.231826	0.238113	Vitvi07g00315	3466868	3485950	-	0	Vitvi07g00315	XP_010652181.1 DExH-box ATP-dependent RNA helicase DExH8	3
7:3350000-3550000	7	3350000	3550000	171	0.231826	0.238113	Vitvi07g00316	3495511	3501092	+	0	Vitvi07g00316	XP_002265998.1 serine/arginine-rich-splicing factor SR34 isoform X2	1
7:3350000-3550000	7	3350000	3550000	171	0.231826	0.238113	Vitvi07g00317	3502591	3503577	+	0	Vitvi07g00317	XP_002266159.2 phytochrome A-associated F-box protein	2
7:3350000-3550000	7	3350000	3550000	171	0.231826	0.238113	Vitvi07g02198	3511603	3515737	+	0	Vitvi07g02198	XP_019076523.1 beta-glucosidase 11-like isoform X1	2
7:3350000-3550000	7	3350000	3550000	171	0.231826	0.238113	Vitvi07g02201	3516827	3526391	+	0	Vitvi07g02201	XP_002267595.2 beta-glucosidase 11-like	3
7:3350000-3550000	7	3350000	3550000	171	0.231826	0.238113	Vitvi07g04076	3526767	3528278	+	0	Vitvi07g04076	CBI36854.3unnamed protein product, partial	3
7:3350000-3550000	7	3350000	3550000	171	0.231826	0.238113	Vitvi07g04077	3528707	3528868	+	0	Vitvi07g04077	RVX20725.1Retrovirus-related Pol polyprotein from transposon RE1	3
7:3350000-3550000	7	3350000	3550000	171	0.231826	0.238113	Vitvi07g00320	3535183	3544805	+	0	Vitvi07g00320	XP_010652186.1 beta-glucosidase 11	2
7:3350000-3550000	7	3350000	3550000	171	0.231826	0.238113	Vitvi07g04078	3539368	3539667	+	0	Vitvi07g04078	---NA---	
7:3350000-3550000	7	3350000	3550000	171	0.231826	0.238113	Vitvi07g02202	3544835	3558927	-	0	Vitvi07g02202	XP_034691089.1E3 ubiquitin-protein ligase RFI2 isoform X1	9
18:9850000-9900000	18	9850000	9900000	57	0.238108	0.238108	Vitvi18g00881	9858243	9863797	+	0	Vitvi18g00881	XP_002281968.2 inactive protein kinase SELMODRAFT_444075	4
18:9850000-9900000	18	9850000	9900000	57	0.238108	0.238108	Vitvi18g00882	9864528	9865898	-	0	Vitvi18g00882	XP_034675144.1 protein JINGUBANG	1
18:9850000-9900000	18	9850000	9900000	57	0.238108	0.238108	Vitvi18g02724	9870787	9871086	+	0	Vitvi18g02724	CBI19614.3unnamed protein product, partial	
18:9850000-9900000	18	9850000	9900000	57	0.238108	0.238108	Vitvi18g00885	9875106	9878601	+	0	Vitvi18g00885	XP_010664629.1 wall-associated receptor kinase-like 14	5
18:9850000-9900000	18	9850000	9900000	57	0.238108	0.238108	Vitvi18g00886	9885019	9886581	-	0	Vitvi18g00886	XP_002283780.1 allene oxide synthase 1, chloroplastic	5
18:9850000-9900000	18	9850000	9900000	57	0.238108	0.238108	Vitvi18g00887	9899065	9901999	+	0	Vitvi18g00887	XP_002283812.1PREDICTED: uncharacterized protein LOC100245429 isoform X1	2
18:9850000-9900000	18	9850000	9900000	57	0.238108	0.238108	Vitvi18g04213	9902661	9905249	+	2661	Vitvi18g04213	RVX14982.1hypothetical protein CK203_007812	1
18:9850000-9900000	18	9850000	9900000	57	0.238108	0.238108	Vitvi18g04212	9844981	9845130	+	4870	Vitvi18g04212	RVW22546.1hypothetical protein CK203_105652	
18:9850000-9900000	18	9850000	9900000	57	0.238108	0.238108	Vitvi18g04211	9844455	9844838	+	5162	Vitvi18g04211	RVX15237.1Retrovirus-related Pol polyprotein from transposon RE1	
18:9850000-9900000	18	9850000	9900000	57	0.238108	0.238108	Vitvi18g04214	9905278	9905544	-	5278	Vitvi18g04214	RVW50438.1Pentatricopeptide repeat-containing protein DWY1, chloroplastic	1
18:9850000-9900000	18	9850000	9900000	57	0.238108	0.238108	Vitvi18g04210	9844032	9844412	+	5588	Vitvi18g04210	RVX14903.1Retrovirus-related Pol polyprotein from transposon RE2	1
18:9850000-9900000	18	9850000	9900000	57	0.238108	0.238108	Vitvi18g00888	9906419	9907735	-	6419	Vitvi18g00888	XP_010664632.1 pentatricopeptide repeat-containing protein At2g15690	8
18:9850000-9900000	18	9850000	9900000	57	0.238108	0.238108	Vitvi18g00879	9839228	9841059	+	8941	Vitvi18g00879	XP_010664626.1 cytochrome P450 CYP82D47	5
13:27800000-27850000	13	27800000	27850000	22	0.237337	0.237337	Vitvi13g02566	27797926	27801160	-	0	Vitvi13g02566	XP_002268475.2 myb family transcription factor PHL5 isoform X2	3
13:27800000-27850000	13	27800000	27850000	22	0.237337	0.237337	Vitvi13g04770	27804445	27807976	-	0	Vitvi13g04770	CAN75878.1hypothetical protein VITISV_024451	
13:27800000-27850000	13	27800000	27850000	22	0.237337	0.237337	Vitvi13g04771	27809239	27810663	-	0	Vitvi13g04771	RVW93545.1putative disease resistance protein	
13:27800000-27850000	13	27800000	27850000	22	0.237337	0.237337	Vitvi13g04772	27811342	27812462	-	0	Vitvi13g04772	CAN60967.1hypothetical protein VITISV_017509	1
13:27800000-27850000	13	27800000	27850000	22	0.237337	0.237337	Vitvi13g04773	27815279	27819262	-	0	Vitvi13g04773	XP_019079676.1 putative disease resistance RPP13-like protein 1 isoform X1	2
13:27800000-27850000	13	27800000	27850000	22	0.237337	0.237337	Vitvi13g04774	27824875	27828966	-	0	Vitvi13g04774	RVW93547.1hypothetical protein CK203_028882	
13:27800000-27850000	13	27800000	27850000	22	0.237337	0.237337	Vitvi13g02560	27831385	27831909	-	0	Vitvi13g02560	RVW93548.1hypothetical protein CK203_028883	
13:27800000-27850000	13	27800000	27850000	22	0.237337	0.237337	Vitvi13g04775	27832397	27836806	+	0	Vitvi13g04775	RVW97193.1Transposon Tf2-12 polyprotein	8
13:27800000-27850000	13	27800000	27850000	22	0.237337	0.237337	Vitvi13g04776	27837204	27841612	+	0	Vitvi13g04776	RVW97193.1Transposon Tf2-12 polyprotein	8
13:27800000-27850000	13	27800000	27850000	22	0.237337	0.237337	Vitvi13g04777	27846741	27849577	-	0	Vitvi13g04777	CAN60967.1hypothetical protein VITISV_017509	2
13:27800000-27850000	13	27800000	27850000	22	0.237337	0.237337	Vitvi13g01813	27851191	27855159	-	1191	Vitvi13g01813	XP_019079673.1 putative disease resistance protein At3g14460	2
13:27800000-27850000	13	27800000	27850000	22	0.237337	0.237337	Vitvi13g04769	27795991	27796924	-	3076	Vitvi13g04769	CAN75879.1hypothetical protein VITISV_024452	3
13:27800000-27850000	13	27800000	27850000	22	0.237337	0.237337	Vitvi13g04768	27795480	27795728	-	4272	Vitvi13g04768	RVW93676.1G-type lectin S-receptor-like serine/threonine-protein kinase RLK1	3
13:27800000-27850000	13	27800000	27850000	22	0.237337	0.237337	Vitvi13g02568	27789551	27792294	-	7706	Vitvi13g02568	XP_002268398.1 myb family transcription factor PHL5	3
6:5000000-5050000	6	5000000	5050000	28	0.236556	0.236556	Vitvi06g01681	4986548	5000550	-	0	Vitvi06g01681	XP_019076055.1 UDP-galactose/UDP-glucose transporter 5	5
6:5000000-5050000	6	5000000	5050000	28	0.236556	0.236556	Vitvi06g04138	5000904	5002348	-	0	Vitvi06g04138	CAN80349.1hypothetical protein VITISV_003137	3
6:5000000-5050000	6	5000000	5050000	28	0.236556	0.236556	Vitvi06g00407	5002400	5005043	-	0	Vitvi06g00407	RVW56970.1Monofunctional riboflavin biosynthesis protein RIBA 3, chloroplastic	6
6:5000000-5050000	6	5000000	5050000	28	0.236556	0.236556	Vitvi06g00408	5005850	5008976	+	0	Vitvi06g00408	XP_002284445.1 60S ribosomal protein L23a	5
6:5000000-5050000	6	5000000	5050000	28	0.236556	0.236556	Vitvi06g04139	5009015	5010586	+	0	Vitvi06g04139	RVW56968.1ABC transporter B family member 20	
6:5000000-5050000	6	5000000	5050000	28	0.236556	0.236556	Vitvi06g00409	5010718	5018338	+	0	Vitvi06g00409	XP_010651064.1 ABC transporter B family member 20 isoform X1	4
6:5000000-5050000	6	5000000	5050000	28	0.236556	0.236556	Vitvi06g04140	5019010	5019459	-	0	Vitvi06g04140	CAN80353.1hypothetical protein VITISV_003141	
6:5000000-5050000	6	5000000	5050000	28	0.236556	0.236556	Vitvi06g00410	5019623	5020234	-	0	Vitvi06g00410	XP_034689191.1RING-H2 finger protein ATL52-like	
6:5000000-5050000	6	5000000	5050000	28	0.236556	0.236556	Vitvi06g00411	5021854	5024164	-	0	Vitvi06g00411	XP_002284421.2PREDICTED: uncharacterized protein LOC100244942 isoform X1	
6:5000000-5050000	6	5000000	5050000	28	0.236556	0.236556	Vitvi06g00412	5036548	5037565	+	0	Vitvi06g00412	XP_002284411.1 aquaporin TIP1-1	3
6:5000000-5050000	6	5000000	5050000	28	0.236556	0.236556	Vitvi06g00413	5038597	5043547	-	0	Vitvi06g00413	XP_002284406.1 very-long-chain (3R)-3-hydroxyacyl-CoA dehydratase 2	9
6:5000000-5050000	6	5000000	5050000	28	0.236556	0.236556	Vitvi06g04141	5043710	5043916	-	0	Vitvi06g04141	RVW66172.1Very-long-chain (3R)-3-hydroxyacyl-CoA dehydratase 2	7
6:5000000-5050000	6	5000000	5050000	28	0.236556	0.236556	Vitvi06g00414	5048801	5050009	-	0	Vitvi06g00414	XP_019076057.1 transcription factor MYB59	4
6:5000000-5050000	6	5000000	5050000	28	0.236556	0.236556	Vitvi06g04142	5059217	5059432	+	9217	Vitvi06g04142	RVW66074.1Protein UPSTREAM OF FLC	
8:18500000-18550000	8	18500000	18550000	22	0.235584	0.235584	Vitvi08g02288	18495307	18501198	+	0	Vitvi08g02288	XP_019077182.1 anthocyanidin 3-O-glucosyltransferase 4-like	1
8:18500000-18550000	8	18500000	18550000	22	0.235584	0.235584	Vitvi08g01581	18505067	18506479	-	0	Vitvi08g01581	XP_019077180.1 UDP-glycosyltransferase 73C2	1
8:18500000-18550000	8	18500000	18550000	22	0.235584	0.235584	Vitvi08g02289	18508428	18509912	-	0	Vitvi08g02289	XP_019077181.1 UDP-glycosyltransferase 73C3-like	1
8:18500000-18550000	8	18500000	18550000	22	0.235584	0.235584	Vitvi08g01582	18512088	18513575	-	0	Vitvi08g01582	XP_019077179.1 UDP-glycosyltransferase 73C3	1
8:18500000-18550000	8	18500000	18550000	22	0.235584	0.235584	Vitvi08g01583	18515157	18574620	-	0	Vitvi08g01583	XP_010654000.1 protein SHOOT GRAVITROPISM 6 isoform X1	
8:18500000-18550000	8	18500000	18550000	22	0.235584	0.235584	Vitvi08g04342	18495334	18496561	+	3439	Vitvi08g04342	CAN65771.1hypothetical protein VITISV_030407	1
8:18500000-18550000	8	18500000	18550000	22	0.235584	0.235584	Vitvi08g01580	18486156	18492023	-	7977	Vitvi08g01580	XP_002265257.1 UDP-glycosyltransferase 73D1	1
4:1750000-1800000	4	1750000	1800000	42	0.235368	0.235368	Vitvi04g00186	1753858	1782127	+	0	Vitvi04g00186	XP_010648400.1 endoribonuclease Dicer homolog 3a isoform X1	5
4:1750000-1800000	4	1750000	1800000	42	0.235368	0.235368	Vitvi04g00187	1782465	1786659	-	0	Vitvi04g00187	CBI20741.3unnamed protein product, partial	
4:1750000-1800000	4	1750000	1800000	42	0.235368	0.235368	Vitvi04g01815	1796066	1796755	-	0	Vitvi04g01815	XP_010648800.1PREDICTED: uncharacterized protein LOC104879046	
4:1750000-1800000	4	1750000	1800000	42	0.235368	0.235368	Vitvi04g04048	1800182	1811864	-	182	Vitvi04g04048	RVX17650.13beta-hydroxysteroid-dehydrogenase/decarboxylase isoform 2	4
4:1750000-1800000	4	1750000	1800000	42	0.235368	0.235368	Vitvi04g00185	1738510	1741482	+	8518	Vitvi04g00185	XP_034683264.1 pentatricopeptide repeat-containing protein At4g33170	2
3:3550000-3600000	3	3550000	3600000	39	0.234198	0.234198	Vitvi03g00315	3552235	3555153	-	0	Vitvi03g00315	XP_002284113.1 transcription factor bHLH63	3
3:3550000-3600000	3	3550000	3600000	39	0.234198	0.234198	Vitvi03g00317	3583789	3593247	+	0	Vitvi03g00317	XP_010647875.1PREDICTED: uncharacterized protein LOC100852549 isoform X2	2
3:3550000-3600000	3	3550000	3600000	39	0.234198	0.234198	Vitvi03g01495	3593938	3594165	+	0	Vitvi03g01495	RVX12334.1Protein RADIALIS-like 6	3
3:3550000-3600000	3	3550000	3600000	39	0.234198	0.234198	Vitvi03g04117	3599095	3599310	+	0	Vitvi03g04117	XP_024457187.1eukaryotic translation initiation factor 3 subunit C	6
3:3550000-3600000	3	3550000	3600000	39	0.234198	0.234198	Vitvi03g00314	3546303	3548552	+	1448	Vitvi03g00314	XP_002284099.1PREDICTED: uncharacterized protein LOC100257219	1
3:3550000-3600000	3	3550000	3600000	39	0.234198	0.234198	Vitvi03g00318	3604299	3605700	+	4299	Vitvi03g00318	XP_003631666.1 protein RADIALIS-like 3 isoform X1	3
3:3550000-3600000	3	3550000	3600000	39	0.234198	0.234198	Vitvi03g00313	3540982	3543029	-	6971	Vitvi03g00313	XP_002280496.3 putative pectinesterase 11	4
18:4900000-4950000	18	4900000	4950000	55	0.233518	0.233518	Vitvi18g00454	4866260	4925250	+	0	Vitvi18g00454	XP_010664351.1 isoamylase 3, chloroplastic isoform X1	2
18:4900000-4950000	18	4900000	4950000	55	0.233518	0.233518	Vitvi18g04093	4927699	4930828	-	0	Vitvi18g04093	RVW65387.1hypothetical protein CK203_022204	
18:4900000-4950000	18	4900000	4950000	55	0.233518	0.233518	Vitvi18g04094	4931456	4931854	-	0	Vitvi18g04094	RVW33358.1Transposon Ty3-G Gag-Pol polyprotein	2
18:4900000-4950000	18	4900000	4950000	55	0.233518	0.233518	Vitvi18g02588	4934088	4935468	+	0	Vitvi18g02588	XP_002285739.1 classical arabinogalactan protein 9	1
18:4900000-4950000	18	4900000	4950000	55	0.233518	0.233518	Vitvi18g04095	4937577	4939918	-	0	Vitvi18g04095	RVW17866.1Blue copper protein	3
18:4900000-4950000	18	4900000	4950000	55	0.233518	0.233518	Vitvi18g00456	4941659	4945202	-	0	Vitvi18g00456	XP_002285735.1 29 kDa ribonucleoprotein A, chloroplastic	4
18:4900000-4950000	18	4900000	4950000	55	0.233518	0.233518	Vitvi18g00457	4946300	4950489	-	0	Vitvi18g00457	XP_002284035.1PREDICTED: uncharacterized protein LOC100266077	
18:4900000-4950000	18	4900000	4950000	55	0.233518	0.233518	Vitvi18g02589	4953381	4955004	-	3381	Vitvi18g02589	XP_010664356.1PREDICTED: uncharacterized protein LOC100254028 isoform X2	
18:4900000-4950000	18	4900000	4950000	55	0.233518	0.233518	Vitvi18g04096	4957928	4958212	+	7928	Vitvi18g04096	CAN75248.1hypothetical protein VITISV_028136	
6:4550000-4700000	6	4550000	4700000	96	0.231014	0.233356	Vitvi06g00368	4552256	4576147	+	0	Vitvi06g00368	XP_002281776.1 two-component response regulator-like PRR37 isoform X2	2
6:4550000-4700000	6	4550000	4700000	96	0.231014	0.233356	Vitvi06g00369	4581322	4587309	+	0	Vitvi06g00369	XP_002284672.1 serine/threonine-protein kinase CDL1	3
6:4550000-4700000	6	4550000	4700000	96	0.231014	0.233356	Vitvi06g00370	4588508	4589458	+	0	Vitvi06g00370	XP_010651092.1PREDICTED: uncharacterized protein LOC104879560	1
6:4550000-4700000	6	4550000	4700000	96	0.231014	0.233356	Vitvi06g00371	4589858	4591820	-	0	Vitvi06g00371	XP_010651091.1PREDICTED: uncharacterized protein LOC104879559	
6:4550000-4700000	6	4550000	4700000	96	0.231014	0.233356	Vitvi06g00372	4592361	4599219	-	0	Vitvi06g00372	XP_003632205.1 glutathione S-transferase L3 isoform X1	3
6:4550000-4700000	6	4550000	4700000	96	0.231014	0.233356	Vitvi06g04123	4605482	4606199	+	0	Vitvi06g04123	---NA---	
6:4550000-4700000	6	4550000	4700000	96	0.231014	0.233356	Vitvi06g00374	4606889	4620623	+	0	Vitvi06g00374	XP_002281752.1 phototropin-1 isoform X2	9
6:4550000-4700000	6	4550000	4700000	96	0.231014	0.233356	Vitvi06g00375	4622115	4624307	+	0	Vitvi06g00375	XP_002281741.1 BTB/POZ domain-containing protein At5g60050	1
6:4550000-4700000	6	4550000	4700000	96	0.231014	0.233356	Vitvi06g04124	4624343	4625264	+	0	Vitvi06g04124	RVW65944.1BTB/POZ domain-containing protein	
6:4550000-4700000	6	4550000	4700000	96	0.231014	0.233356	Vitvi06g00376	4626653	4683560	-	0	Vitvi06g00376	XP_002284657.1 DNA-directed RNA polymerase III subunit 1	3
6:4550000-4700000	6	4550000	4700000	96	0.231014	0.233356	Vitvi06g01670	4688399	4689316	-	0	Vitvi06g01670	XP_002281729.1 chitinase 2	2
6:4550000-4700000	6	4550000	4700000	96	0.231014	0.233356	Vitvi06g00378	4690221	4693026	-	0	Vitvi06g00378	XP_003632204.1 laccase-17	4
6:4550000-4700000	6	4550000	4700000	96	0.231014	0.233356	Vitvi06g00379	4696284	4697544	+	0	Vitvi06g00379	RVW65784.1 Embryo-specific protein ATS3A	1
6:4550000-4700000	6	4550000	4700000	96	0.231014	0.233356	Vitvi06g00367	4540405	4545607	-	4393	Vitvi06g00367	XP_002284705.2 probable trans-2-enoyl-CoA reductase, mitochondrial	7
6:4550000-4700000	6	4550000	4700000	96	0.231014	0.233356	Vitvi06g00380	4705787	4706963	+	5787	Vitvi06g00380	XP_002281707.1 WUSCHEL-related homeobox 3	5
6:4550000-4700000	6	4550000	4700000	96	0.231014	0.233356	Vitvi06g00381	4708348	4712054	-	8348	Vitvi06g00381	XP_002281695.1 putative respiratory burst oxidase homolog protein H	6
19:550000-600000	19	550000	600000	25	0.228658	0.228658	Vitvi19g00026	550186	571127	-	0	Vitvi19g00026	XP_010644066.1 alpha,alpha-trehalose-phosphate synthase [UDP-forming] 1 isoform X2	3
19:550000-600000	19	550000	600000	25	0.228658	0.228658	Vitvi19g04010	587821	592468	+	0	Vitvi19g04010	RVW81984.1MADS-box protein SVP	3
19:550000-600000	19	550000	600000	25	0.228658	0.228658	Vitvi19g04011	596743	598858	-	0	Vitvi19g04011	XP_010644074.1 zinc finger BED domain-containing protein RICESLEEPER 1	2
19:550000-600000	19	550000	600000	25	0.228658	0.228658	Vitvi19g00025	545135	549316	+	684	Vitvi19g00025	XP_002285634.1 trifunctional UDP-glucose 4,6-dehydratase/UDP-4-keto-6-deoxy-D-glucose 3,5-epimerase/UDP-4-keto-L-rhamnose-reductase RHM1	6
19:550000-600000	19	550000	600000	25	0.228658	0.228658	Vitvi19g04012	601648	603159	-	1648	Vitvi19g04012	---NA---	
19:550000-600000	19	550000	600000	25	0.228658	0.228658	Vitvi19g00029	606013	609670	+	6013	Vitvi19g00029	XP_002283669.1 NADH kinase	4
18:5350000-5450000	18	5350000	5450000	65	0.222089	0.227898	Vitvi18g00496	5349427	5413297	-	0	Vitvi18g00496	XP_010664368.1 WD and tetratricopeptide repeats protein 1 isoform X2	1
18:5350000-5450000	18	5350000	5450000	65	0.222089	0.227898	Vitvi18g00498	5418105	5419199	-	0	Vitvi18g00498	XP_010664370.1 transcription factor bHLH143	2
18:5350000-5450000	18	5350000	5450000	65	0.222089	0.227898	Vitvi18g04102	5419445	5419821	-	0	Vitvi18g04102	CAA3012663.1Hypothetical predicted protein	3
18:5350000-5450000	18	5350000	5450000	65	0.222089	0.227898	Vitvi18g04103	5420298	5421504	-	0	Vitvi18g04103	RVW65315.1Transcription factor bHLH145	2
18:5350000-5450000	18	5350000	5450000	65	0.222089	0.227898	Vitvi18g00499	5434341	5437021	-	0	Vitvi18g00499	XP_003634482.2 cyclin-D4-2	7
18:5350000-5450000	18	5350000	5450000	65	0.222089	0.227898	Vitvi18g00500	5441684	5447584	+	0	Vitvi18g00500	XP_002285702.1 protein CutA, chloroplastic	2
18:5350000-5450000	18	5350000	5450000	65	0.222089	0.227898	Vitvi18g02600	5448898	5452515	-	0	Vitvi18g02600	XP_003634483.1 14-3-3-like protein GF14 kappa	
18:5350000-5450000	18	5350000	5450000	65	0.222089	0.227898	Vitvi18g02601	5452550	5455032	+	2550	Vitvi18g02601	RVW65615.1Pentatricopeptide repeat-containing protein	1
18:5350000-5450000	18	5350000	5450000	65	0.222089	0.227898	Vitvi18g00495	5345208	5346526	-	3474	Vitvi18g00495	XP_002285706.1PREDICTED: uncharacterized protein LOC100264219	1
18:5350000-5450000	18	5350000	5450000	65	0.222089	0.227898	Vitvi18g00501	5456682	5461278	-	6682	Vitvi18g00501	XP_034674815.1chaperone protein DnaJ isoform X2	2
11:4250000-4300000	11	4250000	4300000	31	0.226962	0.226962	Vitvi11g00436	4251330	4255827	+	0	Vitvi11g00436	XP_010656406.1 zinc finger CCCH domain-containing protein 39	2
11:4250000-4300000	11	4250000	4300000	31	0.226962	0.226962	Vitvi11g00437	4260996	4266950	+	0	Vitvi11g00437	XP_002285069.1 nudix hydrolase 19, chloroplastic isoform X1	1
11:4250000-4300000	11	4250000	4300000	31	0.226962	0.226962	Vitvi11g00438	4271037	4272821	-	0	Vitvi11g00438	RVW47492.1 Aspartate racemase	2
11:4250000-4300000	11	4250000	4300000	31	0.226962	0.226962	Vitvi11g00439	4286302	4295537	+	0	Vitvi11g00439	XP_002285073.1 NADH-cytochrome b5 reductase-like protein	1
11:4250000-4300000	11	4250000	4300000	31	0.226962	0.226962	Vitvi11g00440	4295568	4303680	+	0	Vitvi11g00440	XP_010656410.1 zinc finger CCCH domain-containing protein 34 isoform X2	4
11:4250000-4300000	11	4250000	4300000	31	0.226962	0.226962	Vitvi11g01429	4305314	4305658	+	5314	Vitvi11g01429	RVX10985.1 MAPK kinase substrate protein	2
11:4250000-4300000	11	4250000	4300000	31	0.226962	0.226962	Vitvi11g04099	4242347	4244158	+	5842	Vitvi11g04099	XP_034700565.1zinc finger Ran-binding domain-containing protein 2	
4:23600000-23650000	4	23600000	23650000	36	0.226228	0.226228	Vitvi04g04505	23593732	23626855	+	0	Vitvi04g04505	XP_002274393.1 transcriptional corepressor SEUSS isoform X1	5
4:23600000-23650000	4	23600000	23650000	36	0.226228	0.226228	Vitvi04g04506	23628200	23632379	-	0	Vitvi04g04506	CBI37541.3unnamed protein product, partial	
4:23600000-23650000	4	23600000	23650000	36	0.226228	0.226228	Vitvi04g01689	23636754	23655308	-	0	Vitvi04g01689	XP_002274337.1 callose synthase 5	6
12:21350000-21400000	12	21350000	21400000	44	0.226026	0.226026	Vitvi12g04586	21361171	21361843	-	0	Vitvi12g04586	CBI29705.3unnamed protein product, partial	
12:21350000-21400000	12	21350000	21400000	44	0.226026	0.226026	Vitvi12g02037	21365653	21370135	-	0	Vitvi12g02037	XP_002263291.2 leucine-rich repeat receptor-like serine/threonine-protein kinase BAM1	7
12:21350000-21400000	12	21350000	21400000	44	0.226026	0.226026	Vitvi12g04587	21398309	21398542	-	0	Vitvi12g04587	---NA---	
12:21350000-21400000	12	21350000	21400000	44	0.226026	0.226026	Vitvi12g02034	21330188	21345573	-	4427	Vitvi12g02034	XP_002262918.1 YTH domain-containing family protein 2	3
12:21350000-21400000	12	21350000	21400000	44	0.226026	0.226026	Vitvi12g04588	21408194	21408613	+	8194	Vitvi12g04588	XP_034702014.1S-protein homolog 24-like	
11:4700000-4750000	11	4700000	4750000	62	0.225461	0.225461	Vitvi11g00471	4700950	4707576	+	0	Vitvi11g00471	XP_002282187.3 phospholipase D alpha 1	6
11:4700000-4750000	11	4700000	4750000	62	0.225461	0.225461	Vitvi11g00472	4710982	4711808	+	0	Vitvi11g00472	XP_002285231.1PREDICTED: uncharacterized protein LOC100255957	
11:4700000-4750000	11	4700000	4750000	62	0.225461	0.225461	Vitvi11g00473	4720041	4723031	+	0	Vitvi11g00473	XP_002285234.1PREDICTED: uncharacterized protein LOC100250810	3
11:4700000-4750000	11	4700000	4750000	62	0.225461	0.225461	Vitvi11g00474	4724245	4733930	+	0	Vitvi11g00474	XP_010656432.1PREDICTED: uncharacterized protein LOC100245670 isoform X3	
11:4700000-4750000	11	4700000	4750000	62	0.225461	0.225461	Vitvi11g00475	4745132	4748811	+	0	Vitvi11g00475	XP_002285249.2 EIN3-binding F-box protein 1	3
11:4700000-4750000	11	4700000	4750000	62	0.225461	0.225461	Vitvi11g04110	4749486	4749707	+	0	Vitvi11g04110	RVX11141.1EIN3-binding F-box protein 1	1
11:4700000-4750000	11	4700000	4750000	62	0.225461	0.225461	Vitvi11g00469	4694790	4699011	+	989	Vitvi11g00469	XP_010656428.1 phospholipase D alpha 1	6
11:4700000-4750000	11	4700000	4750000	62	0.225461	0.225461	Vitvi11g01443	4751659	4752145	+	1659	Vitvi11g01443	XP_010656433.1 EPIDERMAL PATTERNING FACTOR-like protein 6	1
11:4700000-4750000	11	4700000	4750000	62	0.225461	0.225461	Vitvi11g00476	4752984	4787446	-	2984	Vitvi11g00476	XP_010656044.1 CBL-interacting protein kinase 09 isoform X1	7
11:4700000-4750000	11	4700000	4750000	62	0.225461	0.225461	Vitvi11g00468	4689839	4694786	+	5214	Vitvi11g00468	XP_002282179.1 TBC domain-containing protein C1952.17c isoform X1	
4:2700000-2750000	4	2700000	2750000	45	0.225454	0.225454	Vitvi04g00287	2695631	2705019	-	0	Vitvi04g00287	XP_002283717.3 homeobox-leucine zipper protein ATHB-15	4
4:2700000-2750000	4	2700000	2750000	45	0.225454	0.225454	Vitvi04g00288	2712803	2722367	-	0	Vitvi04g00288	XP_002281160.2 thioredoxin-related transmembrane protein 2 isoform X1	
4:2700000-2750000	4	2700000	2750000	45	0.225454	0.225454	Vitvi04g00289	2724941	2726507	+	0	Vitvi04g00289	XP_002283745.1 GATA transcription factor 9	5
4:2700000-2750000	4	2700000	2750000	45	0.225454	0.225454	Vitvi04g01837	2730903	2737158	-	0	Vitvi04g01837	RVX17603.1hypothetical protein CK203_003820	
4:2700000-2750000	4	2700000	2750000	45	0.225454	0.225454	Vitvi04g00290	2737791	2742057	-	0	Vitvi04g00290	XP_002281191.2 peptidyl-tRNA hydrolase 2, mitochondrial isoform X1	4
4:2700000-2750000	4	2700000	2750000	45	0.225454	0.225454	Vitvi04g01838	2743788	2744489	+	0	Vitvi04g01838	XP_002281202.1 mitogen-activated protein kinase kinase kinase 1	3
4:2700000-2750000	4	2700000	2750000	45	0.225454	0.225454	Vitvi04g00291	2744895	2746997	-	0	Vitvi04g00291	XP_019074735.1 pentatricopeptide repeat-containing protein At3g09040, mitochondrial	4
4:2700000-2750000	4	2700000	2750000	45	0.225454	0.225454	Vitvi04g00292	2747775	2750977	+	0	Vitvi04g00292	XP_010648492.1 ultraviolet-B receptor UVR8	
4:2700000-2750000	4	2700000	2750000	45	0.225454	0.225454	Vitvi04g00293	2752100	2761501	+	2100	Vitvi04g00293	XP_002283798.1 nuclear pore complex protein NUP85	7
11:2900000-2950000	11	2900000	2950000	38	0.224723	0.224723	Vitvi11g00303	2918777	2922405	+	0	Vitvi11g00303	XP_002284145.1 transcription factor bHLH68	5
11:2900000-2950000	11	2900000	2950000	38	0.224723	0.224723	Vitvi11g00304	2928581	2930920	+	0	Vitvi11g00304	XP_002280745.2 bark storage protein A	2
11:2900000-2950000	11	2900000	2950000	38	0.224723	0.224723	Vitvi11g00305	2931493	2940168	+	0	Vitvi11g00305	XP_010656297.1 putative E3 ubiquitin-protein ligase LIN-1 isoform X1	4
11:2900000-2950000	11	2900000	2950000	38	0.224723	0.224723	Vitvi11g00306	2942953	2944957	+	0	Vitvi11g00306	XP_010656492.1 protein NRT1/ PTR FAMILY 1.2	3
11:2900000-2950000	11	2900000	2950000	38	0.224723	0.224723	Vitvi11g00307	2947500	2950037	+	0	Vitvi11g00307	RVW38286.1Protein NRT1/ PTR family 1.2	4
11:2900000-2950000	11	2900000	2950000	38	0.224723	0.224723	Vitvi11g00302	2891236	2897192	-	2808	Vitvi11g00302	XP_002280736.1 NADPH:adrenodoxin oxidoreductase, mitochondrial isoform X1	5
11:7950000-8000000	11	7950000	8000000	36	0.224551	0.224551	Vitvi11g00679	7949384	7950752	+	0	Vitvi11g00679	XP_010656595.1PREDICTED: uncharacterized protein LOC100255296 isoform X1	2
11:7950000-8000000	11	7950000	8000000	36	0.224551	0.224551	Vitvi11g00680	7958900	7962278	-	0	Vitvi11g00680	XP_010656596.1 transcription factor MYC2 isoform X1	1
11:7950000-8000000	11	7950000	8000000	36	0.224551	0.224551	Vitvi11g00682	7969646	7991688	-	0	Vitvi11g00682	XP_034699976.1nucleolar and coiled-body phosphoprotein 1-like isoform X2	5
11:7950000-8000000	11	7950000	8000000	36	0.224551	0.224551	Vitvi11g00683	7993663	7994304	-	0	Vitvi11g00683	RVW66399.1Elongation factor 1-alpha	2
11:7950000-8000000	11	7950000	8000000	36	0.224551	0.224551	Vitvi11g00685	7996438	7996889	-	0	Vitvi11g00685	RVW20938.1F-box/kelch-repeat protein	
1:1750000-1800000	1	1750000	1800000	49	0.223960	0.223960	Vitvi01g00161	1758581	1761162	+	0	Vitvi01g00161	XP_010648522.1 probable splicing factor 3A subunit 1	6
1:1750000-1800000	1	1750000	1800000	49	0.223960	0.223960	Vitvi01g04039	1761698	1762563	+	0	Vitvi01g04039	RVW65198.1putative splicing factor 3A subunit 1	4
1:1750000-1800000	1	1750000	1800000	49	0.223960	0.223960	Vitvi01g00162	1764133	1766410	+	0	Vitvi01g00162	XP_002277006.1 cytochrome P450 86B1	5
1:1750000-1800000	1	1750000	1800000	49	0.223960	0.223960	Vitvi01g01893	1767183	1771411	-	0	Vitvi01g01893	CAN75429.1hypothetical protein VITISV_003303	1
1:1750000-1800000	1	1750000	1800000	49	0.223960	0.223960	Vitvi01g00163	1779491	1780743	+	0	Vitvi01g00163	XP_010648491.1PREDICTED: uncharacterized protein LOC104878994	
1:1750000-1800000	1	1750000	1800000	49	0.223960	0.223960	Vitvi01g04040	1783143	1785733	+	0	Vitvi01g04040	CAA3026450.160S ribosomal L44	8
1:1750000-1800000	1	1750000	1800000	49	0.223960	0.223960	Vitvi01g04041	1788572	1791546	+	0	Vitvi01g04041	CAA3026450.160S ribosomal L44	8
1:1750000-1800000	1	1750000	1800000	49	0.223960	0.223960	Vitvi01g00166	1794484	1799981	+	0	Vitvi01g00166	XP_002277069.1 ATP-dependent Clp protease proteolytic subunit 2, mitochondrial	5
1:1750000-1800000	1	1750000	1800000	49	0.223960	0.223960	Vitvi01g00167	1800982	1806830	-	982	Vitvi01g00167	XP_010648455.1PREDICTED: uncharacterized protein LOC100853809 isoform X3	2
1:1750000-1800000	1	1750000	1800000	49	0.223960	0.223960	Vitvi01g00160	1725509	1748270	-	1730	Vitvi01g00160	XP_010648555.1 serine carboxypeptidase-like 35 isoform X1	4
1:1750000-1800000	1	1750000	1800000	49	0.223960	0.223960	Vitvi01g00159	1739212	1741065	+	8935	Vitvi01g00159	RVW65200.1Glycine cleavage system H protein 2, mitochondrial	3
5:20000000-20050000	5	20000000	20050000	79	0.223764	0.223764	Vitvi05g04372	20010857	20012736	+	0	Vitvi05g04372	RVW82561.1hypothetical protein CK203_047087	6
5:20000000-20050000	5	20000000	20050000	79	0.223764	0.223764	Vitvi05g01350	20019994	20024455	+	0	Vitvi05g01350	XP_002266156.1 amino acid transporter ANT1	
5:20000000-20050000	5	20000000	20050000	79	0.223764	0.223764	Vitvi05g01351	20027735	20029329	+	0	Vitvi05g01351	XP_002266204.2 vacuolar amino acid transporter 1	4
5:20000000-20050000	5	20000000	20050000	79	0.223764	0.223764	Vitvi05g01352	20036747	20037796	+	0	Vitvi05g01352	XP_040948657.1zinc finger BED domain-containing protein RICESLEEPER 2-like	1
5:20000000-20050000	5	20000000	20050000	79	0.223764	0.223764	Vitvi05g02121	20048013	20048839	+	0	Vitvi05g02121	XP_003632050.1 transcription factor IBH1	1
5:20000000-20050000	5	20000000	20050000	79	0.223764	0.223764	Vitvi05g01348	19993998	19996331	+	3669	Vitvi05g01348	XP_010650417.1 auxin efflux carrier component 3	8
7:2150000-2200000	7	2150000	2200000	44	0.223355	0.223355	Vitvi07g00181	2165500	2168025	+	0	Vitvi07g00181	XP_002274682.1 cyclin-P3-1 isoform X1	2
7:2150000-2200000	7	2150000	2200000	44	0.223355	0.223355	Vitvi07g00182	2169259	2172390	-	0	Vitvi07g00182	XP_034690681.1DAR GTPase 3, chloroplastic isoform X1	3
7:2150000-2200000	7	2150000	2200000	44	0.223355	0.223355	Vitvi07g04046	2173366	2178580	-	0	Vitvi07g04046	XP_010652110.1 sm-like protein LSM2	8
7:2150000-2200000	7	2150000	2200000	44	0.223355	0.223355	Vitvi07g00184	2180265	2185150	-	0	Vitvi07g00184	XP_010652109.1 BTB/POZ and MATH domain-containing protein 2	2
7:2150000-2200000	7	2150000	2200000	44	0.223355	0.223355	Vitvi07g02147	2189499	2193254	-	0	Vitvi07g02147	XP_002271507.2 DNA-directed RNA polymerase III subunit RPC8	3
7:2150000-2200000	7	2150000	2200000	44	0.223355	0.223355	Vitvi07g00185	2196790	2203283	+	0	Vitvi07g00185	XP_002274278.1PREDICTED: uncharacterized protein LOC100259706	
7:2150000-2200000	7	2150000	2200000	44	0.223355	0.223355	Vitvi07g00179	2147057	2148682	-	1318	Vitvi07g00179	XP_002274973.1 RAN GTPase-activating protein 1	6
7:2150000-2200000	7	2150000	2200000	44	0.223355	0.223355	Vitvi07g00178	2143573	2146345	+	3655	Vitvi07g00178	XP_002275066.1 chloroplast stem-loop binding protein of 41 kDa a, chloroplastic	4
7:2150000-2200000	7	2150000	2200000	44	0.223355	0.223355	Vitvi07g00186	2204179	2211321	-	4179	Vitvi07g00186	XP_010652106.1 elongation factor Tu, mitochondrial	5
7:2150000-2200000	7	2150000	2200000	44	0.223355	0.223355	Vitvi07g00177	2140339	2142404	-	7596	Vitvi07g00177	XP_002275123.1PREDICTED: uncharacterized protein LOC100261455	1
7:2150000-2200000	7	2150000	2200000	44	0.223355	0.223355	Vitvi07g00176	2137001	2140336	+	9664	Vitvi07g00176	XP_003632364.2PREDICTED: uncharacterized protein LOC100853168 isoform X2	
7:26550000-26600000	7	26550000	26600000	62	0.222388	0.222388	Vitvi07g04741	26552201	26552365	+	0	Vitvi07g04741	CBI21545.3unnamed protein product, partial	
7:26550000-26600000	7	26550000	26600000	62	0.222388	0.222388	Vitvi07g04742	26553824	26554009	+	0	Vitvi07g04742	CBI21545.3unnamed protein product, partial	
7:26550000-26600000	7	26550000	26600000	62	0.222388	0.222388	Vitvi07g01871	26558617	26571427	+	0	Vitvi07g01871	XP_002278286.1 protein S-acyltransferase 8	6
7:26550000-26600000	7	26550000	26600000	62	0.222388	0.222388	Vitvi07g01872	26572572	26580090	+	0	Vitvi07g01872	XP_002278249.1 26S proteasome non-ATPase regulatory subunit 12 homolog A	
7:26550000-26600000	7	26550000	26600000	62	0.222388	0.222388	Vitvi07g01874	26584057	26585386	-	0	Vitvi07g01874	XP_002278226.1 ethylene-responsive transcription factor ERF110	5
7:26550000-26600000	7	26550000	26600000	62	0.222388	0.222388	Vitvi07g01875	26593094	26598447	-	0	Vitvi07g01875	XP_002278202.1 ribonucleoside-diphosphate reductase large subunit	5
7:26550000-26600000	7	26550000	26600000	62	0.222388	0.222388	Vitvi07g02696	26600264	26602140	-	264	Vitvi07g02696	XP_010652894.1 ribonucleoside-diphosphate reductase large subunit-like isoform X2	2
7:26550000-26600000	7	26550000	26600000	62	0.222388	0.222388	Vitvi07g04743	26606039	26606188	-	6039	Vitvi07g04743	RVX21318.1Ribonucleoside-diphosphate reductase large subunit	2
7:26550000-26600000	7	26550000	26600000	62	0.222388	0.222388	Vitvi07g02694	26528925	26541165	-	8835	Vitvi07g02694	XP_002278435.1PREDICTED: uncharacterized protein LOC100245741	
11:4100000-4150000	11	4100000	4150000	40	0.221059	0.221059	Vitvi11g00424	4101516	4104454	+	0	Vitvi11g00424	XP_002285021.2 cytochrome P450 734A1	5
11:4100000-4150000	11	4100000	4150000	40	0.221059	0.221059	Vitvi11g00425	4109247	4119538	-	0	Vitvi11g00425	CBI28156.3unnamed protein product, partial	
11:4100000-4150000	11	4100000	4150000	40	0.221059	0.221059	Vitvi11g04095	4123045	4123311	-	0	Vitvi11g04095	RVW47477.1hypothetical protein CK203_086512	1
11:4100000-4150000	11	4100000	4150000	40	0.221059	0.221059	Vitvi11g00426	4124374	4145888	-	0	Vitvi11g00426	XP_002285026.1 protein arginine N-methyltransferase PRMT10	2
11:4100000-4150000	11	4100000	4150000	40	0.221059	0.221059	Vitvi11g00427	4152376	4154170	+	2376	Vitvi11g00427	XP_010656399.1 probable receptor-like protein kinase At5g20050	4
11:4100000-4150000	11	4100000	4150000	40	0.221059	0.221059	Vitvi11g04094	4094439	4095170	+	4830	Vitvi11g04094	---NA---	
11:4100000-4150000	11	4100000	4150000	40	0.221059	0.221059	Vitvi11g00428	4157119	4178405	+	7119	Vitvi11g00428	XP_010656400.1 acyl-protein thioesterase 2	1
11:4100000-4150000	11	4100000	4150000	40	0.221059	0.221059	Vitvi11g04093	4088343	4092594	+	7406	Vitvi11g04093	RVW47476.1GTP-binding nuclear protein Ran-3	6
17:16250000-16300000	17	16250000	16300000	20	0.219934	0.219934	Vitvi17g04314	16255680	16255910	-	0	Vitvi17g04314	XP_002280942.1 subtilisin-like protease SBT6.1	6
17:16250000-16300000	17	16250000	16300000	20	0.219934	0.219934	Vitvi17g04315	16256164	16256394	-	0	Vitvi17g04315	XP_034692482.1importin-9 isoform X4	4
17:16250000-16300000	17	16250000	16300000	20	0.219934	0.219934	Vitvi17g01146	16271697	16272055	-	0	Vitvi17g01146	XP_002277316.1 S-adenosylmethionine decarboxylase proenzyme 4	3
17:16250000-16300000	17	16250000	16300000	20	0.219934	0.219934	Vitvi17g04316	16272333	16272764	-	0	Vitvi17g04316	XP_034692482.1importin-9 isoform X4	4
17:16250000-16300000	17	16250000	16300000	20	0.219934	0.219934	Vitvi17g01148	16282507	16287234	+	0	Vitvi17g01148	XP_002269277.1 probable metal-nicotianamine transporter YSL7 isoform X1	4
6:20000000-20050000	6	20000000	20050000	70	0.219572	0.219572	Vitvi06g01469	19998928	20001060	+	0	Vitvi06g01469	XP_002277132.1 beta-1,6-galactosyltransferase GALT29A	5
6:20000000-20050000	6	20000000	20050000	70	0.219572	0.219572	Vitvi06g01470	20002103	20006890	-	0	Vitvi06g01470	XP_002274597.2 poly [ADP-ribose] polymerase 3 isoform X2	5
6:20000000-20050000	6	20000000	20050000	70	0.219572	0.219572	Vitvi06g01471	20013431	20016578	-	0	Vitvi06g01471	XP_002277045.1 zinc finger protein WIP3	4
6:20000000-20050000	6	20000000	20050000	70	0.219572	0.219572	Vitvi06g01472	20055218	20105374	+	5218	Vitvi06g01472	XP_010651903.1 probable sodium/metabolite cotransporter BASS4, chloroplastic isoform X1	
11:2350000-2400000	11	2350000	2400000	28	0.218786	0.218786	Vitvi11g00245	2348861	2351678	-	0	Vitvi11g00245	XP_002283391.1PREDICTED: uncharacterized protein LOC100245695	
11:2350000-2400000	11	2350000	2400000	28	0.218786	0.218786	Vitvi11g00247	2360857	2364142	+	0	Vitvi11g00247	XP_010656249.1 profilin-2	4
11:2350000-2400000	11	2350000	2400000	28	0.218786	0.218786	Vitvi11g00248	2365683	2368379	+	0	Vitvi11g00248	XP_002283450.1 profilin-1	4
11:2350000-2400000	11	2350000	2400000	28	0.218786	0.218786	Vitvi11g00249	2370982	2375241	-	0	Vitvi11g00249	XP_002283473.1 glucan endo-1,3-beta-glucosidase 13	3
11:2350000-2400000	11	2350000	2400000	28	0.218786	0.218786	Vitvi11g00250	2377563	2381239	+	0	Vitvi11g00250	XP_002283491.1 mitogen-activated protein kinase kinase 6	3
11:2350000-2400000	11	2350000	2400000	28	0.218786	0.218786	Vitvi11g00251	2383566	2384403	+	0	Vitvi11g00251	XP_002280262.1PREDICTED: uncharacterized protein LOC100249186	
11:2350000-2400000	11	2350000	2400000	28	0.218786	0.218786	Vitvi11g04059	2385246	2387730	-	0	Vitvi11g04059	RVW38323.1hypothetical protein CK203_071223	
11:2350000-2400000	11	2350000	2400000	28	0.218786	0.218786	Vitvi11g00252	2391549	2406945	+	0	Vitvi11g00252	XP_010656250.1 arginine--tRNA ligase, cytoplasmic isoform X1	4
11:2350000-2400000	11	2350000	2400000	28	0.218786	0.218786	Vitvi11g00244	2343223	2345493	-	4507	Vitvi11g00244	XP_002283385.2 acid phosphatase 1	1
11:2350000-2400000	11	2350000	2400000	28	0.218786	0.218786	Vitvi11g00243	2341185	2342435	+	7565	Vitvi11g00243	XP_002280245.2 leucine-rich repeat extensin-like protein 4	1
11:2350000-2400000	11	2350000	2400000	28	0.218786	0.218786	Vitvi11g00254	2407696	2419802	+	7696	Vitvi11g00254	XP_010656252.1 probable serine/threonine-protein kinase vps15 isoform X1	17
14:1400000-1450000	14	1400000	1450000	23	0.218761	0.218761	Vitvi14g00164	1401620	1403713	+	0	Vitvi14g00164	XP_002279376.1 pentatricopeptide repeat-containing protein At1g08070, chloroplastic	1
14:1400000-1450000	14	1400000	1450000	23	0.218761	0.218761	Vitvi14g00165	1404167	1407973	-	0	Vitvi14g00165	XP_002283649.1 40S ribosomal protein S21	3
14:1400000-1450000	14	1400000	1450000	23	0.218761	0.218761	Vitvi14g00166	1409355	1423209	+	0	Vitvi14g00166	XP_002279397.1 cell cycle checkpoint control protein RAD9A isoform X1	5
14:1400000-1450000	14	1400000	1450000	23	0.218761	0.218761	Vitvi14g00167	1424035	1432027	-	0	Vitvi14g00167	XP_002283697.1 stress-related protein	7
14:1400000-1450000	14	1400000	1450000	23	0.218761	0.218761	Vitvi14g00168	1438613	1438987	-	0	Vitvi14g00168	XP_002283709.1 protein RALF-like 33	3
14:1400000-1450000	14	1400000	1450000	23	0.218761	0.218761	Vitvi14g02506	1449599	1460657	-	0	Vitvi14g02506	XP_002279451.1 ATP-dependent Clp protease proteolytic subunit-related protein 3, chloroplastic	9
14:1400000-1450000	14	1400000	1450000	23	0.218761	0.218761	Vitvi14g00163	1390173	1392269	+	7731	Vitvi14g00163	XP_002279364.1 heavy metal-associated isoprenylated plant protein 36	1
18:22700000-22750000	18	22700000	22750000	84	0.218589	0.218589	Vitvi18g01632	22685344	22706391	-	0	Vitvi18g01632	XP_010665137.1 sterol 3-beta-glucosyltransferase UGT80B1 isoform X1	4
18:22700000-22750000	18	22700000	22750000	84	0.218589	0.218589	Vitvi18g02977	22710395	22711611	-	0	Vitvi18g02977	XP_010665136.1 UPF0496 protein At1g20180-like	1
18:22700000-22750000	18	22700000	22750000	84	0.218589	0.218589	Vitvi18g01633	22719150	22719332	+	0	Vitvi18g01633	RVW84986.1Pentatricopeptide repeat-containing protein, mitochondrial	4
18:22700000-22750000	18	22700000	22750000	84	0.218589	0.218589	Vitvi18g01634	22731933	22735688	+	0	Vitvi18g01634	RVX13241.1putative mediator of RNA polymerase II transcription subunit 26c	1
18:22700000-22750000	18	22700000	22750000	84	0.218589	0.218589	Vitvi18g02978	22737097	22744182	+	0	Vitvi18g02978	XP_002266826.1 G-box-binding factor 4	3
18:22700000-22750000	18	22700000	22750000	84	0.218589	0.218589	Vitvi18g01636	22746137	22747627	+	0	Vitvi18g01636	XP_002265483.1 early nodulin-like protein 1	
18:22700000-22750000	18	22700000	22750000	84	0.218589	0.218589	Vitvi18g01637	22748383	22749564	+	0	Vitvi18g01637	XP_010665134.1PREDICTED: uncharacterized protein LOC104882680	1
18:22700000-22750000	18	22700000	22750000	84	0.218589	0.218589	Vitvi18g02979	22755029	22756085	+	5029	Vitvi18g02979	XP_010665133.1PREDICTED: uncharacterized protein LOC104882679	
6:16450000-16500000	6	16450000	16500000	67	0.218515	0.218515	Vitvi06g04358	16458525	16459670	+	0	Vitvi06g04358	RVW13590.1Vacuolar protein sorting-associated protein 41-like	1
6:16450000-16500000	6	16450000	16500000	67	0.218515	0.218515	Vitvi06g04359	16459816	16464144	+	0	Vitvi06g04359	RVW13590.1Vacuolar protein sorting-associated protein 41-like	
6:16450000-16500000	6	16450000	16500000	67	0.218515	0.218515	Vitvi06g01225	16464174	16469340	+	0	Vitvi06g01225	XP_002276189.1 protein SMG7	1
6:16450000-16500000	6	16450000	16500000	67	0.218515	0.218515	Vitvi06g04360	16469491	16470098	+	0	Vitvi06g04360	---NA---	
6:16450000-16500000	6	16450000	16500000	67	0.218515	0.218515	Vitvi06g01226	16485485	16488925	+	0	Vitvi06g01226	XP_002276163.1 non-specific phospholipase C2	7
6:16450000-16500000	6	16450000	16500000	67	0.218515	0.218515	Vitvi06g01227	16489960	16497716	-	0	Vitvi06g01227	XP_002280257.1 hydroxyproline O-arabinosyltransferase 3	1
6:16450000-16500000	6	16450000	16500000	67	0.218515	0.218515	Vitvi06g04357	16442312	16443244	+	6756	Vitvi06g04357	XP_010651667.1 LRR receptor-like serine/threonine-protein kinase ERL1	1
6:16450000-16500000	6	16450000	16500000	67	0.218515	0.218515	Vitvi06g01222	16440387	16442133	+	7867	Vitvi06g01222	XP_010651668.1 LRR receptor-like serine/threonine-protein kinase FLS2	
17:11150000-11200000	17	11150000	11200000	55	0.218492	0.218492	Vitvi17g00878	11146378	11150895	-	0	Vitvi17g00878	XP_003634262.1 probable LRR receptor-like serine/threonine-protein kinase At4g26540	5
17:11150000-11200000	17	11150000	11200000	55	0.218492	0.218492	Vitvi17g00880	11158808	11169697	+	0	Vitvi17g00880	XP_010663127.1 kinetochore protein Spc25	5
17:11150000-11200000	17	11150000	11200000	55	0.218492	0.218492	Vitvi17g00881	11177698	11180154	-	0	Vitvi17g00881	XP_002281557.1 short-chain dehydrogenase TIC 32, chloroplastic isoform X2	1
17:11150000-11200000	17	11150000	11200000	55	0.218492	0.218492	Vitvi17g00882	11200226	11224711	-	226	Vitvi17g00882	XP_002281533.1 suppressor of mec-8 and unc-52 protein homolog 1 isoform X1	4
17:11150000-11200000	17	11150000	11200000	55	0.218492	0.218492	Vitvi17g00877	11139539	11144806	+	5194	Vitvi17g00877	XP_002281671.1 cell division cycle protein 48 homolog	14
14:26950000-27000000	14	26950000	27000000	57	0.218453	0.218453	Vitvi14g01624	26937708	26950739	-	0	Vitvi14g01624	XP_010660827.1 cystinosin homolog isoform X1	
14:26950000-27000000	14	26950000	27000000	57	0.218453	0.218453	Vitvi14g01626	26955496	26957881	+	0	Vitvi14g01626	XP_010660828.1 ATP synthase mitochondrial F1 complex assembly factor 2	2
14:26950000-27000000	14	26950000	27000000	57	0.218453	0.218453	Vitvi14g04605	26958412	26958857	+	0	Vitvi14g04605	RVW25686.1hypothetical protein CK203_102124	2
14:26950000-27000000	14	26950000	27000000	57	0.218453	0.218453	Vitvi14g01627	26959679	26963288	-	0	Vitvi14g01627	XP_002268523.1 succinate dehydrogenase [ubiquinone] iron-sulfur subunit 1, mitochondrial	9
14:26950000-27000000	14	26950000	27000000	57	0.218453	0.218453	Vitvi14g01628	26964209	26964893	+	0	Vitvi14g01628	XP_034707475.1protein NOI4-like	1
14:26950000-27000000	14	26950000	27000000	57	0.218453	0.218453	Vitvi14g01629	26965338	26972083	-	0	Vitvi14g01629	XP_002268612.1 zinc finger CCCH domain-containing protein 67 isoform X1	3
14:26950000-27000000	14	26950000	27000000	57	0.218453	0.218453	Vitvi14g01630	26974240	26974850	-	0	Vitvi14g01630	XP_002268729.1 mavicyanin	3
14:26950000-27000000	14	26950000	27000000	57	0.218453	0.218453	Vitvi14g01631	26975620	26982608	-	0	Vitvi14g01631	XP_002268688.1 uncharacterized membrane protein At3g27390	1
14:26950000-27000000	14	26950000	27000000	57	0.218453	0.218453	Vitvi14g04606	26982379	26982618	-	0	Vitvi14g04606	---NA---	
14:26950000-27000000	14	26950000	27000000	57	0.218453	0.218453	Vitvi14g01632	26984347	26986638	-	0	Vitvi14g01632	XP_002268821.1 pentatricopeptide repeat-containing protein At3g46610	1
14:26950000-27000000	14	26950000	27000000	57	0.218453	0.218453	Vitvi14g01633	26999024	26999784	+	0	Vitvi14g01633	XP_002271245.1 BAG family molecular chaperone regulator 1	1
10:3050000-3100000	10	3050000	3100000	39	0.217977	0.217977	Vitvi10g00270	3049057	3053237	-	0	Vitvi10g00270	XP_010647039.1 probable WRKY transcription factor 20 isoform X1	4
10:3050000-3100000	10	3050000	3100000	39	0.217977	0.217977	Vitvi10g04138	3054353	3057850	+	0	Vitvi10g04138	XP_010647441.1PREDICTED: uncharacterized protein LOC104878571	
10:3050000-3100000	10	3050000	3100000	39	0.217977	0.217977	Vitvi10g04139	3060143	3062470	+	0	Vitvi10g04139	RVW33623.1putative pumilio-like 7, chloroplastic	2
10:3050000-3100000	10	3050000	3100000	39	0.217977	0.217977	Vitvi10g00278	3063584	3066021	-	0	Vitvi10g00278	RVW33619.1Pentatricopeptide repeat-containing protein, mitochondrial	1
10:3050000-3100000	10	3050000	3100000	39	0.217977	0.217977	Vitvi10g04140	3072317	3077592	-	0	Vitvi10g04140	XP_034698670.1thymidine kinase a-like	2
10:3050000-3100000	10	3050000	3100000	39	0.217977	0.217977	Vitvi10g04141	3079997	3085280	+	0	Vitvi10g04141	XP_034698450.1heterogeneous nuclear ribonucleoprotein 1-like	1
10:3050000-3100000	10	3050000	3100000	39	0.217977	0.217977	Vitvi10g00282	3086417	3088402	-	0	Vitvi10g00282	XP_002268209.3 putative yippee-like protein Os10g0369500	
10:3050000-3100000	10	3050000	3100000	39	0.217977	0.217977	Vitvi10g04142	3089253	3093566	-	0	Vitvi10g04142	XP_010655425.1 ras-related protein RABA5a	2
10:3050000-3100000	10	3050000	3100000	39	0.217977	0.217977	Vitvi10g00288	3097772	3101231	+	0	Vitvi10g00288	XP_002267982.1 inositol transporter 4	4
10:3050000-3100000	10	3050000	3100000	39	0.217977	0.217977	Vitvi10g00271	3046879	3048516	+	1484	Vitvi10g00271	RVW87184.1Scarecrow-like protein 13	4
10:3050000-3100000	10	3050000	3100000	39	0.217977	0.217977	Vitvi10g04143	3102648	3105450	-	2648	Vitvi10g04143	XP_003635632.1 U-box domain-containing protein 4	3
10:3050000-3100000	10	3050000	3100000	39	0.217977	0.217977	Vitvi10g04137	3043418	3046611	+	3389	Vitvi10g04137	---NA---	
10:3050000-3100000	10	3050000	3100000	39	0.217977	0.217977	Vitvi10g04144	3104744	3105244	-	4744	Vitvi10g04144	XP_003635632.1 U-box domain-containing protein 4	2
4:2200000-2250000	4	2200000	2250000	51	0.217607	0.217607	Vitvi04g00232	2194705	2204535	+	0	Vitvi04g00232	XP_002280771.2 cryptochrome DASH, chloroplastic/mitochondrial	5
4:2200000-2250000	4	2200000	2250000	51	0.217607	0.217607	Vitvi04g01827	2205271	2208098	-	0	Vitvi04g01827	XP_002282937.1PREDICTED: uncharacterized protein LOC100252636 isoform X1	
4:2200000-2250000	4	2200000	2250000	51	0.217607	0.217607	Vitvi04g01828	2208129	2218330	-	0	Vitvi04g01828	XP_010648436.1PREDICTED: uncharacterized protein LOC104878990	1
4:2200000-2250000	4	2200000	2250000	51	0.217607	0.217607	Vitvi04g00234	2223288	2235517	+	0	Vitvi04g00234	XP_019074707.1 RNA-binding KH domain-containing protein PEPPER-like	1
4:2200000-2250000	4	2200000	2250000	51	0.217607	0.217607	Vitvi04g00235	2237820	2239469	-	0	Vitvi04g00235	XP_002283017.1 tRNA (guanine-N(7)-)-methyltransferase	5
4:2200000-2250000	4	2200000	2250000	51	0.217607	0.217607	Vitvi04g00236	2246370	2249115	+	0	Vitvi04g00236	XP_002280812.1 protein CUP-SHAPED COTYLEDON 2	2
4:2200000-2250000	4	2200000	2250000	51	0.217607	0.217607	Vitvi04g00237	2252970	2259199	-	2970	Vitvi04g00237	XP_002280828.1PREDICTED: uncharacterized protein LOC100254151	1
4:2200000-2250000	4	2200000	2250000	51	0.217607	0.217607	Vitvi04g00231	2188596	2191833	+	8167	Vitvi04g00231	XP_034682973.1protein NPG1-like	1
18:10700000-10750000	18	10700000	10750000	40	0.217265	0.217265	Vitvi18g00968	10687443	10707794	+	0	Vitvi18g00968	XP_010664696.1 maf-like protein DDB_G0281937 isoform X2	1
18:10700000-10750000	18	10700000	10750000	40	0.217265	0.217265	Vitvi18g00969	10711370	10714623	+	0	Vitvi18g00969	XP_002282403.1 3-ketoacyl-CoA synthase 4	6
18:10700000-10750000	18	10700000	10750000	40	0.217265	0.217265	Vitvi18g00970	10718539	10724141	-	0	Vitvi18g00970	XP_019072354.1 sugar transporter ERD6-like 6	4
18:10700000-10750000	18	10700000	10750000	40	0.217265	0.217265	Vitvi18g00971	10728516	10741991	+	0	Vitvi18g00971	XP_002282344.1 probable DNA-3-methyladenine glycosylase 2	2
18:10700000-10750000	18	10700000	10750000	40	0.217265	0.217265	Vitvi18g00972	10744062	10745829	+	0	Vitvi18g00972	XP_002281371.1 zinc-finger homeodomain protein 6	4
18:10700000-10750000	18	10700000	10750000	40	0.217265	0.217265	Vitvi18g02749	10746768	10747487	+	0	Vitvi18g02749	XP_002281359.1 peroxiredoxin-2E-1, chloroplastic-like	1
18:10700000-10750000	18	10700000	10750000	40	0.217265	0.217265	Vitvi18g02750	10748393	10748620	-	0	Vitvi18g02750	---NA---	
18:10700000-10750000	18	10700000	10750000	40	0.217265	0.217265	Vitvi18g00973	10751782	10753401	-	1782	Vitvi18g00973	XP_002282280.1 protein RADIALIS-like 3	3
