region_id	chrom	region_start	region_end	n_snps	mean_window_fst	max_window_fst	gene_id	gene_start	gene_end	strand	distance_to_region_bp	gene_name	description	go_terms
14:7450000-7500000	14	7450000	7500000	26	0.271840	0.271840	Vitvi14g00497	7392378	7450321	-	0	Vitvi14g00497	XP_002263664.1 ankyrin-1	1
14:7450000-7500000	14	7450000	7500000	26	0.271840	0.271840	Vitvi14g00499	7474282	7491924	-	0	Vitvi14g00499	XP_010660140.1 myosin-9 isoform X2	6
1:12900000-12950000	1	12900000	12950000	61	0.271055	0.271055	Vitvi01g01048	12905846	12906870	-	0	Vitvi01g01048	XP_002271277.1PREDICTED: uncharacterized protein LOC100241338	1
1:12900000-12950000	1	12900000	12950000	61	0.271055	0.271055	Vitvi01g01049	12908355	12911650	+	0	Vitvi01g01049	XP_002268605.1 mitochondrial uncoupling protein 3	3
1:12900000-12950000	1	12900000	12950000	61	0.271055	0.271055	Vitvi01g01052	12957739	12960177	+	7739	Vitvi01g01052	XP_002268469.2 myb-related protein 306	1
17:7150000-7350000	17	7150000	7350000	166	0.219530	0.255508	Vitvi17g00560	7145342	7152880	+	0	Vitvi17g00560	XP_002274035.1 protein IQ-DOMAIN 31	1
17:7150000-7350000	17	7150000	7350000	166	0.219530	0.255508	Vitvi17g00561	7153493	7161269	-	0	Vitvi17g00561	XP_002274102.1 ABC transporter A family member 2 isoform X2	7
17:7150000-7350000	17	7150000	7350000	166	0.219530	0.255508	Vitvi17g00562	7162795	7164651	+	0	Vitvi17g00562	XP_002267998.1 pentatricopeptide repeat-containing protein At1g08070, chloroplastic-like	1
17:7150000-7350000	17	7150000	7350000	166	0.219530	0.255508	Vitvi17g00563	7170265	7182483	+	0	Vitvi17g00563	XP_002274303.1 ABC transporter A family member 7	7
17:7150000-7350000	17	7150000	7350000	166	0.219530	0.255508	Vitvi17g00565	7184492	7187118	+	0	Vitvi17g00565	XP_002268039.1 aldose 1-epimerase	4
17:7150000-7350000	17	7150000	7350000	166	0.219530	0.255508	Vitvi17g00566	7190480	7192258	-	0	Vitvi17g00566	XP_019081945.1 pentatricopeptide repeat-containing protein DOT4, chloroplastic-like	1
17:7150000-7350000	17	7150000	7350000	166	0.219530	0.255508	Vitvi17g00567	7193755	7197428	-	0	Vitvi17g00567	XP_003634312.1 vacuolar protein sorting-associated protein 29	5
17:7150000-7350000	17	7150000	7350000	166	0.219530	0.255508	Vitvi17g00568	7201599	7219120	-	0	Vitvi17g00568	RVW90528.1putative serine/threonine-protein kinase PBL3	3
17:7150000-7350000	17	7150000	7350000	166	0.219530	0.255508	Vitvi17g00569	7229525	7230382	-	0	Vitvi17g00569	XP_002274840.1 transcription factor PRE3	4
17:7150000-7350000	17	7150000	7350000	166	0.219530	0.255508	Vitvi17g00570	7240755	7245022	+	0	Vitvi17g00570	XP_002274899.1 F-box/kelch-repeat protein At1g74510	4
17:7150000-7350000	17	7150000	7350000	166	0.219530	0.255508	Vitvi17g00571	7245041	7253000	+	0	Vitvi17g00571	XP_002268222.1 RINT1-like protein MAG2	4
17:7150000-7350000	17	7150000	7350000	166	0.219530	0.255508	Vitvi17g00573	7266979	7267780	+	0	Vitvi17g00573	XP_034672699.1transcription factor ILI3-like	1
17:7150000-7350000	17	7150000	7350000	166	0.219530	0.255508	Vitvi17g00574	7272699	7273463	-	0	Vitvi17g00574	XP_002275117.2 putative pectinesterase/pectinesterase inhibitor 26	3
17:7150000-7350000	17	7150000	7350000	166	0.219530	0.255508	Vitvi17g04155	7273528	7278943	-	0	Vitvi17g04155	XP_002275166.1 40S ribosomal protein S9-2	4
17:7150000-7350000	17	7150000	7350000	166	0.219530	0.255508	Vitvi17g04156	7280898	7323732	-	0	Vitvi17g04156	XP_034672409.1PH, RCC1 and FYVE domains-containing protein 1	1
17:7150000-7350000	17	7150000	7350000	166	0.219530	0.255508	Vitvi17g00577	7327680	7330406	-	0	Vitvi17g00577	XP_002275428.1 HVA22-like protein a isoform X1	5
17:7150000-7350000	17	7150000	7350000	166	0.219530	0.255508	Vitvi17g00578	7331165	7336049	-	0	Vitvi17g00578	XP_010663384.2 transcription factor bHLH47	5
17:7150000-7350000	17	7150000	7350000	166	0.219530	0.255508	Vitvi17g00579	7345542	7356006	-	0	Vitvi17g00579	XP_002275470.1PREDICTED: uncharacterized protein LOC100250065 isoform X1	1
17:7150000-7350000	17	7150000	7350000	166	0.219530	0.255508	Vitvi17g04154	7141967	7143458	+	6542	Vitvi17g04154	---NA---	
9:2300000-2350000	9	2300000	2350000	56	0.248269	0.248269	Vitvi09g00212	2301004	2313273	+	0	Vitvi09g00212	XP_002276282.1 dentin sialophosphoprotein	3
9:2300000-2350000	9	2300000	2350000	56	0.248269	0.248269	Vitvi09g00213	2314359	2319073	+	0	Vitvi09g00213	XP_010654556.1 40S ribosomal protein S15a-5	3
9:2300000-2350000	9	2300000	2350000	56	0.248269	0.248269	Vitvi09g00214	2320240	2336523	+	0	Vitvi09g00214	XP_002281123.1 NADP-specific glutamate dehydrogenase isoform X1	3
9:2300000-2350000	9	2300000	2350000	56	0.248269	0.248269	Vitvi09g00215	2339276	2347181	-	0	Vitvi09g00215	XP_002281163.1 RWD domain-containing protein 1 isoform X2	1
9:2300000-2350000	9	2300000	2350000	56	0.248269	0.248269	Vitvi09g04054	2347224	2347913	+	0	Vitvi09g04054	---NA---	
9:2300000-2350000	9	2300000	2350000	56	0.248269	0.248269	Vitvi09g00216	2348042	2354024	+	0	Vitvi09g00216	XP_010654562.1PREDICTED: uncharacterized protein At1g51745 isoform X2	
9:2300000-2350000	9	2300000	2350000	56	0.248269	0.248269	Vitvi09g00211	2276292	2297422	-	2578	Vitvi09g00211	XP_002281000.1 ubiquitin carboxyl-terminal hydrolase 6	5
9:2300000-2350000	9	2300000	2350000	56	0.248269	0.248269	Vitvi09g01545	2356363	2359720	+	6363	Vitvi09g01545	XP_002281233.1 60S ribosomal protein L28-2	3
2:4350000-4700000	2	4350000	4700000	195	0.209756	0.243260	Vitvi02g00466	4349502	4350956	+	0	Vitvi02g00466	XP_002274870.2 protein DETOXIFICATION 56	4
2:4350000-4700000	2	4350000	4700000	195	0.209756	0.243260	Vitvi02g04121	4356993	4359710	-	0	Vitvi02g04121	---NA---	
2:4350000-4700000	2	4350000	4700000	195	0.209756	0.243260	Vitvi02g04122	4368647	4369030	+	0	Vitvi02g04122	---NA---	
2:4350000-4700000	2	4350000	4700000	195	0.209756	0.243260	Vitvi02g00467	4369210	4372463	+	0	Vitvi02g00467	XP_002281251.1 ACT domain-containing protein ACR8	
2:4350000-4700000	2	4350000	4700000	195	0.209756	0.243260	Vitvi02g00468	4380586	4388576	+	0	Vitvi02g00468	XP_002274756.1 AT-hook motif nuclear-localized protein 1	3
2:4350000-4700000	2	4350000	4700000	195	0.209756	0.243260	Vitvi02g04123	4389575	4390442	+	0	Vitvi02g04123	CAN62363.1hypothetical protein VITISV_031923	3
2:4350000-4700000	2	4350000	4700000	195	0.209756	0.243260	Vitvi02g04124	4392934	4393449	+	0	Vitvi02g04124	CAN62362.1hypothetical protein VITISV_031922	1
2:4350000-4700000	2	4350000	4700000	195	0.209756	0.243260	Vitvi02g00469	4396650	4400026	-	0	Vitvi02g00469	XP_002266380.1 ATP-dependent Clp protease proteolytic subunit-related protein 2, chloroplastic	5
2:4350000-4700000	2	4350000	4700000	195	0.209756	0.243260	Vitvi02g00470	4403312	4407580	-	0	Vitvi02g00470	XP_002266482.1 RNA polymerase II transcription factor B subunit 5	6
2:4350000-4700000	2	4350000	4700000	195	0.209756	0.243260	Vitvi02g00471	4409460	4413590	-	0	Vitvi02g00471	XP_002266561.1 protein cornichon homolog 4	2
2:4350000-4700000	2	4350000	4700000	195	0.209756	0.243260	Vitvi02g00472	4413612	4415362	-	0	Vitvi02g00472	XP_002266596.1PREDICTED: uncharacterized protein At4g22758	
2:4350000-4700000	2	4350000	4700000	195	0.209756	0.243260	Vitvi02g04125	4415735	4416161	+	0	Vitvi02g04125	CAN64317.1hypothetical protein VITISV_027916	
2:4350000-4700000	2	4350000	4700000	195	0.209756	0.243260	Vitvi02g00474	4445936	4449153	+	0	Vitvi02g00474	XP_002270938.2 pentatricopeptide repeat-containing protein At4g22760	4
2:4350000-4700000	2	4350000	4700000	195	0.209756	0.243260	Vitvi02g01423	4451171	4452577	+	0	Vitvi02g01423	XP_010662122.1PREDICTED: uncharacterized protein At4g22758	
2:4350000-4700000	2	4350000	4700000	195	0.209756	0.243260	Vitvi02g04126	4458429	4462790	+	0	Vitvi02g04126	XP_002270978.3 methylsterol monooxygenase 1-1	3
2:4350000-4700000	2	4350000	4700000	195	0.209756	0.243260	Vitvi02g00475	4465192	4473135	-	0	Vitvi02g00475	XP_002266483.2 deoxyribodipyrimidine photo-lyase isoform X1	5
2:4350000-4700000	2	4350000	4700000	195	0.209756	0.243260	Vitvi02g00476	4478959	4483643	-	0	Vitvi02g00476	XP_010662148.1PREDICTED: uncharacterized protein LOC100253287 isoform X3	
2:4350000-4700000	2	4350000	4700000	195	0.209756	0.243260	Vitvi02g04127	4495252	4495741	-	0	Vitvi02g04127	RVX15579.1IRK-interacting protein	
2:4350000-4700000	2	4350000	4700000	195	0.209756	0.243260	Vitvi02g00477	4496098	4498227	-	0	Vitvi02g00477	XP_002266562.2 IRK-interacting protein	
2:4350000-4700000	2	4350000	4700000	195	0.209756	0.243260	Vitvi02g04128	4499805	4500122	-	0	Vitvi02g04128	CAN82556.1hypothetical protein VITISV_040049	
2:4350000-4700000	2	4350000	4700000	195	0.209756	0.243260	Vitvi02g04129	4506278	4511570	+	0	Vitvi02g04129	XP_010662159.1 probable protein S-acyltransferase 14	1
2:4350000-4700000	2	4350000	4700000	195	0.209756	0.243260	Vitvi02g00479	4513081	4517352	+	0	Vitvi02g00479	XP_002267296.2 myeloid leukemia factor 1	1
2:4350000-4700000	2	4350000	4700000	195	0.209756	0.243260	Vitvi02g00480	4518550	4526099	+	0	Vitvi02g00480	XP_002267457.1 peptidyl-tRNA hydrolase ICT1, mitochondrial	2
2:4350000-4700000	2	4350000	4700000	195	0.209756	0.243260	Vitvi02g00481	4526128	4527046	-	0	Vitvi02g00481	XP_002266637.2PREDICTED: uncharacterized protein LOC100249883	
2:4350000-4700000	2	4350000	4700000	195	0.209756	0.243260	Vitvi02g00482	4529230	4532775	+	0	Vitvi02g00482	XP_010662195.1 putative transferase At4g12130, mitochondrial	4
2:4350000-4700000	2	4350000	4700000	195	0.209756	0.243260	Vitvi02g00483	4532775	4536008	-	0	Vitvi02g00483	RVX15349.1Protein NSP-interacting kinase 2	6
2:4350000-4700000	2	4350000	4700000	195	0.209756	0.243260	Vitvi02g00485	4542467	4543737	+	0	Vitvi02g00485	NP_001268124.1serine/threonine kinase-like	3
2:4350000-4700000	2	4350000	4700000	195	0.209756	0.243260	Vitvi02g00486	4549060	4562255	-	0	Vitvi02g00486	XP_002267811.1 maspardin	
2:4350000-4700000	2	4350000	4700000	195	0.209756	0.243260	Vitvi02g00487	4563532	4563810	-	0	Vitvi02g00487	AAS75969.1NADH dehydrogenase subunit F	
2:4350000-4700000	2	4350000	4700000	195	0.209756	0.243260	Vitvi02g04130	4564346	4565449	+	0	Vitvi02g04130	XP_034676966.1uncharacterized protein LOC117907516	
2:4350000-4700000	2	4350000	4700000	195	0.209756	0.243260	Vitvi02g04131	4565540	4569707	+	0	Vitvi02g04131	---NA---	
2:4350000-4700000	2	4350000	4700000	195	0.209756	0.243260	Vitvi02g04132	4582920	4583708	-	0	Vitvi02g04132	RVX15352.1UDP-glucuronate 4-epimerase 3	1
2:4350000-4700000	2	4350000	4700000	195	0.209756	0.243260	Vitvi02g04133	4591300	4592105	-	0	Vitvi02g04133	CBI22156.3unnamed protein product, partial	1
2:4350000-4700000	2	4350000	4700000	195	0.209756	0.243260	Vitvi02g04134	4593989	4595036	-	0	Vitvi02g04134	RVX15426.1hypothetical protein CK203_008991	1
2:4350000-4700000	2	4350000	4700000	195	0.209756	0.243260	Vitvi02g04135	4595193	4595804	-	0	Vitvi02g04135	RVX15427.1hypothetical protein CK203_008992	
2:4350000-4700000	2	4350000	4700000	195	0.209756	0.243260	Vitvi02g04136	4603614	4607071	+	0	Vitvi02g04136	RVX15421.1Primary amine oxidase	8
2:4350000-4700000	2	4350000	4700000	195	0.209756	0.243260	Vitvi02g04137	4625515	4625853	+	0	Vitvi02g04137	---NA---	
2:4350000-4700000	2	4350000	4700000	195	0.209756	0.243260	Vitvi02g04138	4626028	4626354	+	0	Vitvi02g04138	---NA---	
2:4350000-4700000	2	4350000	4700000	195	0.209756	0.243260	Vitvi02g01823	4627092	4628941	+	0	Vitvi02g01823	XP_002264150.2 protein ODORANT1	3
2:4350000-4700000	2	4350000	4700000	195	0.209756	0.243260	Vitvi02g04139	4634712	4635742	+	0	Vitvi02g04139	RVX09068.1Geraniol 8-hydroxylase	7
2:4350000-4700000	2	4350000	4700000	195	0.209756	0.243260	Vitvi02g00496	4638084	4639334	+	0	Vitvi02g00496	RVX15567.1hypothetical protein CK203_009014	1
2:4350000-4700000	2	4350000	4700000	195	0.209756	0.243260	Vitvi02g00495	4639904	4651682	+	0	Vitvi02g00495	RVX15569.1putative ribonuclease H protein	8
2:4350000-4700000	2	4350000	4700000	195	0.209756	0.243260	Vitvi02g01427	4653980	4656228	+	0	Vitvi02g01427	XP_002263860.2 flavonoid 3'-monooxygenase	5
2:4350000-4700000	2	4350000	4700000	195	0.209756	0.243260	Vitvi02g04140	4657505	4658299	+	0	Vitvi02g04140	RVX15571.1hypothetical protein CK203_009010	1
2:4350000-4700000	2	4350000	4700000	195	0.209756	0.243260	Vitvi02g04141	4662944	4663410	+	0	Vitvi02g04141	CBI38442.3unnamed protein product, partial	4
2:4350000-4700000	2	4350000	4700000	195	0.209756	0.243260	Vitvi02g01429	4671071	4682420	-	0	Vitvi02g01429	ABY87519.1Hsp70-interacting protein 1	1
2:4350000-4700000	2	4350000	4700000	195	0.209756	0.243260	Vitvi02g04142	4687153	4689439	-	0	Vitvi02g04142	XP_010646816.1 probable non-specific lipid-transfer protein AKCS9	3
2:4350000-4700000	2	4350000	4700000	195	0.209756	0.243260	Vitvi02g00498	4697119	4702653	+	0	Vitvi02g00498	XP_002264554.1PREDICTED: uncharacterized protein LOC100245386	2
2:4350000-4700000	2	4350000	4700000	195	0.209756	0.243260	Vitvi02g00499	4703326	4703925	+	3326	Vitvi02g00499	RVX15632.1Pectinesterase inhibitor 9	2
2:4350000-4700000	2	4350000	4700000	195	0.209756	0.243260	Vitvi02g00500	4707056	4708253	+	7056	Vitvi02g00500	XP_002264799.1 21 kDa protein-like isoform X2	2
4:2100000-2150000	4	2100000	2150000	24	0.240564	0.240564	Vitvi04g00221	2100498	2108313	-	0	Vitvi04g00221	XP_002280681.2 uncharacterized aarF domain-containing protein kinase At4g31390, chloroplastic	3
4:2100000-2150000	4	2100000	2150000	24	0.240564	0.240564	Vitvi04g00223	2118236	2121066	+	0	Vitvi04g00223	XP_002282796.1 replication protein A 32 kDa subunit A	8
4:2100000-2150000	4	2100000	2150000	24	0.240564	0.240564	Vitvi04g00224	2121423	2128862	-	0	Vitvi04g00224	XP_002280695.1 V-type proton ATPase catalytic subunit A	6
4:2100000-2150000	4	2100000	2150000	24	0.240564	0.240564	Vitvi04g01825	2129474	2136207	+	0	Vitvi04g01825	XP_002282811.1 selenoprotein H	1
4:2100000-2150000	4	2100000	2150000	24	0.240564	0.240564	Vitvi04g00225	2136139	2139274	-	0	Vitvi04g00225	XP_002282846.1 fasciclin-like arabinogalactan protein 14	1
4:2100000-2150000	4	2100000	2150000	24	0.240564	0.240564	Vitvi04g00226	2143652	2143978	+	0	Vitvi04g00226	XP_003631818.1 flowering-promoting factor 1-like protein 2	2
4:2100000-2150000	4	2100000	2150000	24	0.240564	0.240564	Vitvi04g04057	2147238	2148794	+	0	Vitvi04g04057	RVW52305.1hypothetical protein CK203_093406	1
4:2100000-2150000	4	2100000	2150000	24	0.240564	0.240564	Vitvi04g00228	2150439	2158286	-	439	Vitvi04g00228	XP_034683843.1glycosyltransferase BC10 isoform X3	2
4:2100000-2150000	4	2100000	2150000	24	0.240564	0.240564	Vitvi04g04056	2096616	2098213	-	1787	Vitvi04g04056	---NA---	
4:2100000-2150000	4	2100000	2150000	24	0.240564	0.240564	Vitvi04g00220	2094805	2096457	-	3543	Vitvi04g00220	XP_002282756.1PREDICTED: uncharacterized protein LOC100250872	
4:2100000-2150000	4	2100000	2150000	24	0.240564	0.240564	Vitvi04g00219	2089180	2092935	+	7065	Vitvi04g00219	XP_002282746.1 cytoplasmic 60S subunit biogenesis factor REI1 homolog 1	5
4:2100000-2150000	4	2100000	2150000	24	0.240564	0.240564	Vitvi04g04058	2158436	2160507	-	8436	Vitvi04g04058	---NA---	
17:13000000-13050000	17	13000000	13050000	50	0.233271	0.233271	Vitvi17g04281	13008136	13009943	+	0	Vitvi17g04281	RVW82923.1Calcium-transporting ATPase 10, plasma membrane-type	1
17:13000000-13050000	17	13000000	13050000	50	0.233271	0.233271	Vitvi17g04282	13011532	13013166	+	0	Vitvi17g04282	CAN67933.1hypothetical protein VITISV_006532	8
17:13000000-13050000	17	13000000	13050000	50	0.233271	0.233271	Vitvi17g01015	13016658	13031709	+	0	Vitvi17g01015	XP_034672674.1B3 domain-containing protein Os01g0905400-like	2
17:13000000-13050000	17	13000000	13050000	50	0.233271	0.233271	Vitvi17g01016	13032295	13033881	-	0	Vitvi17g01016	XP_002274703.1 adenine/guanine permease AZG2	6
17:13000000-13050000	17	13000000	13050000	50	0.233271	0.233271	Vitvi17g01017	13044250	13048005	+	0	Vitvi17g01017	XP_002274673.1 two-component response regulator ORR26 isoform X1	3
17:13000000-13050000	17	13000000	13050000	50	0.233271	0.233271	Vitvi17g01013	12987606	12991996	-	8004	Vitvi17g01013	XP_010663045.1 probable E3 ubiquitin-protein ligase makorin-2 isoform X1	
17:13000000-13050000	17	13000000	13050000	50	0.233271	0.233271	Vitvi17g01018	13059149	13080909	+	9149	Vitvi17g01018	XP_019082172.1 two-component response regulator ORR26-like isoform X2	3
3:950000-1000000	3	950000	1000000	57	0.229708	0.229708	Vitvi03g01344	949443	950306	-	0	Vitvi03g01344	XP_010647717.1 metalloendoproteinase 1-like	4
3:950000-1000000	3	950000	1000000	57	0.229708	0.229708	Vitvi03g04027	951180	951458	-	0	Vitvi03g04027	RVW36532.1hypothetical protein CK203_072772	4
3:950000-1000000	3	950000	1000000	57	0.229708	0.229708	Vitvi03g01345	956995	957366	+	0	Vitvi03g01345	CBI37966.3unnamed protein product, partial	
3:950000-1000000	3	950000	1000000	57	0.229708	0.229708	Vitvi03g04028	958531	958842	-	0	Vitvi03g04028	RVW36561.1Pentatricopeptide repeat-containing protein	
3:950000-1000000	3	950000	1000000	57	0.229708	0.229708	Vitvi03g00072	958865	960295	-	0	Vitvi03g00072	XP_034680272.1pentatricopeptide repeat-containing protein At2g13600-like	1
3:950000-1000000	3	950000	1000000	57	0.229708	0.229708	Vitvi03g01346	960879	961163	-	0	Vitvi03g01346	XP_010647509.1 auxin-induced protein X15	1
3:950000-1000000	3	950000	1000000	57	0.229708	0.229708	Vitvi03g01347	962418	962705	-	0	Vitvi03g01347	XP_003631580.1 auxin-responsive protein SAUR21	1
3:950000-1000000	3	950000	1000000	57	0.229708	0.229708	Vitvi03g01348	964989	965566	+	0	Vitvi03g01348	XP_003631579.1 auxin-responsive protein SAUR21	1
3:950000-1000000	3	950000	1000000	57	0.229708	0.229708	Vitvi03g01349	966468	967063	+	0	Vitvi03g01349	XP_019074567.1 auxin-induced protein 15A-like	1
3:950000-1000000	3	950000	1000000	57	0.229708	0.229708	Vitvi03g01350	968182	969002	+	0	Vitvi03g01350	XP_002271501.1 auxin-responsive protein SAUR21	1
3:950000-1000000	3	950000	1000000	57	0.229708	0.229708	Vitvi03g01351	969690	970327	+	0	Vitvi03g01351	RVW36555.1Auxin-induced protein 15A	1
3:950000-1000000	3	950000	1000000	57	0.229708	0.229708	Vitvi03g04029	971490	972233	+	0	Vitvi03g04029	XP_002276058.2 auxin-induced protein X15	1
3:950000-1000000	3	950000	1000000	57	0.229708	0.229708	Vitvi03g01353	973793	974451	+	0	Vitvi03g01353	XP_002271620.1 auxin-responsive protein SAUR21	1
3:950000-1000000	3	950000	1000000	57	0.229708	0.229708	Vitvi03g01354	975405	975689	+	0	Vitvi03g01354	XP_010647476.1 auxin-induced protein X15	1
3:950000-1000000	3	950000	1000000	57	0.229708	0.229708	Vitvi03g04030	977087	977467	+	0	Vitvi03g04030	CAN65267.1hypothetical protein VITISV_040134	
3:950000-1000000	3	950000	1000000	57	0.229708	0.229708	Vitvi03g01355	978801	979688	+	0	Vitvi03g01355	XP_010647716.1 metalloendoproteinase 1-like	6
3:950000-1000000	3	950000	1000000	57	0.229708	0.229708	Vitvi03g01356	982943	983230	-	0	Vitvi03g01356	XP_002271793.1 auxin-responsive protein SAUR21	1
3:950000-1000000	3	950000	1000000	57	0.229708	0.229708	Vitvi03g01357	985682	985969	-	0	Vitvi03g01357	XP_002276185.1 auxin-responsive protein SAUR21	1
3:950000-1000000	3	950000	1000000	57	0.229708	0.229708	Vitvi03g01358	987390	987677	-	0	Vitvi03g01358	CBI37958.3unnamed protein product, partial	1
3:950000-1000000	3	950000	1000000	57	0.229708	0.229708	Vitvi03g04031	988744	989073	-	0	Vitvi03g04031	RVW93295.1Auxin-responsive protein SAUR22	1
3:950000-1000000	3	950000	1000000	57	0.229708	0.229708	Vitvi03g01359	990588	991294	+	0	Vitvi03g01359	XP_002276204.1 auxin-induced protein X15	1
3:950000-1000000	3	950000	1000000	57	0.229708	0.229708	Vitvi03g01360	993860	994691	+	0	Vitvi03g01360	XP_002276227.1 auxin-responsive protein SAUR21	1
3:950000-1000000	3	950000	1000000	57	0.229708	0.229708	Vitvi03g01361	996847	997134	-	0	Vitvi03g01361	XP_002276250.1 auxin-responsive protein SAUR21	1
3:950000-1000000	3	950000	1000000	57	0.229708	0.229708	Vitvi03g01362	999739	1000499	+	0	Vitvi03g01362	XP_002276271.1 auxin-induced protein 15A	1
3:950000-1000000	3	950000	1000000	57	0.229708	0.229708	Vitvi03g01363	1002764	1003567	+	2764	Vitvi03g01363	XP_019074566.1 auxin-responsive protein SAUR21-like	1
3:950000-1000000	3	950000	1000000	57	0.229708	0.229708	Vitvi03g01364	1005275	1005562	-	5275	Vitvi03g01364	XP_034681454.1auxin-responsive protein SAUR21-like	1
3:950000-1000000	3	950000	1000000	57	0.229708	0.229708	Vitvi03g01365	1007737	1009202	+	7737	Vitvi03g01365	XP_002276347.1 auxin-induced protein 15A-like	1
14:1100000-1250000	14	1100000	1250000	142	0.210377	0.229580	Vitvi14g00137	1094461	1106814	-	0	Vitvi14g00137	XP_002283157.1 topless-related protein 3	3
14:1100000-1250000	14	1100000	1250000	142	0.210377	0.229580	Vitvi14g00138	1117512	1127904	+	0	Vitvi14g00138	XP_019080219.1 fumarate hydratase 1, mitochondrial isoform X2	4
14:1100000-1250000	14	1100000	1250000	142	0.210377	0.229580	Vitvi14g00141	1134078	1136807	+	0	Vitvi14g00141	XP_034705755.150S ribosomal protein L18	4
14:1100000-1250000	14	1100000	1250000	142	0.210377	0.229580	Vitvi14g00142	1140254	1142482	+	0	Vitvi14g00142	XP_002283180.1 dormancy-associated protein homolog 3	
14:1100000-1250000	14	1100000	1250000	142	0.210377	0.229580	Vitvi14g00143	1145744	1152650	+	0	Vitvi14g00143	XP_002278737.2PREDICTED: uncharacterized protein LOC100263144 isoform X1	2
14:1100000-1250000	14	1100000	1250000	142	0.210377	0.229580	Vitvi14g00144	1153284	1157573	-	0	Vitvi14g00144	XP_002283253.1 serine/threonine-protein phosphatase PP1	3
14:1100000-1250000	14	1100000	1250000	142	0.210377	0.229580	Vitvi14g02487	1165452	1165964	-	0	Vitvi14g02487	XP_002283241.1PREDICTED: uncharacterized protein LOC100263080	
14:1100000-1250000	14	1100000	1250000	142	0.210377	0.229580	Vitvi14g04040	1166576	1167097	-	0	Vitvi14g04040	RVW97852.1hypothetical protein CK203_021202	
14:1100000-1250000	14	1100000	1250000	142	0.210377	0.229580	Vitvi14g04041	1168565	1168831	+	0	Vitvi14g04041	CAN61930.1hypothetical protein VITISV_029934	
14:1100000-1250000	14	1100000	1250000	142	0.210377	0.229580	Vitvi14g00146	1182518	1182994	-	0	Vitvi14g00146	XP_002283277.1PREDICTED: uncharacterized protein At5g01610	
14:1100000-1250000	14	1100000	1250000	142	0.210377	0.229580	Vitvi14g02489	1187485	1187976	-	0	Vitvi14g02489	XP_010659664.1PREDICTED: uncharacterized protein LOC100244347	
14:1100000-1250000	14	1100000	1250000	142	0.210377	0.229580	Vitvi14g02490	1192152	1192676	-	0	Vitvi14g02490	RVW60363.1hypothetical protein CK203_089864	1
14:1100000-1250000	14	1100000	1250000	142	0.210377	0.229580	Vitvi14g02491	1197191	1197721	-	0	Vitvi14g02491	XP_019080288.1PREDICTED: uncharacterized protein LOC109123816	
14:1100000-1250000	14	1100000	1250000	142	0.210377	0.229580	Vitvi14g04042	1202781	1203296	-	0	Vitvi14g04042	XP_019080459.1PREDICTED: uncharacterized protein LOC100261473	
14:1100000-1250000	14	1100000	1250000	142	0.210377	0.229580	Vitvi14g04043	1208699	1209114	-	0	Vitvi14g04043	XP_010659663.1PREDICTED: uncharacterized protein LOC100256166	
14:1100000-1250000	14	1100000	1250000	142	0.210377	0.229580	Vitvi14g02493	1217341	1217841	-	0	Vitvi14g02493	XP_002283314.1PREDICTED: uncharacterized protein LOC100252793	
14:1100000-1250000	14	1100000	1250000	142	0.210377	0.229580	Vitvi14g02494	1226269	1226760	-	0	Vitvi14g02494	XP_010659661.1PREDICTED: uncharacterized protein LOC100251008	
14:1100000-1250000	14	1100000	1250000	142	0.210377	0.229580	Vitvi14g02495	1229714	1230223	-	0	Vitvi14g02495	XP_002283330.1PREDICTED: uncharacterized protein LOC100247685	
14:1100000-1250000	14	1100000	1250000	142	0.210377	0.229580	Vitvi14g04044	1232017	1233201	-	0	Vitvi14g04044	CAN77269.1hypothetical protein VITISV_022053	1
14:1100000-1250000	14	1100000	1250000	142	0.210377	0.229580	Vitvi14g02497	1235252	1236303	-	0	Vitvi14g02497	XP_002283342.1PREDICTED: uncharacterized protein LOC100242551	
14:1100000-1250000	14	1100000	1250000	142	0.210377	0.229580	Vitvi14g04045	1238170	1238646	-	0	Vitvi14g04045	XP_002283350.1PREDICTED: uncharacterized protein LOC100264841	
14:1100000-1250000	14	1100000	1250000	142	0.210377	0.229580	Vitvi14g00147	1240506	1242534	-	0	Vitvi14g00147	RVW97796.1Bidirectional sugar transporter SWEET17	2
14:1100000-1250000	14	1100000	1250000	142	0.210377	0.229580	Vitvi14g04046	1245819	1246504	-	0	Vitvi14g04046	XP_019080342.1 bidirectional sugar transporter SWEET17-like	2
14:1100000-1250000	14	1100000	1250000	142	0.210377	0.229580	Vitvi14g00148	1249122	1250749	-	0	Vitvi14g00148	RVW97798.1Bidirectional sugar transporter SWEET17	3
14:1100000-1250000	14	1100000	1250000	142	0.210377	0.229580	Vitvi14g04047	1255062	1255532	-	5062	Vitvi14g04047	XP_019080516.1 bidirectional sugar transporter SWEET16-like	2
14:1100000-1250000	14	1100000	1250000	142	0.210377	0.229580	Vitvi14g04039	1091259	1092893	+	7107	Vitvi14g04039	RVW97883.1Xyloglucan endotransglucosylase/hydrolase protein 2	7
14:1100000-1250000	14	1100000	1250000	142	0.210377	0.229580	Vitvi14g00149	1257540	1260395	-	7540	Vitvi14g00149	XP_002279031.1 bidirectional sugar transporter SWEET16	4
4:850000-900000	4	850000	900000	39	0.224938	0.224938	Vitvi04g04031	850562	851134	-	0	Vitvi04g04031	XP_028751499.1eukaryotic initiation factor 4A-1-like	8
4:850000-900000	4	850000	900000	39	0.224938	0.224938	Vitvi04g04032	851175	851873	-	0	Vitvi04g04032	RVX17435.1Eukaryotic initiation factor 4A-8	5
4:850000-900000	4	850000	900000	39	0.224938	0.224938	Vitvi04g00083	854537	859294	+	0	Vitvi04g00083	XP_002278119.1 eukaryotic initiation factor 4A-11	8
4:850000-900000	4	850000	900000	39	0.224938	0.224938	Vitvi04g01786	861064	861411	+	0	Vitvi04g01786	XP_010648337.1PREDICTED: uncharacterized protein LOC104878982	
4:850000-900000	4	850000	900000	39	0.224938	0.224938	Vitvi04g00084	866896	873141	+	0	Vitvi04g00084	XP_002278242.1 probable magnesium transporter NIPA9	5
4:850000-900000	4	850000	900000	39	0.224938	0.224938	Vitvi04g00085	876120	879263	-	0	Vitvi04g00085	XP_002278305.1 cytokinin riboside 5'-monophosphate phosphoribohydrolase LOG8	4
4:850000-900000	4	850000	900000	39	0.224938	0.224938	Vitvi04g01787	885980	887000	-	0	Vitvi04g01787	XP_019074719.1PREDICTED: uncharacterized protein LOC100261115	1
4:850000-900000	4	850000	900000	39	0.224938	0.224938	Vitvi04g00086	887556	888260	+	0	Vitvi04g00086	KAF3447549.1hypothetical protein FNV43_RR12735	
4:850000-900000	4	850000	900000	39	0.224938	0.224938	Vitvi04g00087	891537	896526	+	0	Vitvi04g00087	XP_002278410.1 graves disease carrier protein	4
4:850000-900000	4	850000	900000	39	0.224938	0.224938	Vitvi04g00088	900834	904107	+	834	Vitvi04g00088	XP_002278508.1 IQ domain-containing protein IQM1	1
4:850000-900000	4	850000	900000	39	0.224938	0.224938	Vitvi04g00089	907383	910194	+	7383	Vitvi04g00089	XP_002279054.1 protein IQ-DOMAIN 1	2
4:850000-900000	4	850000	900000	39	0.224938	0.224938	Vitvi04g00081	836521	842387	+	7613	Vitvi04g00081	XP_010648273.1 calcineurin B-like protein 07 isoform X1	2
17:6700000-6750000	17	6700000	6750000	21	0.221762	0.221762	Vitvi17g00514	6704472	6711368	-	0	Vitvi17g00514	XP_010663426.1 HIPL1 protein isoform X1	2
17:6700000-6750000	17	6700000	6750000	21	0.221762	0.221762	Vitvi17g00515	6712729	6724523	-	0	Vitvi17g00515	XP_002269071.1 formin-like protein 5	2
17:6700000-6750000	17	6700000	6750000	21	0.221762	0.221762	Vitvi17g00516	6730536	6732837	-	0	Vitvi17g00516	XP_010663424.1 protein NUCLEAR FUSION DEFECTIVE 4	3
17:6700000-6750000	17	6700000	6750000	21	0.221762	0.221762	Vitvi17g00518	6733143	6735574	-	0	Vitvi17g00518	XP_002266530.2 protein NUCLEAR FUSION DEFECTIVE 4	2
17:6700000-6750000	17	6700000	6750000	21	0.221762	0.221762	Vitvi17g00519	6743053	6755462	+	0	Vitvi17g00519	XP_002266572.2 zinc finger protein BRUTUS-like At1g18910 isoform X1	5
17:8800000-8850000	17	8800000	8850000	34	0.218811	0.218811	Vitvi17g00700	8788062	8813837	+	0	Vitvi17g00700	ALP48438.1flavonoid 3'-hydroxylase	4
17:8800000-8850000	17	8800000	8850000	34	0.218811	0.218811	Vitvi17g00701	8823707	8880054	-	0	Vitvi17g00701	XP_002284129.1 DExH-box ATP-dependent RNA helicase DExH14 isoform X1	2
17:6500000-6550000	17	6500000	6550000	34	0.217594	0.217594	Vitvi17g01446	6493377	6504379	-	0	Vitvi17g01446	XP_002266495.2PREDICTED: uncharacterized protein LOC100260307	
17:6500000-6550000	17	6500000	6550000	34	0.217594	0.217594	Vitvi17g00496	6514009	6527401	+	0	Vitvi17g00496	XP_010663448.1 putative G3BP-like protein isoform X2	5
17:6500000-6550000	17	6500000	6550000	34	0.217594	0.217594	Vitvi17g00497	6527810	6528733	-	0	Vitvi17g00497	XP_002265727.3PREDICTED: uncharacterized protein LOC100243309	1
17:6500000-6550000	17	6500000	6550000	34	0.217594	0.217594	Vitvi17g00498	6528999	6532998	+	0	Vitvi17g00498	XP_002266901.1 mitochondrial import receptor subunit TOM5 homolog	2
17:6500000-6550000	17	6500000	6550000	34	0.217594	0.217594	Vitvi17g01447	6535654	6539165	+	0	Vitvi17g01447	XP_010663445.1PREDICTED: uncharacterized protein LOC100265622	
17:6500000-6550000	17	6500000	6550000	34	0.217594	0.217594	Vitvi17g04137	6540037	6540553	+	0	Vitvi17g04137	RVW35562.1Ninja-family protein AFP3	1
17:6500000-6550000	17	6500000	6550000	34	0.217594	0.217594	Vitvi17g01448	6541417	6544385	+	0	Vitvi17g01448	XP_010663438.1 formin-like protein 5	4
8:16800000-16850000	8	16800000	16850000	37	0.215562	0.215562	Vitvi08g01401	16800283	16801280	-	0	Vitvi08g01401	XP_034694419.1secoisolariciresinol dehydrogenase-like	1
8:16800000-16850000	8	16800000	16850000	37	0.215562	0.215562	Vitvi08g04296	16804358	16805315	-	0	Vitvi08g04296	XP_002275746.2 secoisolariciresinol dehydrogenase-like	1
8:16800000-16850000	8	16800000	16850000	37	0.215562	0.215562	Vitvi08g01402	16811549	16812352	+	0	Vitvi08g01402	XP_002275768.1 tropinone reductase-like 1	1
8:16800000-16850000	8	16800000	16850000	37	0.215562	0.215562	Vitvi08g01403	16819576	16821274	-	0	Vitvi08g01403	XP_002281462.1 secoisolariciresinol dehydrogenase-like isoform X1	1
8:16800000-16850000	8	16800000	16850000	37	0.215562	0.215562	Vitvi08g04297	16821479	16822630	-	0	Vitvi08g04297	CAN78993.1hypothetical protein VITISV_001799	1
8:16800000-16850000	8	16800000	16850000	37	0.215562	0.215562	Vitvi08g04298	16823013	16823297	-	0	Vitvi08g04298	CBI30351.3unnamed protein product, partial	
8:16800000-16850000	8	16800000	16850000	37	0.215562	0.215562	Vitvi08g04299	16825180	16825996	-	0	Vitvi08g04299	RVX11979.1Tropinone reductase-like 2	1
8:16800000-16850000	8	16800000	16850000	37	0.215562	0.215562	Vitvi08g01406	16827332	16834326	+	0	Vitvi08g01406	RVX06164.1IAA-amino acid hydrolase ILR1	3
8:16800000-16850000	8	16800000	16850000	37	0.215562	0.215562	Vitvi08g01408	16840340	16842715	+	0	Vitvi08g01408	XP_002275866.2 IAA-amino acid hydrolase ILR1	3
8:16800000-16850000	8	16800000	16850000	37	0.215562	0.215562	Vitvi08g01409	16844206	16845891	-	0	Vitvi08g01409	RVX06166.1putative pentatricopeptide repeat-containing protein	1
8:16800000-16850000	8	16800000	16850000	37	0.215562	0.215562	Vitvi08g01410	16850980	16855361	-	980	Vitvi08g01410	XP_010654126.1PREDICTED: uncharacterized protein At5g41620 isoform X1	1
8:16800000-16850000	8	16800000	16850000	37	0.215562	0.215562	Vitvi08g01411	16859476	16865465	+	9476	Vitvi08g01411	XP_002281618.1 lysosomal Pro-X carboxypeptidase	4
4:650000-750000	4	650000	750000	99	0.208406	0.215467	Vitvi04g00059	649089	655458	+	0	Vitvi04g00059	XP_002278710.1PREDICTED: uncharacterized protein LOC100247482 isoform X2	5
4:650000-750000	4	650000	750000	99	0.208406	0.215467	Vitvi04g00060	655958	657610	-	0	Vitvi04g00060	XP_002276954.2 probable protein phosphatase 2C 72	2
4:650000-750000	4	650000	750000	99	0.208406	0.215467	Vitvi04g04025	659277	664073	-	0	Vitvi04g04025	XP_002277081.1PREDICTED: uncharacterized protein LOC100260976	5
4:650000-750000	4	650000	750000	99	0.208406	0.215467	Vitvi04g00062	664512	670333	+	0	Vitvi04g00062	XP_002277123.1 PITH domain-containing protein 1	
4:650000-750000	4	650000	750000	99	0.208406	0.215467	Vitvi04g00063	671649	676462	+	0	Vitvi04g00063	XP_002277146.1 serine hydroxymethyltransferase 3, chloroplastic	12
4:650000-750000	4	650000	750000	99	0.208406	0.215467	Vitvi04g01782	676790	678072	+	0	Vitvi04g01782	XP_010648322.1PREDICTED: uncharacterized protein C6G9.01c	
4:650000-750000	4	650000	750000	99	0.208406	0.215467	Vitvi04g00064	679845	682921	-	0	Vitvi04g00064	XP_010648323.1 60S ribosomal protein L28-1 isoform X1	3
4:650000-750000	4	650000	750000	99	0.208406	0.215467	Vitvi04g00065	685927	690668	+	0	Vitvi04g00065	XP_002277290.1 ferrochelatase-2, chloroplastic	5
4:650000-750000	4	650000	750000	99	0.208406	0.215467	Vitvi04g04026	690678	695573	-	0	Vitvi04g04026	XP_002277333.1PREDICTED: uncharacterized protein LOC100267911	3
4:650000-750000	4	650000	750000	99	0.208406	0.215467	Vitvi04g00066	695683	701708	-	0	Vitvi04g00066	XP_002278761.1 far upstream element-binding protein 2	4
4:650000-750000	4	650000	750000	99	0.208406	0.215467	Vitvi04g00067	705753	710638	-	0	Vitvi04g00067	XP_002277483.1 NADH dehydrogenase [ubiquinone] iron-sulfur protein 7, mitochondrial	9
4:650000-750000	4	650000	750000	99	0.208406	0.215467	Vitvi04g00068	711758	720598	-	0	Vitvi04g00068	XP_002277550.1 serine/threonine protein phosphatase 2A 55 kDa regulatory subunit B beta isoform isoform X1	6
4:650000-750000	4	650000	750000	99	0.208406	0.215467	Vitvi04g00069	722436	725832	+	0	Vitvi04g00069	XP_010648328.1PREDICTED: uncharacterized protein LOC104878980 isoform X1	1
4:650000-750000	4	650000	750000	99	0.208406	0.215467	Vitvi04g00070	731880	736671	+	0	Vitvi04g00070	XP_002277611.1 pollen-specific protein SF21	1
4:650000-750000	4	650000	750000	99	0.208406	0.215467	Vitvi04g00071	739293	740532	-	0	Vitvi04g00071	XP_002277629.1 inorganic pyrophosphatase 3	3
4:650000-750000	4	650000	750000	99	0.208406	0.215467	Vitvi04g00072	742533	745554	-	0	Vitvi04g00072	XP_010648330.1 homeobox protein ATH1	3
4:650000-750000	4	650000	750000	99	0.208406	0.215467	Vitvi04g04027	745587	748093	-	0	Vitvi04g04027	RVW52433.1Homeobox protein ATH1	
4:650000-750000	4	650000	750000	99	0.208406	0.215467	Vitvi04g04024	636705	642406	-	7594	Vitvi04g04024	XP_002276759.2 vacuolar-processing enzyme	4
4:650000-750000	4	650000	750000	99	0.208406	0.215467	Vitvi04g00075	759022	759579	-	9022	Vitvi04g00075	XP_010648333.1 abscisic acid receptor PYL2	9
2:5050000-5400000	2	5050000	5400000	257	0.198051	0.209626	Vitvi02g04156	5070442	5080920	+	0	Vitvi02g04156	XP_034709511.1oxysterol-binding protein-related protein 2A-like isoform X3	3
2:5050000-5400000	2	5050000	5400000	257	0.198051	0.209626	Vitvi02g00529	5088268	5092136	-	0	Vitvi02g00529	RVX15619.1Protein NRT1/ PTR family 6.3	4
2:5050000-5400000	2	5050000	5400000	257	0.198051	0.209626	Vitvi02g04157	5098371	5098643	-	0	Vitvi02g04157	CAN80918.1hypothetical protein VITISV_002639	
2:5050000-5400000	2	5050000	5400000	257	0.198051	0.209626	Vitvi02g01438	5103160	5103561	-	0	Vitvi02g01438	XP_002271619.1 14 kDa proline-rich protein DC2.15	1
2:5050000-5400000	2	5050000	5400000	257	0.198051	0.209626	Vitvi02g01439	5107548	5107946	-	0	Vitvi02g01439	XP_002271593.1 14 kDa proline-rich protein DC2.15	1
2:5050000-5400000	2	5050000	5400000	257	0.198051	0.209626	Vitvi02g01440	5112788	5115113	+	0	Vitvi02g01440	XP_002271792.1 14 kDa proline-rich protein DC2.15	1
2:5050000-5400000	2	5050000	5400000	257	0.198051	0.209626	Vitvi02g00531	5116263	5117262	-	0	Vitvi02g00531	XP_002271658.2 36.4 kDa proline-rich protein	1
2:5050000-5400000	2	5050000	5400000	257	0.198051	0.209626	Vitvi02g00532	5123783	5124181	-	0	Vitvi02g00532	XP_002271461.1 14 kDa proline-rich protein DC2.15	1
2:5050000-5400000	2	5050000	5400000	257	0.198051	0.209626	Vitvi02g04158	5128830	5129042	+	0	Vitvi02g04158	RVW50634.1hypothetical protein CK203_073417	
2:5050000-5400000	2	5050000	5400000	257	0.198051	0.209626	Vitvi02g01441	5129664	5139510	-	0	Vitvi02g01441	XP_010662384.1 NADH dehydrogenase [ubiquinone] 1 beta subcomplex subunit 8, mitochondrial	
2:5050000-5400000	2	5050000	5400000	257	0.198051	0.209626	Vitvi02g01442	5140051	5141697	+	0	Vitvi02g01442	CBI31908.3unnamed protein product, partial	2
2:5050000-5400000	2	5050000	5400000	257	0.198051	0.209626	Vitvi02g00533	5146283	5148354	-	0	Vitvi02g00533	XP_034701714.1L-lactate dehydrogenase B	4
2:5050000-5400000	2	5050000	5400000	257	0.198051	0.209626	Vitvi02g00534	5149311	5154315	+	0	Vitvi02g00534	XP_002271142.1PREDICTED: uncharacterized protein LOC100255799 isoform X1	2
2:5050000-5400000	2	5050000	5400000	257	0.198051	0.209626	Vitvi02g01443	5156093	5157690	-	0	Vitvi02g01443	RVW50545.1hypothetical protein CK203_074481	
2:5050000-5400000	2	5050000	5400000	257	0.198051	0.209626	Vitvi02g04159	5157823	5159535	+	0	Vitvi02g04159	---NA---	
2:5050000-5400000	2	5050000	5400000	257	0.198051	0.209626	Vitvi02g00535	5166990	5171184	-	0	Vitvi02g00535	XP_002270997.1 autophagy-related protein 8f	
2:5050000-5400000	2	5050000	5400000	257	0.198051	0.209626	Vitvi02g00536	5183546	5186817	+	0	Vitvi02g00536	XP_010662426.1 scarecrow-like protein 22 isoform X2	
2:5050000-5400000	2	5050000	5400000	257	0.198051	0.209626	Vitvi02g04160	5194328	5194525	+	0	Vitvi02g04160	CAN71258.1hypothetical protein VITISV_043225	
2:5050000-5400000	2	5050000	5400000	257	0.198051	0.209626	Vitvi02g00538	5203867	5206131	-	0	Vitvi02g00538	XP_002266701.1PREDICTED: uncharacterized protein LOC100262529	1
2:5050000-5400000	2	5050000	5400000	257	0.198051	0.209626	Vitvi02g04161	5208717	5209263	-	0	Vitvi02g04161	CAN71256.1hypothetical protein VITISV_043223	
2:5050000-5400000	2	5050000	5400000	257	0.198051	0.209626	Vitvi02g01445	5209285	5209626	-	0	Vitvi02g01445	XP_034707091.1LOW QUALITY PROTEIN: uncharacterized protein LOC117930556	
2:5050000-5400000	2	5050000	5400000	257	0.198051	0.209626	Vitvi02g00540	5209694	5210635	-	0	Vitvi02g00540	CAN71255.1hypothetical protein VITISV_043222	1
2:5050000-5400000	2	5050000	5400000	257	0.198051	0.209626	Vitvi02g00541	5213268	5223024	+	0	Vitvi02g00541	XP_010662430.1PREDICTED: uncharacterized protein LOC100255681	2
2:5050000-5400000	2	5050000	5400000	257	0.198051	0.209626	Vitvi02g00542	5223787	5227670	+	0	Vitvi02g00542	XP_003631445.1 leukocyte receptor cluster member 1 homolog	
2:5050000-5400000	2	5050000	5400000	257	0.198051	0.209626	Vitvi02g00543	5229168	5229816	+	0	Vitvi02g00543	XP_010662446.1PREDICTED: uncharacterized protein LOC100266073	1
2:5050000-5400000	2	5050000	5400000	257	0.198051	0.209626	Vitvi02g01446	5230824	5231958	-	0	Vitvi02g01446	XP_002270632.1 23.6 kDa heat shock protein, mitochondrial	
2:5050000-5400000	2	5050000	5400000	257	0.198051	0.209626	Vitvi02g01447	5237150	5238009	-	0	Vitvi02g01447	XP_002270596.1 small heat shock protein, chloroplastic	
2:5050000-5400000	2	5050000	5400000	257	0.198051	0.209626	Vitvi02g00545	5240597	5243252	-	0	Vitvi02g00545	XP_002270502.1 vesicle-associated protein 1-1	5
2:5050000-5400000	2	5050000	5400000	257	0.198051	0.209626	Vitvi02g00546	5244685	5253232	-	0	Vitvi02g00546	XP_002266497.2 phosphatidylinositol/phosphatidylcholine transfer protein SFH11 isoform X2	
2:5050000-5400000	2	5050000	5400000	257	0.198051	0.209626	Vitvi02g00547	5258771	5260228	-	0	Vitvi02g00547	XP_003631454.1 probable aspartyl protease At4g16563	2
2:5050000-5400000	2	5050000	5400000	257	0.198051	0.209626	Vitvi02g00548	5266644	5269091	-	0	Vitvi02g00548	XP_002266460.2 bifunctional adenosine 5'-phosphosulfate phosphorylase/adenylylsulfatase HINT4	1
2:5050000-5400000	2	5050000	5400000	257	0.198051	0.209626	Vitvi02g00549	5270450	5278487	+	0	Vitvi02g00549	XP_010662493.1 protein arginine N-methyltransferase 1.6	2
2:5050000-5400000	2	5050000	5400000	257	0.198051	0.209626	Vitvi02g00551	5279225	5307771	-	0	Vitvi02g00551	XP_002270066.1 chaperone protein dnaJ 13	4
2:5050000-5400000	2	5050000	5400000	257	0.198051	0.209626	Vitvi02g04162	5314199	5314950	+	0	Vitvi02g04162	RVX15356.1hypothetical protein CK203_009113	
2:5050000-5400000	2	5050000	5400000	257	0.198051	0.209626	Vitvi02g04163	5335090	5336315	+	0	Vitvi02g04163	XP_003631446.1PREDICTED: uncharacterized protein LOC100855263	
2:5050000-5400000	2	5050000	5400000	257	0.198051	0.209626	Vitvi02g04164	5344343	5347710	+	0	Vitvi02g04164	XP_010647629.1 putative glucuronosyltransferase PGSIP8	2
2:5050000-5400000	2	5050000	5400000	257	0.198051	0.209626	Vitvi02g00553	5349165	5351571	+	0	Vitvi02g00553	XP_002266321.4 probable pectinesterase 68	4
2:5050000-5400000	2	5050000	5400000	257	0.198051	0.209626	Vitvi02g00554	5352655	5360601	-	0	Vitvi02g00554	XP_002269360.1 peroxisome biogenesis protein 19-2	1
2:5050000-5400000	2	5050000	5400000	257	0.198051	0.209626	Vitvi02g04165	5361325	5371492	-	0	Vitvi02g04165	XP_034704178.1uncharacterized protein LOC117928388 isoform X2	2
2:5050000-5400000	2	5050000	5400000	257	0.198051	0.209626	Vitvi02g00558	5376261	5394834	+	0	Vitvi02g00558	XP_003635124.1 asparagine--tRNA ligase, chloroplastic/mitochondrial isoform X1	4
2:5050000-5400000	2	5050000	5400000	257	0.198051	0.209626	Vitvi02g04166	5395976	5396314	+	0	Vitvi02g04166	---NA---	
2:5050000-5400000	2	5050000	5400000	257	0.198051	0.209626	Vitvi02g04167	5396359	5404774	-	0	Vitvi02g04167	XP_010646525.1 protein transport protein SEC16A homolog	5
2:5050000-5400000	2	5050000	5400000	257	0.198051	0.209626	Vitvi02g04168	5404824	5405224	-	4824	Vitvi02g04168	RVX15674.1Protein transport protein SEC16A-like	5
2:5050000-5400000	2	5050000	5400000	257	0.198051	0.209626	Vitvi02g00527	5044078	5045043	+	4957	Vitvi02g00527	RVW50678.1putative lipid phosphate phosphatase beta	3
2:5050000-5400000	2	5050000	5400000	257	0.198051	0.209626	Vitvi02g01452	5408071	5408349	+	8071	Vitvi02g01452	CBI37352.3unnamed protein product, partial	
7:18100000-18150000	7	18100000	18150000	53	0.209337	0.209337	Vitvi07g04412	18103236	18103532	+	0	Vitvi07g04412	RVW27190.1Retrovirus-related Pol polyprotein from transposon RE1	7
7:18100000-18150000	7	18100000	18150000	53	0.209337	0.209337	Vitvi07g04413	18114149	18115934	-	0	Vitvi07g04413	RVW27211.1UDP-glycosyltransferase 74B1	1
7:18100000-18150000	7	18100000	18150000	53	0.209337	0.209337	Vitvi07g04414	18125827	18126204	+	0	Vitvi07g04414	CAN63266.1hypothetical protein VITISV_037940	
7:18100000-18150000	7	18100000	18150000	53	0.209337	0.209337	Vitvi07g03153	18128780	18132002	-	0	Vitvi07g03153	XP_003635622.1 probably inactive leucine-rich repeat receptor-like protein kinase At5g48380	4
7:18100000-18150000	7	18100000	18150000	53	0.209337	0.209337	Vitvi07g01178	18144713	18151122	+	0	Vitvi07g01178	XP_003634846.1 FRIGIDA-like protein 3	2
7:18100000-18150000	7	18100000	18150000	53	0.209337	0.209337	Vitvi07g01179	18152949	18158440	+	2949	Vitvi07g01179	XP_010645307.2  TPR repeat-containing protein ZIP4	6
7:18100000-18150000	7	18100000	18150000	53	0.209337	0.209337	Vitvi07g02465	18093773	18094753	-	5247	Vitvi07g02465	XP_010645325.1 UDP-glycosyltransferase 74G1	1
7:18100000-18150000	7	18100000	18150000	53	0.209337	0.209337	Vitvi07g02467	18159885	18166211	-	9885	Vitvi07g02467	RVW27184.1Ubiquitin-like-conjugating enzyme ATG10	1
8:10400000-10500000	8	10400000	10500000	110	0.200001	0.207366	Vitvi08g00829	10406742	10420348	-	0	Vitvi08g00829	XP_010653352.1 stress response protein nst1	
8:10400000-10500000	8	10400000	10500000	110	0.200001	0.207366	Vitvi08g04133	10420442	10420998	-	0	Vitvi08g04133	---NA---	
8:10400000-10500000	8	10400000	10500000	110	0.200001	0.207366	Vitvi08g00833	10432357	10432923	+	0	Vitvi08g00833	XP_019079488.1 anthranilate synthase alpha subunit 2, chloroplastic isoform X3	1
8:10400000-10500000	8	10400000	10500000	110	0.200001	0.207366	Vitvi08g00834	10440589	10442728	+	0	Vitvi08g00834	XP_002266624.1 adenine/guanine permease AZG1	6
8:10400000-10500000	8	10400000	10500000	110	0.200001	0.207366	Vitvi08g04134	10442847	10444319	+	0	Vitvi08g04134	RVW40970.1Adenine/guanine permease AZG1	3
8:10400000-10500000	8	10400000	10500000	110	0.200001	0.207366	Vitvi08g00835	10457125	10458696	-	0	Vitvi08g00835	RVX00677.1CBL-interacting serine/threonine-protein kinase 14	5
8:10400000-10500000	8	10400000	10500000	110	0.200001	0.207366	Vitvi08g00836	10474325	10476917	+	0	Vitvi08g00836	XP_002266747.1 U-box domain-containing protein 16	6
8:10400000-10500000	8	10400000	10500000	110	0.200001	0.207366	Vitvi08g00838	10490795	10491091	+	0	Vitvi08g00838	XP_004498234.1alpha,alpha-trehalose-phosphate synthase [UDP-forming] 6-like	1
8:10400000-10500000	8	10400000	10500000	110	0.200001	0.207366	Vitvi08g00839	10491514	10492243	+	0	Vitvi08g00839	XP_011044324.1 probable alpha,alpha-trehalose-phosphate synthase [UDP-forming] 9	2
8:10400000-10500000	8	10400000	10500000	110	0.200001	0.207366	Vitvi08g00828	10395564	10399226	+	774	Vitvi08g00828	NP_001268154.1CBL-interacting protein kinase 07	5
8:10400000-10500000	8	10400000	10500000	110	0.200001	0.207366	Vitvi08g00827	10388785	10391329	+	8671	Vitvi08g00827	XP_010653354.1 prosaposin isoform X3	5
6:11750000-11800000	6	11750000	11800000	88	0.204890	0.204890	Vitvi06g00964	11736830	11750632	+	0	Vitvi06g00964	XP_010651639.1 kinesin-like protein KIN-12E isoform X1	5
6:11750000-11800000	6	11750000	11800000	88	0.204890	0.204890	Vitvi06g00966	11772253	11785290	-	0	Vitvi06g00966	XP_002278088.1 protein STRICTOSIDINE SYNTHASE-LIKE 3	2
6:11750000-11800000	6	11750000	11800000	88	0.204890	0.204890	Vitvi06g00968	11804928	11806603	+	4928	Vitvi06g00968	XP_019073336.1 phosphatidylinositol 4-phosphate 5-kinase 6 isoform X2	4
17:7500000-7550000	17	7500000	7550000	39	0.204473	0.204473	Vitvi17g00596	7512028	7514832	+	0	Vitvi17g00596	XP_002282084.1 pentatricopeptide repeat-containing protein At1g74630	2
17:7500000-7550000	17	7500000	7550000	39	0.204473	0.204473	Vitvi17g00597	7517305	7522167	+	0	Vitvi17g00597	XP_002284929.1PREDICTED: uncharacterized protein LOC100260374	
17:7500000-7550000	17	7500000	7550000	39	0.204473	0.204473	Vitvi17g00598	7528996	7530949	+	0	Vitvi17g00598	RVW12011.1Myb-related protein 306	1
17:7500000-7550000	17	7500000	7550000	39	0.204473	0.204473	Vitvi17g00600	7539191	7542196	+	0	Vitvi17g00600	XP_010663359.1 mini zinc finger protein 1	
17:7500000-7550000	17	7500000	7550000	39	0.204473	0.204473	Vitvi17g00601	7544333	7545638	+	0	Vitvi17g00601	XP_002284937.1 gibberellin-regulated protein 6	
17:7500000-7550000	17	7500000	7550000	39	0.204473	0.204473	Vitvi17g04163	7553379	7554189	+	3379	Vitvi17g04163	---NA---	
17:7500000-7550000	17	7500000	7550000	39	0.204473	0.204473	Vitvi17g00602	7554611	7557239	+	4611	Vitvi17g00602	XP_002284930.2 probable arabinosyltransferase ARAD1	4
17:7500000-7550000	17	7500000	7550000	39	0.204473	0.204473	Vitvi17g04164	7558067	7558351	-	8067	Vitvi17g04164	KAF3621294.1putative plant intracellular Ras-group-related LRR protein 4-like	
4:1050000-1250000	4	1050000	1250000	196	0.198022	0.203251	Vitvi04g00111	1058255	1059706	+	0	Vitvi04g00111	XP_002279283.1 putative GATA transcription factor 22	3
4:1050000-1250000	4	1050000	1250000	196	0.198022	0.203251	Vitvi04g00112	1062757	1069613	+	0	Vitvi04g00112	XP_010648358.1 glycine dehydrogenase (decarboxylating), mitochondrial	3
4:1050000-1250000	4	1050000	1250000	196	0.198022	0.203251	Vitvi04g00113	1075208	1085978	+	0	Vitvi04g00113	XP_010648359.1 serine/threonine-protein kinase EDR1	6
4:1050000-1250000	4	1050000	1250000	196	0.198022	0.203251	Vitvi04g00114	1086358	1088314	+	0	Vitvi04g00114	RVX17516.1Protein conserved in the green lineage and diatoms 27, chloroplastic	2
4:1050000-1250000	4	1050000	1250000	196	0.198022	0.203251	Vitvi04g00115	1089783	1093995	+	0	Vitvi04g00115	XP_002279831.1 protein REVERSION-TO-ETHYLENE SENSITIVITY1 isoform X2	4
4:1050000-1250000	4	1050000	1250000	196	0.198022	0.203251	Vitvi04g00116	1094688	1099340	-	0	Vitvi04g00116	XP_010648360.1PREDICTED: uncharacterized protein LOC100255893 isoform X3	1
4:1050000-1250000	4	1050000	1250000	196	0.198022	0.203251	Vitvi04g00117	1099917	1106374	-	0	Vitvi04g00117	XP_002279909.2 conserved oligomeric Golgi complex subunit 8 isoform X1	4
4:1050000-1250000	4	1050000	1250000	196	0.198022	0.203251	Vitvi04g04037	1108337	1110088	-	0	Vitvi04g04037	RVW52381.1U-box domain-containing protein 52	4
4:1050000-1250000	4	1050000	1250000	196	0.198022	0.203251	Vitvi04g00118	1110307	1114405	-	0	Vitvi04g00118	XP_010648363.1 U-box domain-containing protein 52	4
4:1050000-1250000	4	1050000	1250000	196	0.198022	0.203251	Vitvi04g00119	1115163	1123505	+	0	Vitvi04g00119	XP_003631808.1 peptidyl-prolyl cis-trans isomerase CYP57	3
4:1050000-1250000	4	1050000	1250000	196	0.198022	0.203251	Vitvi04g00121	1125298	1127605	+	0	Vitvi04g00121	XP_002280033.1 putative nuclease HARBI1	1
4:1050000-1250000	4	1050000	1250000	196	0.198022	0.203251	Vitvi04g01791	1128981	1137132	-	0	Vitvi04g01791	XP_002280068.1 RNA-binding protein 1 isoform X1	1
4:1050000-1250000	4	1050000	1250000	196	0.198022	0.203251	Vitvi04g00124	1143389	1161776	+	0	Vitvi04g00124	XP_002280119.2 serine/threonine-protein kinase 38-like	4
4:1050000-1250000	4	1050000	1250000	196	0.198022	0.203251	Vitvi04g00125	1162439	1166351	-	0	Vitvi04g00125	XP_002280173.1 ran-binding protein 1 homolog a	5
4:1050000-1250000	4	1050000	1250000	196	0.198022	0.203251	Vitvi04g00127	1173468	1178746	+	0	Vitvi04g00127	XP_010648366.1 probable protein phosphatase 2C 53	6
4:1050000-1250000	4	1050000	1250000	196	0.198022	0.203251	Vitvi04g00128	1179732	1188690	-	0	Vitvi04g00128	XP_002280239.1 aminopeptidase M1	9
4:1050000-1250000	4	1050000	1250000	196	0.198022	0.203251	Vitvi04g00129	1190739	1191317	+	0	Vitvi04g00129	XP_010648367.1PREDICTED: uncharacterized protein At4g33100	
4:1050000-1250000	4	1050000	1250000	196	0.198022	0.203251	Vitvi04g00130	1192337	1196376	-	0	Vitvi04g00130	XP_002280292.1 (S)-coclaurine N-methyltransferase isoform X1	2
4:1050000-1250000	4	1050000	1250000	196	0.198022	0.203251	Vitvi04g00131	1196953	1197667	+	0	Vitvi04g00131	CAN73666.1hypothetical protein VITISV_012141	4
4:1050000-1250000	4	1050000	1250000	196	0.198022	0.203251	Vitvi04g00132	1199902	1203837	+	0	Vitvi04g00132	XP_010648368.1 protein PLASTID MOVEMENT IMPAIRED 1-RELATED 1 isoform X1	
4:1050000-1250000	4	1050000	1250000	196	0.198022	0.203251	Vitvi04g00133	1204693	1207203	-	0	Vitvi04g00133	XP_002279407.1 probable WRKY transcription factor 50	4
4:1050000-1250000	4	1050000	1250000	196	0.198022	0.203251	Vitvi04g00134	1209095	1215376	+	0	Vitvi04g00134	XP_002279425.2 probable 28S rRNA (cytosine-C(5))-methyltransferase	5
4:1050000-1250000	4	1050000	1250000	196	0.198022	0.203251	Vitvi04g01792	1215428	1215898	-	0	Vitvi04g01792	XP_034684004.117.3 kDa class II heat shock protein-like	7
4:1050000-1250000	4	1050000	1250000	196	0.198022	0.203251	Vitvi04g01793	1217573	1218043	-	0	Vitvi04g01793	XP_002280485.1 17.3 kDa class II heat shock protein	
4:1050000-1250000	4	1050000	1250000	196	0.198022	0.203251	Vitvi04g01794	1219041	1219511	-	0	Vitvi04g01794	XP_002280497.1 17.3 kDa class II heat shock protein	7
4:1050000-1250000	4	1050000	1250000	196	0.198022	0.203251	Vitvi04g01795	1220309	1220779	-	0	Vitvi04g01795	XP_002280460.1 17.1 kDa class II heat shock protein	7
4:1050000-1250000	4	1050000	1250000	196	0.198022	0.203251	Vitvi04g04038	1221479	1221727	-	0	Vitvi04g04038	RVW52448.1hypothetical protein CK203_072133	
4:1050000-1250000	4	1050000	1250000	196	0.198022	0.203251	Vitvi04g04039	1222240	1222725	-	0	Vitvi04g04039	CBI20688.3unnamed protein product, partial	
4:1050000-1250000	4	1050000	1250000	196	0.198022	0.203251	Vitvi04g01796	1223477	1223947	-	0	Vitvi04g01796	XP_003631809.1 17.3 kDa class II heat shock protein	
4:1050000-1250000	4	1050000	1250000	196	0.198022	0.203251	Vitvi04g01797	1224911	1225357	-	0	Vitvi04g01797	XP_010648795.1 17.9 kDa class II heat shock protein-like	
4:1050000-1250000	4	1050000	1250000	196	0.198022	0.203251	Vitvi04g01799	1233587	1234057	-	0	Vitvi04g01799	XP_002280475.1 17.3 kDa class II heat shock protein	7
4:1050000-1250000	4	1050000	1250000	196	0.198022	0.203251	Vitvi04g04040	1235784	1236125	-	0	Vitvi04g04040	XP_002279495.2 17.3 kDa class II heat shock protein-like	7
4:1050000-1250000	4	1050000	1250000	196	0.198022	0.203251	Vitvi04g04041	1241751	1242221	-	0	Vitvi04g04041	XP_002280632.1 17.3 kDa class II heat shock protein	7
4:1050000-1250000	4	1050000	1250000	196	0.198022	0.203251	Vitvi04g01802	1244479	1244949	-	0	Vitvi04g01802	XP_002280647.1 17.3 kDa class II heat shock protein	7
4:1050000-1250000	4	1050000	1250000	196	0.198022	0.203251	Vitvi04g00135	1247925	1248392	-	0	Vitvi04g00135	XP_002280680.1 17.3 kDa class II heat shock protein	7
4:1050000-1250000	4	1050000	1250000	196	0.198022	0.203251	Vitvi04g04042	1249152	1249355	+	0	Vitvi04g04042	RVX17420.1hypothetical protein CK203_003599	
4:1050000-1250000	4	1050000	1250000	196	0.198022	0.203251	Vitvi04g04043	1249455	1249901	+	0	Vitvi04g04043	RVW52454.1hypothetical protein CK203_072147	
4:1050000-1250000	4	1050000	1250000	196	0.198022	0.203251	Vitvi04g00136	1251463	1251939	-	1463	Vitvi04g00136	XP_002280731.1 17.3 kDa class II heat shock protein	7
4:1050000-1250000	4	1050000	1250000	196	0.198022	0.203251	Vitvi04g01803	1253004	1253483	-	3004	Vitvi04g01803	XP_002279527.1 18.8 kDa class II heat shock protein-like	7
4:1050000-1250000	4	1050000	1250000	196	0.198022	0.203251	Vitvi04g01789	1045829	1046359	+	3641	Vitvi04g01789	CAN63091.1hypothetical protein VITISV_032018	4
4:1050000-1250000	4	1050000	1250000	196	0.198022	0.203251	Vitvi04g00110	1040303	1044375	+	5625	Vitvi04g00110	XP_002279252.1 probable beta-1,3-galactosyltransferase 12 isoform X1	4
4:1050000-1250000	4	1050000	1250000	196	0.198022	0.203251	Vitvi04g01804	1256104	1256574	-	6104	Vitvi04g01804	XP_002279547.1 17.1 kDa class II heat shock protein-like	
4:1050000-1250000	4	1050000	1250000	196	0.198022	0.203251	Vitvi04g00137	1257695	1258119	-	7695	Vitvi04g00137	XP_002280731.1 17.3 kDa class II heat shock protein	1
4:1050000-1250000	4	1050000	1250000	196	0.198022	0.203251	Vitvi04g00138	1258651	1261140	-	8651	Vitvi04g00138	XP_034683259.1ankyrin repeat-containing protein BDA1-like	1
11:2500000-2550000	11	2500000	2550000	33	0.201599	0.201599	Vitvi11g00265	2501237	2503258	+	0	Vitvi11g00265	XP_002280407.1PREDICTED: uncharacterized protein LOC100242436	3
11:2500000-2550000	11	2500000	2550000	33	0.201599	0.201599	Vitvi11g00266	2508304	2516257	+	0	Vitvi11g00266	XP_002280419.1PREDICTED: uncharacterized protein LOC100264719 isoform X1	4
11:2500000-2550000	11	2500000	2550000	33	0.201599	0.201599	Vitvi11g00267	2518327	2520631	+	0	Vitvi11g00267	XP_002280434.1 senescence/dehydration-associated protein At4g35985, chloroplastic	1
11:2500000-2550000	11	2500000	2550000	33	0.201599	0.201599	Vitvi11g00268	2520635	2526975	+	0	Vitvi11g00268	XP_002280444.1PREDICTED: uncharacterized protein LOC100254132 isoform X1	2
11:2500000-2550000	11	2500000	2550000	33	0.201599	0.201599	Vitvi11g00269	2530552	2536162	+	0	Vitvi11g00269	XP_002280453.2 putative ABC transporter B family member 8	4
11:2500000-2550000	11	2500000	2550000	33	0.201599	0.201599	Vitvi11g01392	2543964	2546784	-	0	Vitvi11g01392	XP_002283696.1 histidine-containing phosphotransfer protein 4	7
11:2500000-2550000	11	2500000	2550000	33	0.201599	0.201599	Vitvi11g00270	2548968	2561244	-	0	Vitvi11g00270	XP_002280468.3 probable protein phosphatase 2C 68 isoform X2	4
11:2500000-2550000	11	2500000	2550000	33	0.201599	0.201599	Vitvi11g00263	2492482	2493162	-	6838	Vitvi11g00263	XP_002283637.1 mitochondrial import inner membrane translocase subunit TIM17-2	4
14:1400000-1450000	14	1400000	1450000	23	0.200705	0.200705	Vitvi14g00164	1401620	1403713	+	0	Vitvi14g00164	XP_002279376.1 pentatricopeptide repeat-containing protein At1g08070, chloroplastic	1
14:1400000-1450000	14	1400000	1450000	23	0.200705	0.200705	Vitvi14g00165	1404167	1407973	-	0	Vitvi14g00165	XP_002283649.1 40S ribosomal protein S21	3
14:1400000-1450000	14	1400000	1450000	23	0.200705	0.200705	Vitvi14g00166	1409355	1423209	+	0	Vitvi14g00166	XP_002279397.1 cell cycle checkpoint control protein RAD9A isoform X1	5
14:1400000-1450000	14	1400000	1450000	23	0.200705	0.200705	Vitvi14g00167	1424035	1432027	-	0	Vitvi14g00167	XP_002283697.1 stress-related protein	7
14:1400000-1450000	14	1400000	1450000	23	0.200705	0.200705	Vitvi14g00168	1438613	1438987	-	0	Vitvi14g00168	XP_002283709.1 protein RALF-like 33	3
14:1400000-1450000	14	1400000	1450000	23	0.200705	0.200705	Vitvi14g02506	1449599	1460657	-	0	Vitvi14g02506	XP_002279451.1 ATP-dependent Clp protease proteolytic subunit-related protein 3, chloroplastic	9
14:1400000-1450000	14	1400000	1450000	23	0.200705	0.200705	Vitvi14g00163	1390173	1392269	+	7731	Vitvi14g00163	XP_002279364.1 heavy metal-associated isoprenylated plant protein 36	1
7:21850000-21900000	7	21850000	21900000	48	0.200684	0.200684	Vitvi07g03041	21852721	21854784	-	0	Vitvi07g03041	RVX23167.1Linamarin synthase 2	1
7:21850000-21900000	7	21850000	21900000	48	0.200684	0.200684	Vitvi07g02560	21855406	21863866	-	0	Vitvi07g02560	XP_010646821.1 pentatricopeptide repeat-containing protein At5g66520-like isoform X1	1
7:21850000-21900000	7	21850000	21900000	48	0.200684	0.200684	Vitvi07g01396	21864591	21866134	-	0	Vitvi07g01396	XP_010646819.1 7-deoxyloganetin glucosyltransferase	2
7:21850000-21900000	7	21850000	21900000	48	0.200684	0.200684	Vitvi07g03044	21871651	21874869	-	0	Vitvi07g03044	XP_003635299.1 haloacid dehalogenase-like hydrolase domain-containing protein At4g39970	1
7:21850000-21900000	7	21850000	21900000	48	0.200684	0.200684	Vitvi07g04575	21876115	21877016	-	0	Vitvi07g04575	XP_010646934.1 EPIDERMAL PATTERNING FACTOR-like protein 1	3
7:21850000-21900000	7	21850000	21900000	48	0.200684	0.200684	Vitvi07g04576	21879531	21881100	+	0	Vitvi07g04576	---NA---	
7:21850000-21900000	7	21850000	21900000	48	0.200684	0.200684	Vitvi07g03046	21881866	21883131	+	0	Vitvi07g03046	RVX23241.1F-box protein FBW2	3
7:21850000-21900000	7	21850000	21900000	48	0.200684	0.200684	Vitvi07g04577	21887408	21893526	-	0	Vitvi07g04577	XP_034691266.1uncharacterized protein LOC117918609 isoform X2	
7:21850000-21900000	7	21850000	21900000	48	0.200684	0.200684	Vitvi07g04578	21894034	21901487	-	0	Vitvi07g04578	XP_034691271.1uncharacterized protein LOC117918610	
7:21850000-21900000	7	21850000	21900000	48	0.200684	0.200684	Vitvi07g02558	21838563	21840115	-	9885	Vitvi07g02558	XP_002268162.1 7-deoxyloganetin glucosyltransferase	2
11:3250000-3300000	11	3250000	3300000	64	0.200299	0.200299	Vitvi11g00343	3249300	3250215	+	0	Vitvi11g00343	XP_002284517.1 histone acetyltransferase KAT6B	
11:3250000-3300000	11	3250000	3300000	64	0.200299	0.200299	Vitvi11g01404	3250711	3251510	-	0	Vitvi11g01404	XP_010656330.1PREDICTED: uncharacterized protein LOC104880646	
11:3250000-3300000	11	3250000	3300000	64	0.200299	0.200299	Vitvi11g00344	3251710	3254637	-	0	Vitvi11g00344	XP_002281054.1 putative disease resistance RPP13-like protein 3	2
11:3250000-3300000	11	3250000	3300000	64	0.200299	0.200299	Vitvi11g01405	3254041	3257583	+	0	Vitvi11g01405	XP_002281062.2PREDICTED: uncharacterized protein LOC100257802 isoform X1	
11:3250000-3300000	11	3250000	3300000	64	0.200299	0.200299	Vitvi11g00346	3262777	3268859	+	0	Vitvi11g00346	XP_010656332.1PREDICTED: uncharacterized protein LOC104880647	1
11:3250000-3300000	11	3250000	3300000	64	0.200299	0.200299	Vitvi11g01406	3268938	3269771	+	0	Vitvi11g01406	XP_010656333.1PREDICTED: uncharacterized protein LOC100247556	
11:3250000-3300000	11	3250000	3300000	64	0.200299	0.200299	Vitvi11g00347	3270651	3276229	-	0	Vitvi11g00347	XP_002284542.1 ras-related protein RHN1 isoform X1	2
11:3250000-3300000	11	3250000	3300000	64	0.200299	0.200299	Vitvi11g04071	3286546	3286764	+	0	Vitvi11g04071	XP_034699269.1uncharacterized protein LOC117924676	
11:3250000-3300000	11	3250000	3300000	64	0.200299	0.200299	Vitvi11g00348	3289287	3294685	+	0	Vitvi11g00348	CBI28084.3unnamed protein product, partial	
11:3250000-3300000	11	3250000	3300000	64	0.200299	0.200299	Vitvi11g04072	3296311	3296577	-	0	Vitvi11g04072	KAG5225643.1Ly-6/neurotoxin protein	
11:3250000-3300000	11	3250000	3300000	64	0.200299	0.200299	Vitvi11g04073	3299038	3299232	+	0	Vitvi11g04073	RVX11165.1Arabinogalactan peptide 16	1
11:3250000-3300000	11	3250000	3300000	64	0.200299	0.200299	Vitvi11g00342	3245699	3248788	+	1212	Vitvi11g00342	RVW47547.1 putative ubiquitin-conjugating enzyme E2 37	1
11:3250000-3300000	11	3250000	3300000	64	0.200299	0.200299	Vitvi11g00349	3304385	3323069	+	4385	Vitvi11g00349	XP_010656334.1 casein kinase 1-like protein HD16	6
11:3250000-3300000	11	3250000	3300000	64	0.200299	0.200299	Vitvi11g00341	3236184	3243564	-	6436	Vitvi11g00341	XP_010656328.1 kinesin-like protein KIN-13B	4
8:20700000-20750000	8	20700000	20750000	48	0.198535	0.198535	Vitvi08g01783	20707747	20712945	-	0	Vitvi08g01783	XP_002281162.1 lipid phosphate phosphatase delta	4
8:20700000-20750000	8	20700000	20750000	48	0.198535	0.198535	Vitvi08g01784	20717171	20719953	-	0	Vitvi08g01784	RVX09656.1Fatty acyl-CoA reductase 2	9
8:20700000-20750000	8	20700000	20750000	48	0.198535	0.198535	Vitvi08g01786	20724536	20728457	-	0	Vitvi08g01786	XP_002276611.1 histone-lysine N-methyltransferase ATXR4 isoform X1	3
8:20700000-20750000	8	20700000	20750000	48	0.198535	0.198535	Vitvi08g02366	20728649	20731468	-	0	Vitvi08g02366	CBI29967.3unnamed protein product, partial	
8:20700000-20750000	8	20700000	20750000	48	0.198535	0.198535	Vitvi08g01787	20746107	20747704	+	0	Vitvi08g01787	XP_002281267.2 F-box/kelch-repeat protein At2g44130	3
8:20700000-20750000	8	20700000	20750000	48	0.198535	0.198535	Vitvi08g01788	20750376	20782579	+	376	Vitvi08g01788	XP_010653854.1 rRNA biogenesis protein RRP5	6
8:20700000-20750000	8	20700000	20750000	48	0.198535	0.198535	Vitvi08g01782	20684656	20691850	-	8150	Vitvi08g01782	XP_002281113.1 DEAD-box ATP-dependent RNA helicase 37	5
1:15650000-15700000	1	15650000	15700000	47	0.198446	0.198446	Vitvi01g04304	15660148	15661722	-	0	Vitvi01g04304	CAN74890.1hypothetical protein VITISV_038853	5
1:15650000-15700000	1	15650000	15700000	47	0.198446	0.198446	Vitvi01g04305	15697950	15701543	-	0	Vitvi01g04305	CAN74969.1hypothetical protein VITISV_038401	6
1:15650000-15700000	1	15650000	15700000	47	0.198446	0.198446	Vitvi01g04306	15701702	15701977	-	1702	Vitvi01g04306	RVW18671.1putative apyrase 1	1
1:15650000-15700000	1	15650000	15700000	47	0.198446	0.198446	Vitvi01g04307	15705456	15705650	+	5456	Vitvi01g04307	RVW18672.1Retrovirus-related Pol polyprotein from transposon 17.6	
11:3400000-3450000	11	3400000	3450000	46	0.198384	0.198384	Vitvi11g00357	3413020	3417513	+	0	Vitvi11g00357	XP_002281258.1 probable sulfate transporter 3.5 isoform X1	4
11:3400000-3450000	11	3400000	3450000	46	0.198384	0.198384	Vitvi11g00359	3427021	3448619	+	0	Vitvi11g00359	XP_010656342.1 coatomer subunit beta'-1	8
11:3400000-3450000	11	3400000	3450000	46	0.198384	0.198384	Vitvi11g04074	3449952	3452043	+	0	Vitvi11g04074	---NA---	
11:3400000-3450000	11	3400000	3450000	46	0.198384	0.198384	Vitvi11g00356	3394511	3398857	+	1143	Vitvi11g00356	XP_002281248.1 probable sulfate transporter 3.5	4
11:3400000-3450000	11	3400000	3450000	46	0.198384	0.198384	Vitvi11g00360	3457106	3460311	+	7106	Vitvi11g00360	XP_002281292.2 leucine-rich repeat extensin-like protein 4	1
6:18050000-18100000	6	18050000	18100000	36	0.196904	0.196904	Vitvi06g01334	18047734	18050134	+	0	Vitvi06g01334	XP_019075861.1 protein NUCLEAR FUSION DEFECTIVE 4-like	
6:18050000-18100000	6	18050000	18100000	36	0.196904	0.196904	Vitvi06g01927	18054802	18056601	+	0	Vitvi06g01927	XP_002273103.2 protein NUCLEAR FUSION DEFECTIVE 4	1
6:18050000-18100000	6	18050000	18100000	36	0.196904	0.196904	Vitvi06g01335	18068264	18078550	+	0	Vitvi06g01335	XP_002273011.2PREDICTED: uncharacterized protein LOC100265349	2
6:18050000-18100000	6	18050000	18100000	36	0.196904	0.196904	Vitvi06g01928	18082426	18085779	+	0	Vitvi06g01928	XP_003632272.1 shugoshin-1 isoform X1	3
6:18050000-18100000	6	18050000	18100000	36	0.196904	0.196904	Vitvi06g01929	18086802	18088156	+	0	Vitvi06g01929	XP_034688289.1salutaridine reductase-like isoform X2	1
6:18050000-18100000	6	18050000	18100000	36	0.196904	0.196904	Vitvi06g01930	18089781	18129543	+	0	Vitvi06g01930	XP_019076204.1 (+)-neomenthol dehydrogenase-like	1
14:30350000-30400000	14	30350000	30400000	38	0.196004	0.196004	Vitvi14g01991	30347929	30350150	+	0	Vitvi14g01991	RVW30471.1SPX domain-containing protein 4	2
14:30350000-30400000	14	30350000	30400000	38	0.196004	0.196004	Vitvi14g01992	30350538	30354025	-	0	Vitvi14g01992	XP_010661084.1 phosphate transporter PHO1 homolog 9 isoform X1	1
14:30350000-30400000	14	30350000	30400000	38	0.196004	0.196004	Vitvi14g03093	30355343	30359470	+	0	Vitvi14g03093	XP_002283884.1 transmembrane emp24 domain-containing protein p24delta9	8
14:30350000-30400000	14	30350000	30400000	38	0.196004	0.196004	Vitvi14g01993	30361861	30363291	+	0	Vitvi14g01993	XP_010661087.1 pentatricopeptide repeat-containing protein At1g74630	2
14:30350000-30400000	14	30350000	30400000	38	0.196004	0.196004	Vitvi14g01994	30364516	30367644	-	0	Vitvi14g01994	XP_002283932.1PREDICTED: uncharacterized protein At5g39570	1
14:30350000-30400000	14	30350000	30400000	38	0.196004	0.196004	Vitvi14g01995	30368437	30372447	+	0	Vitvi14g01995	XP_002283941.1 pectinesterase 31	4
14:30350000-30400000	14	30350000	30400000	38	0.196004	0.196004	Vitvi14g01996	30372978	30375626	+	0	Vitvi14g01996	XP_002278703.2PREDICTED: uncharacterized protein LOC100249192	
14:30350000-30400000	14	30350000	30400000	38	0.196004	0.196004	Vitvi14g01997	30377264	30379162	-	0	Vitvi14g01997	XP_002278719.1 pentatricopeptide repeat-containing protein At5g15340, mitochondrial	2
14:30350000-30400000	14	30350000	30400000	38	0.196004	0.196004	Vitvi14g03095	30388149	30390036	+	0	Vitvi14g03095	XP_002283961.1PREDICTED: uncharacterized protein LOC100242230	1
14:30350000-30400000	14	30350000	30400000	38	0.196004	0.196004	Vitvi14g01999	30390670	30395951	-	0	Vitvi14g01999	XP_002283972.1 vesicle transport v-SNARE 13	15
14:30350000-30400000	14	30350000	30400000	38	0.196004	0.196004	Vitvi14g01990	30341385	30346469	+	3531	Vitvi14g01990	XP_002283866.1 cystathionine gamma-synthase 1, chloroplastic	4
14:30350000-30400000	14	30350000	30400000	38	0.196004	0.196004	Vitvi14g02000	30404403	30431066	+	4403	Vitvi14g02000	XP_010661092.1 CSC1-like protein HYP1 isoform X1	4
18:5350000-5400000	18	5350000	5400000	29	0.195776	0.195776	Vitvi18g00496	5349427	5413297	-	0	Vitvi18g00496	XP_010664368.1 WD and tetratricopeptide repeats protein 1 isoform X2	1
18:5350000-5400000	18	5350000	5400000	29	0.195776	0.195776	Vitvi18g00495	5345208	5346526	-	3474	Vitvi18g00495	XP_002285706.1PREDICTED: uncharacterized protein LOC100264219	1
11:2900000-2950000	11	2900000	2950000	37	0.195736	0.195736	Vitvi11g00303	2918777	2922405	+	0	Vitvi11g00303	XP_002284145.1 transcription factor bHLH68	5
11:2900000-2950000	11	2900000	2950000	37	0.195736	0.195736	Vitvi11g00304	2928581	2930920	+	0	Vitvi11g00304	XP_002280745.2 bark storage protein A	2
11:2900000-2950000	11	2900000	2950000	37	0.195736	0.195736	Vitvi11g00305	2931493	2940168	+	0	Vitvi11g00305	XP_010656297.1 putative E3 ubiquitin-protein ligase LIN-1 isoform X1	4
11:2900000-2950000	11	2900000	2950000	37	0.195736	0.195736	Vitvi11g00306	2942953	2944957	+	0	Vitvi11g00306	XP_010656492.1 protein NRT1/ PTR FAMILY 1.2	3
11:2900000-2950000	11	2900000	2950000	37	0.195736	0.195736	Vitvi11g00307	2947500	2950037	+	0	Vitvi11g00307	RVW38286.1Protein NRT1/ PTR family 1.2	4
11:2900000-2950000	11	2900000	2950000	37	0.195736	0.195736	Vitvi11g00302	2891236	2897192	-	2808	Vitvi11g00302	XP_002280736.1 NADPH:adrenodoxin oxidoreductase, mitochondrial isoform X1	5
1:12700000-12750000	1	12700000	12750000	48	0.195489	0.195489	Vitvi01g04251	12700759	12707519	-	0	Vitvi01g04251	CBI31940.3unnamed protein product, partial	3
1:12700000-12750000	1	12700000	12750000	48	0.195489	0.195489	Vitvi01g01035	12712808	12713890	-	0	Vitvi01g01035	XP_002272064.1 photosynthetic NDH subunit of lumenal location 2, chloroplastic	6
1:12700000-12750000	1	12700000	12750000	48	0.195489	0.195489	Vitvi01g01036	12738433	12741279	+	0	Vitvi01g01036	XP_002272016.1 uncharacterized endoplasmic reticulum membrane protein C16E8.02	
1:12700000-12750000	1	12700000	12750000	48	0.195489	0.195489	Vitvi01g01037	12741986	12744136	-	0	Vitvi01g01037	XP_010651872.1 cytochrome P450 704B1	4
1:12700000-12750000	1	12700000	12750000	48	0.195489	0.195489	Vitvi01g01038	12745798	12747062	-	0	Vitvi01g01038	ALP48443.1NAC transcription factor 29	2
1:12700000-12750000	1	12700000	12750000	48	0.195489	0.195489	Vitvi01g01034	12692083	12699238	+	762	Vitvi01g01034	XP_010651896.1 KH domain-containing protein At4g18375 isoform X1	1
8:20400000-20500000	8	20400000	20500000	66	0.188176	0.193761	Vitvi08g04400	20401242	20402674	+	0	Vitvi08g04400	---NA---	
8:20400000-20500000	8	20400000	20500000	66	0.188176	0.193761	Vitvi08g01760	20402731	20404833	+	0	Vitvi08g01760	XP_010653732.1  SINA2p isoform X1	7
8:20400000-20500000	8	20400000	20500000	66	0.188176	0.193761	Vitvi08g01761	20407431	20409403	+	0	Vitvi08g01761	XP_002275867.1 probable protein kinase At2g41970 isoform X1	3
8:20400000-20500000	8	20400000	20500000	66	0.188176	0.193761	Vitvi08g04401	20411866	20412093	-	0	Vitvi08g04401	CAN72213.1hypothetical protein VITISV_008343	
8:20400000-20500000	8	20400000	20500000	66	0.188176	0.193761	Vitvi08g01762	20416395	20421100	+	0	Vitvi08g01762	XP_002275885.1 metal tolerance protein 4	9
8:20400000-20500000	8	20400000	20500000	66	0.188176	0.193761	Vitvi08g01764	20429594	20439582	+	0	Vitvi08g01764	XP_003632681.1PREDICTED: uncharacterized protein LOC100257222 isoform X1	
8:20400000-20500000	8	20400000	20500000	66	0.188176	0.193761	Vitvi08g01765	20441059	20443828	-	0	Vitvi08g01765	XP_002280431.1PREDICTED: uncharacterized protein LOC100267633	1
8:20400000-20500000	8	20400000	20500000	66	0.188176	0.193761	Vitvi08g01766	20447680	20449343	+	0	Vitvi08g01766	RVW81460.1Calcium load-activated calcium channel	4
8:20400000-20500000	8	20400000	20500000	66	0.188176	0.193761	Vitvi08g01767	20451874	20457703	+	0	Vitvi08g01767	XP_002275932.1 putative DNA (cytosine-5)-methyltransferase CMT1	6
8:20400000-20500000	8	20400000	20500000	66	0.188176	0.193761	Vitvi08g04402	20459592	20460206	+	0	Vitvi08g04402	GAV63982.1zf-C2H2_6 domain-containing protein	
8:20400000-20500000	8	20400000	20500000	66	0.188176	0.193761	Vitvi08g04403	20468075	20469124	+	0	Vitvi08g04403	---NA---	
8:20400000-20500000	8	20400000	20500000	66	0.188176	0.193761	Vitvi08g01768	20470676	20490072	-	0	Vitvi08g01768	XP_010653873.1 kinesin-like protein KIN-7K, chloroplastic	6
8:20400000-20500000	8	20400000	20500000	66	0.188176	0.193761	Vitvi08g04404	20495543	20496062	-	0	Vitvi08g04404	RVW30793.1Uncharacterized protein C18orf8	
8:20400000-20500000	8	20400000	20500000	66	0.188176	0.193761	Vitvi08g01769	20496481	20503332	-	0	Vitvi08g01769	XP_034694592.1regulator of MON1-CCZ1 complex	3
8:20400000-20500000	8	20400000	20500000	66	0.188176	0.193761	Vitvi08g01759	20393387	20397046	-	2954	Vitvi08g01759	XP_002275839.1 gamma-tubulin complex component 3	14
8:20400000-20500000	8	20400000	20500000	66	0.188176	0.193761	Vitvi08g04405	20503613	20506705	-	3613	Vitvi08g04405	CBI29987.3unnamed protein product, partial	2
7:23900000-23950000	7	23900000	23950000	22	0.193342	0.193342	Vitvi07g01593	23896120	23901259	-	0	Vitvi07g01593	XP_002279650.2 mitochondrial outer membrane protein porin 2	4
7:23900000-23950000	7	23900000	23950000	22	0.193342	0.193342	Vitvi07g01595	23913151	23919545	+	0	Vitvi07g01595	XP_002284429.1 calcium-transporting ATPase 2, plasma membrane-type	7
7:23900000-23950000	7	23900000	23950000	22	0.193342	0.193342	Vitvi07g04674	23920530	23927385	-	0	Vitvi07g04674	RVX23326.1Condensin-2 complex subunit G2	1
7:23900000-23950000	7	23900000	23950000	22	0.193342	0.193342	Vitvi07g04675	23938954	23940361	-	0	Vitvi07g04675	XP_003632504.2 cyclin-D5-1	7
7:23900000-23950000	7	23900000	23950000	22	0.193342	0.193342	Vitvi07g01598	23945880	23949203	+	0	Vitvi07g01598	XP_003632492.1 BTB/POZ and TAZ domain-containing protein 4	2
7:23900000-23950000	7	23900000	23950000	22	0.193342	0.193342	Vitvi07g01599	23950044	23960395	-	44	Vitvi07g01599	XP_002279613.1 formin-like protein 6	1
7:23900000-23950000	7	23900000	23950000	22	0.193342	0.193342	Vitvi07g04673	23892691	23894894	+	5106	Vitvi07g04673	XP_002284455.1 60S ribosomal protein L26-1	5
17:6900000-6950000	17	6900000	6950000	31	0.190275	0.190275	Vitvi17g00538	6899649	6900431	+	0	Vitvi17g00538	XP_002271524.1 (-)-isopiperitenol/(-)-carveol dehydrogenase, mitochondrial	1
17:6900000-6950000	17	6900000	6950000	31	0.190275	0.190275	Vitvi17g00539	6900799	6904485	+	0	Vitvi17g00539	XP_002267093.1PREDICTED: uncharacterized protein LOC100260399 isoform X1	
17:6900000-6950000	17	6900000	6950000	31	0.190275	0.190275	Vitvi17g04149	6906373	6907597	+	0	Vitvi17g04149	CAN83970.1hypothetical protein VITISV_039799	
17:6900000-6950000	17	6900000	6950000	31	0.190275	0.190275	Vitvi17g00540	6907857	6910322	-	0	Vitvi17g00540	XP_002271692.1 homeobox-leucine zipper protein HAT5	5
17:6900000-6950000	17	6900000	6950000	31	0.190275	0.190275	Vitvi17g00541	6918761	6921913	+	0	Vitvi17g00541	XP_002271787.2 protein NRT1/ PTR FAMILY 4.6	3
17:6900000-6950000	17	6900000	6950000	31	0.190275	0.190275	Vitvi17g00543	6921918	6923027	-	0	Vitvi17g00543	XP_002271953.1PREDICTED: uncharacterized protein LOC100250168	1
17:6900000-6950000	17	6900000	6950000	31	0.190275	0.190275	Vitvi17g00544	6925110	6927796	+	0	Vitvi17g00544	XP_019081994.1 polygalacturonase	3
17:6900000-6950000	17	6900000	6950000	31	0.190275	0.190275	Vitvi17g00545	6928464	6930533	+	0	Vitvi17g00545	XP_034672759.1probable polygalacturonase At3g15720	3
17:6900000-6950000	17	6900000	6950000	31	0.190275	0.190275	Vitvi17g00546	6935581	6940346	+	0	Vitvi17g00546	XP_002272267.1 hypersensitive-induced response protein 1 isoform X1	
17:6900000-6950000	17	6900000	6950000	31	0.190275	0.190275	Vitvi17g00547	6941735	6943985	-	0	Vitvi17g00547	XP_003634314.2 mitochondrial outer membrane protein porin of 36 kDa isoform X1	4
17:6900000-6950000	17	6900000	6950000	31	0.190275	0.190275	Vitvi17g04150	6945289	6945651	-	0	Vitvi17g04150	XP_021734168.1protein PXR1-like	
17:6900000-6950000	17	6900000	6950000	31	0.190275	0.190275	Vitvi17g00548	6947196	6950225	-	0	Vitvi17g00548	XP_002267314.1 protein QUIRKY	6
17:6900000-6950000	17	6900000	6950000	31	0.190275	0.190275	Vitvi17g00537	6897741	6899009	+	991	Vitvi17g00537	XP_002267041.1 (-)-isopiperitenol/(-)-carveol dehydrogenase, mitochondrial	1
17:6900000-6950000	17	6900000	6950000	31	0.190275	0.190275	Vitvi17g01454	6954171	6955114	-	4171	Vitvi17g01454	XP_010663410.1 17.6 kDa class I heat shock protein	
17:6900000-6950000	17	6900000	6950000	31	0.190275	0.190275	Vitvi17g04148	6891159	6891856	+	8144	Vitvi17g04148	RVW91208.1hypothetical protein CK203_031777	1
11:3750000-3800000	11	3750000	3800000	56	0.189948	0.189948	Vitvi11g00390	3756992	3762285	-	0	Vitvi11g00390	RVX11119.1E3 ubiquitin-protein ligase	2
11:3750000-3800000	11	3750000	3800000	56	0.189948	0.189948	Vitvi11g01418	3768448	3769220	+	0	Vitvi11g01418	XP_019078455.1 ornithine decarboxylase	2
11:3750000-3800000	11	3750000	3800000	56	0.189948	0.189948	Vitvi11g04088	3769919	3770167	+	0	Vitvi11g04088	XP_034700385.1ornithine decarboxylase-like	3
11:3750000-3800000	11	3750000	3800000	56	0.189948	0.189948	Vitvi11g01419	3771769	3773007	+	0	Vitvi11g01419	XP_002281621.1 ornithine decarboxylase	3
11:3750000-3800000	11	3750000	3800000	56	0.189948	0.189948	Vitvi11g00393	3785851	3792525	+	0	Vitvi11g00393	XP_019078669.1 palmitoyl-acyl carrier protein thioesterase, chloroplastic	4
11:3750000-3800000	11	3750000	3800000	56	0.189948	0.189948	Vitvi11g00394	3794766	3797845	+	0	Vitvi11g00394	XP_002284861.2 auxin-responsive protein IAA1	4
11:3750000-3800000	11	3750000	3800000	56	0.189948	0.189948	Vitvi11g00395	3799124	3804074	+	0	Vitvi11g00395	XP_010656381.1 serine/threonine protein phosphatase 2A 57 kDa regulatory subunit B' iota isoform	4
11:3750000-3800000	11	3750000	3800000	56	0.189948	0.189948	Vitvi11g00389	3748576	3749267	+	733	Vitvi11g00389	XP_002281585.1 protein YLS3	4
11:3750000-3800000	11	3750000	3800000	56	0.189948	0.189948	Vitvi11g04087	3745528	3746658	-	3342	Vitvi11g04087	XP_010647586.1 trafficking protein particle complex II-specific subunit 130 homolog	4
11:3750000-3800000	11	3750000	3800000	56	0.189948	0.189948	Vitvi11g00396	3805484	3809340	-	5484	Vitvi11g00396	XP_002284876.1 protein PGR	1
6:4650000-4700000	6	4650000	4700000	40	0.189894	0.189894	Vitvi06g00376	4626653	4683560	-	0	Vitvi06g00376	XP_002284657.1 DNA-directed RNA polymerase III subunit 1	3
6:4650000-4700000	6	4650000	4700000	40	0.189894	0.189894	Vitvi06g01670	4688399	4689316	-	0	Vitvi06g01670	XP_002281729.1 chitinase 2	2
6:4650000-4700000	6	4650000	4700000	40	0.189894	0.189894	Vitvi06g00378	4690221	4693026	-	0	Vitvi06g00378	XP_003632204.1 laccase-17	4
6:4650000-4700000	6	4650000	4700000	40	0.189894	0.189894	Vitvi06g00379	4696284	4697544	+	0	Vitvi06g00379	RVW65784.1 Embryo-specific protein ATS3A	1
6:4650000-4700000	6	4650000	4700000	40	0.189894	0.189894	Vitvi06g00380	4705787	4706963	+	5787	Vitvi06g00380	XP_002281707.1 WUSCHEL-related homeobox 3	5
6:4650000-4700000	6	4650000	4700000	40	0.189894	0.189894	Vitvi06g00381	4708348	4712054	-	8348	Vitvi06g00381	XP_002281695.1 putative respiratory burst oxidase homolog protein H	6
8:20150000-20200000	8	20150000	20200000	24	0.188793	0.188793	Vitvi08g01729	20145711	20166557	+	0	Vitvi08g01729	XP_010653900.1 protein PHOTOPERIOD-INDEPENDENT EARLY FLOWERING 1	2
8:20150000-20200000	8	20150000	20200000	24	0.188793	0.188793	Vitvi08g01730	20168769	20171958	+	0	Vitvi08g01730	XP_002279026.1 non-structural maintenance of chromosomes element 4 homolog A	4
8:20150000-20200000	8	20150000	20200000	24	0.188793	0.188793	Vitvi08g01731	20172388	20177185	-	0	Vitvi08g01731	XP_002279058.1 enoyl-[acyl-carrier-protein] reductase [NADH] 1, chloroplastic isoform X2	2
8:20150000-20200000	8	20150000	20200000	24	0.188793	0.188793	Vitvi08g01732	20178316	20185431	+	0	Vitvi08g01732	XP_002279071.1 zinc finger CCCH domain-containing protein 14	6
8:20150000-20200000	8	20150000	20200000	24	0.188793	0.188793	Vitvi08g04395	20186194	20186818	-	0	Vitvi08g04395	---NA---	
8:20150000-20200000	8	20150000	20200000	24	0.188793	0.188793	Vitvi08g01733	20186891	20192829	-	0	Vitvi08g01733	XP_019077295.1 protein FAR1-RELATED SEQUENCE 12 isoform X1	2
8:20150000-20200000	8	20150000	20200000	24	0.188793	0.188793	Vitvi08g02343	20194971	20195489	-	0	Vitvi08g02343	XP_002279196.1 11 kDa late embryogenesis abundant protein	1
8:20150000-20200000	8	20150000	20200000	24	0.188793	0.188793	Vitvi08g02344	20197261	20197951	-	0	Vitvi08g02344	XP_002279220.1 11 kDa late embryogenesis abundant protein	1
8:20150000-20200000	8	20150000	20200000	24	0.188793	0.188793	Vitvi08g01734	20199786	20200492	-	0	Vitvi08g01734	XP_010653892.1 18 kDa seed maturation protein	1
8:20150000-20200000	8	20150000	20200000	24	0.188793	0.188793	Vitvi08g04396	20200529	20203702	-	529	Vitvi08g04396	RVW81479.1hypothetical protein CK203_035207	1
8:20150000-20200000	8	20150000	20200000	24	0.188793	0.188793	Vitvi08g04394	20137283	20145689	+	4311	Vitvi08g04394	RVW89986.1Agamous-like MADS-box protein AGL62	4
4:1950000-2000000	4	1950000	2000000	28	0.188659	0.188659	Vitvi04g00202	1949422	1951357	+	0	Vitvi04g00202	XP_002282492.1 F-box protein AFR	1
4:1950000-2000000	4	1950000	2000000	28	0.188659	0.188659	Vitvi04g04052	1951978	1952347	+	0	Vitvi04g04052	XP_034684489.1uncharacterized protein LOC117913592	
4:1950000-2000000	4	1950000	2000000	28	0.188659	0.188659	Vitvi04g00205	1966050	1971480	+	0	Vitvi04g00205	XP_010648413.1 E3 ubiquitin-protein ligase RLIM	2
4:1950000-2000000	4	1950000	2000000	28	0.188659	0.188659	Vitvi04g04053	1972637	1976664	-	0	Vitvi04g04053	CBI20762.3unnamed protein product, partial	1
4:1950000-2000000	4	1950000	2000000	28	0.188659	0.188659	Vitvi04g00206	1976695	1977942	-	0	Vitvi04g00206	XP_019074958.1PREDICTED: uncharacterized protein LOC100852560	4
4:1950000-2000000	4	1950000	2000000	28	0.188659	0.188659	Vitvi04g00209	1984034	2003712	+	0	Vitvi04g00209	XP_002282558.1PREDICTED: uncharacterized protein LOC100259361	2
4:1950000-2000000	4	1950000	2000000	28	0.188659	0.188659	Vitvi04g00210	2004287	2005549	-	4287	Vitvi04g00210	XP_002280575.1PREDICTED: uncharacterized protein LOC100262813	
4:1950000-2000000	4	1950000	2000000	28	0.188659	0.188659	Vitvi04g01821	1936743	1945310	-	4690	Vitvi04g01821	XP_010648411.1 pentatricopeptide repeat-containing protein At5g10690 isoform X1	1
4:1950000-2000000	4	1950000	2000000	28	0.188659	0.188659	Vitvi04g00211	2007586	2015338	-	7586	Vitvi04g00211	XP_002282619.1 plasma membrane ATPase 4	7
11:4700000-4750000	11	4700000	4750000	62	0.188458	0.188458	Vitvi11g00471	4700950	4707576	+	0	Vitvi11g00471	XP_002282187.3 phospholipase D alpha 1	6
11:4700000-4750000	11	4700000	4750000	62	0.188458	0.188458	Vitvi11g00472	4710982	4711808	+	0	Vitvi11g00472	XP_002285231.1PREDICTED: uncharacterized protein LOC100255957	
11:4700000-4750000	11	4700000	4750000	62	0.188458	0.188458	Vitvi11g00473	4720041	4723031	+	0	Vitvi11g00473	XP_002285234.1PREDICTED: uncharacterized protein LOC100250810	3
11:4700000-4750000	11	4700000	4750000	62	0.188458	0.188458	Vitvi11g00474	4724245	4733930	+	0	Vitvi11g00474	XP_010656432.1PREDICTED: uncharacterized protein LOC100245670 isoform X3	
11:4700000-4750000	11	4700000	4750000	62	0.188458	0.188458	Vitvi11g00475	4745132	4748811	+	0	Vitvi11g00475	XP_002285249.2 EIN3-binding F-box protein 1	3
11:4700000-4750000	11	4700000	4750000	62	0.188458	0.188458	Vitvi11g04110	4749486	4749707	+	0	Vitvi11g04110	RVX11141.1EIN3-binding F-box protein 1	1
11:4700000-4750000	11	4700000	4750000	62	0.188458	0.188458	Vitvi11g00469	4694790	4699011	+	989	Vitvi11g00469	XP_010656428.1 phospholipase D alpha 1	6
11:4700000-4750000	11	4700000	4750000	62	0.188458	0.188458	Vitvi11g01443	4751659	4752145	+	1659	Vitvi11g01443	XP_010656433.1 EPIDERMAL PATTERNING FACTOR-like protein 6	1
11:4700000-4750000	11	4700000	4750000	62	0.188458	0.188458	Vitvi11g00476	4752984	4787446	-	2984	Vitvi11g00476	XP_010656044.1 CBL-interacting protein kinase 09 isoform X1	7
11:4700000-4750000	11	4700000	4750000	62	0.188458	0.188458	Vitvi11g00468	4689839	4694786	+	5214	Vitvi11g00468	XP_002282179.1 TBC domain-containing protein C1952.17c isoform X1	
8:10850000-10900000	8	10850000	10900000	47	0.188118	0.188118	Vitvi08g00867	10850066	10850862	+	0	Vitvi08g00867	RVX00643.1hypothetical protein CK203_030359	1
8:10850000-10900000	8	10850000	10900000	47	0.188118	0.188118	Vitvi08g00868	10857477	10859757	-	0	Vitvi08g00868	CBI18028.3unnamed protein product, partial	3
8:10850000-10900000	8	10850000	10900000	47	0.188118	0.188118	Vitvi08g00869	10864025	10877169	-	0	Vitvi08g00869	XP_034692725.1phospholipid-transporting ATPase 1-like isoform X2	6
8:10850000-10900000	8	10850000	10900000	47	0.188118	0.188118	Vitvi08g04137	10877613	10878667	-	0	Vitvi08g04137	---NA---	
8:10850000-10900000	8	10850000	10900000	47	0.188118	0.188118	Vitvi08g00870	10880197	10884042	+	0	Vitvi08g00870	XP_002272768.1 transcription elongation factor TFIIS	5
8:10850000-10900000	8	10850000	10900000	47	0.188118	0.188118	Vitvi08g00871	10890724	10891607	-	0	Vitvi08g00871	XP_034694472.1high mobility group B protein 13 isoform X1	
8:10850000-10900000	8	10850000	10900000	47	0.188118	0.188118	Vitvi08g00872	10897156	10901029	-	0	Vitvi08g00872	CBI18024.3unnamed protein product, partial	
8:10850000-10900000	8	10850000	10900000	47	0.188118	0.188118	Vitvi08g00866	10842596	10847738	-	2262	Vitvi08g00866	XP_002272360.1 transmembrane protein 87A	2
8:10850000-10900000	8	10850000	10900000	47	0.188118	0.188118	Vitvi08g04138	10903375	10906145	+	3375	Vitvi08g04138	CAN71019.1hypothetical protein VITISV_011641	
8:10850000-10900000	8	10850000	10900000	47	0.188118	0.188118	Vitvi08g04139	10907120	10913200	+	7120	Vitvi08g04139	CAN71019.1hypothetical protein VITISV_011641	
7:1600000-1650000	7	1600000	1650000	54	0.187934	0.187934	Vitvi07g00126	1572022	1603393	+	0	Vitvi07g00126	XP_002278246.1 N-alpha-acetyltransferase 20	3
7:1600000-1650000	7	1600000	1650000	54	0.187934	0.187934	Vitvi07g00127	1605277	1611641	-	0	Vitvi07g00127	XP_019076716.1 ent-copalyl diphosphate synthase, chloroplastic	4
7:1600000-1650000	7	1600000	1650000	54	0.187934	0.187934	Vitvi07g00128	1627117	1630612	+	0	Vitvi07g00128	XP_002278163.1 fatty-acid-binding protein 1	4
7:1600000-1650000	7	1600000	1650000	54	0.187934	0.187934	Vitvi07g00129	1631030	1632194	-	0	Vitvi07g00129	XP_034712016.1(-)-kolavenyl diphosphate synthase TPS28, chloroplastic-like	1
7:1600000-1650000	7	1600000	1650000	54	0.187934	0.187934	Vitvi07g00130	1633191	1639222	-	0	Vitvi07g00130	XP_019076433.1 ent-copalyl diphosphate synthase, chloroplastic-like	2
14:28800000-28850000	14	28800000	28850000	23	0.187070	0.187070	Vitvi14g04647	28801640	28801936	+	0	Vitvi14g04647	RVX08876.1Metalloendoproteinase 2-MMP	4
14:28800000-28850000	14	28800000	28850000	23	0.187070	0.187070	Vitvi14g01831	28801967	28802544	+	0	Vitvi14g01831	XP_010661019.1 metalloendoproteinase 1	4
14:28800000-28850000	14	28800000	28850000	23	0.187070	0.187070	Vitvi14g01832	28813600	28816346	-	0	Vitvi14g01832	XP_003633812.1 protein NRT1/ PTR FAMILY 5.8	3
14:28800000-28850000	14	28800000	28850000	23	0.187070	0.187070	Vitvi14g01833	28829637	28833533	+	0	Vitvi14g01833	XP_010660980.1 zinc transporter 5	4
14:28800000-28850000	14	28800000	28850000	23	0.187070	0.187070	Vitvi14g01835	28835982	28837457	+	0	Vitvi14g01835	XP_002275755.1 AAA-ATPase ASD, mitochondrial-like	2
14:28800000-28850000	14	28800000	28850000	23	0.187070	0.187070	Vitvi14g01837	28846362	28847792	-	0	Vitvi14g01837	XP_002280981.1 AAA-ATPase At3g28580	2
14:28800000-28850000	14	28800000	28850000	23	0.187070	0.187070	Vitvi14g04648	28851194	28852012	-	1194	Vitvi14g04648	RVW46648.1AAA-ATPase	2
14:28800000-28850000	14	28800000	28850000	23	0.187070	0.187070	Vitvi14g03039	28797206	28798117	+	1883	Vitvi14g03039	XP_002275671.1 metalloendoproteinase 2-MMP	6
14:28800000-28850000	14	28800000	28850000	23	0.187070	0.187070	Vitvi14g01838	28853058	28854587	-	3058	Vitvi14g01838	XP_019080324.1 AAA-ATPase At3g28580	3
14:28800000-28850000	14	28800000	28850000	23	0.187070	0.187070	Vitvi14g03041	28856464	28858050	-	6464	Vitvi14g03041	XP_002275823.3 AAA-ATPase ASD, mitochondrial	3
14:28800000-28850000	14	28800000	28850000	23	0.187070	0.187070	Vitvi14g04646	28791138	28791452	+	8548	Vitvi14g04646	XP_010652156.1 protein transport protein Sec61 subunit beta-like	2
6:7550000-7600000	6	7550000	7600000	51	0.186497	0.186497	Vitvi06g00672	7547946	7552703	+	0	Vitvi06g00672	XP_010650885.1 potassium transporter 1	7
6:7550000-7600000	6	7550000	7600000	51	0.186497	0.186497	Vitvi06g00673	7552713	7555739	+	0	Vitvi06g00673	XP_002276535.1 pyruvate decarboxylase 1 isoform X2	4
6:7550000-7600000	6	7550000	7600000	51	0.186497	0.186497	Vitvi06g00674	7558301	7560435	+	0	Vitvi06g00674	RVW66213.1Protein CHUP1, chloroplastic	
6:7550000-7600000	6	7550000	7600000	51	0.186497	0.186497	Vitvi06g04217	7561202	7561685	-	0	Vitvi06g04217	---NA---	3
6:7550000-7600000	6	7550000	7600000	51	0.186497	0.186497	Vitvi06g00676	7561906	7574473	+	0	Vitvi06g00676	XP_002276394.1 6-phosphofructo-2-kinase/fructose-2,6-bisphosphatase	9
6:7550000-7600000	6	7550000	7600000	51	0.186497	0.186497	Vitvi06g00677	7575465	7576268	+	0	Vitvi06g00677	XP_002278655.1 RING-H2 finger protein ATL63	1
6:7550000-7600000	6	7550000	7600000	51	0.186497	0.186497	Vitvi06g01753	7578203	7578709	-	0	Vitvi06g01753	XP_010650882.1 RING-H2 finger protein ATL64	1
6:7550000-7600000	6	7550000	7600000	51	0.186497	0.186497	Vitvi06g00678	7592845	7594460	-	0	Vitvi06g00678	XP_002276231.1 zinc transporter 6, chloroplastic	4
6:7550000-7600000	6	7550000	7600000	51	0.186497	0.186497	Vitvi06g00679	7600015	7601498	-	15	Vitvi06g00679	XP_002278620.1 probable N-acetyltransferase HLS1-like	1
6:7550000-7600000	6	7550000	7600000	51	0.186497	0.186497	Vitvi06g04216	7544330	7545316	+	4684	Vitvi06g04216	RVW66219.1hypothetical protein CK203_047413	
6:7550000-7600000	6	7550000	7600000	51	0.186497	0.186497	Vitvi06g00671	7538970	7544291	+	5709	Vitvi06g00671	XP_002276692.1 ran-binding protein 1 homolog b	5
6:7550000-7600000	6	7550000	7600000	51	0.186497	0.186497	Vitvi06g00680	7607060	7610857	+	7060	Vitvi06g00680	XP_002278599.2 BAG family molecular chaperone regulator 4	1
1:12450000-12500000	1	12450000	12500000	68	0.186144	0.186144	Vitvi01g04248	12447700	12451266	+	0	Vitvi01g04248	---NA---	
1:12450000-12500000	1	12450000	12500000	68	0.186144	0.186144	Vitvi01g01022	12451670	12459822	+	0	Vitvi01g01022	XP_002269607.1 beta-1,3-galactosyltransferase GALT1	6
1:12450000-12500000	1	12450000	12500000	68	0.186144	0.186144	Vitvi01g01023	12471581	12472537	+	0	Vitvi01g01023	XP_002273461.1 E3 ubiquitin-protein ligase RING1-like	3
1:12450000-12500000	1	12450000	12500000	68	0.186144	0.186144	Vitvi01g01024	12474899	12476707	-	0	Vitvi01g01024	XP_010651953.1 myb family transcription factor PHL8	3
1:12450000-12500000	1	12450000	12500000	68	0.186144	0.186144	Vitvi01g01021	12440718	12442250	+	7750	Vitvi01g01021	XP_002275271.1 extracellular ribonuclease LE	6
2:4900000-4950000	2	4900000	4950000	21	0.183779	0.183779	Vitvi02g01697	4904397	4905903	-	0	Vitvi02g01697	RVW50628.1Protein inaperturate pollen1	2
2:4900000-4950000	2	4900000	4950000	21	0.183779	0.183779	Vitvi02g01696	4908060	4909394	+	0	Vitvi02g01696	XP_002267390.1 probable xyloglucan galactosyltransferase GT19	3
2:4900000-4950000	2	4900000	4950000	21	0.183779	0.183779	Vitvi02g01695	4909917	4916111	-	0	Vitvi02g01695	XP_019073753.1 3-oxoacyl-[acyl-carrier-protein] synthase 3 A, chloroplastic-like	3
2:4900000-4950000	2	4900000	4950000	21	0.183779	0.183779	Vitvi02g01693	4939994	4941163	+	0	Vitvi02g01693	RVX20748.1ETO1-like protein 1	2
2:4900000-4950000	2	4900000	4950000	21	0.183779	0.183779	Vitvi02g01692	4942009	4943243	+	0	Vitvi02g01692	CBI25784.3unnamed protein product, partial	1
2:4900000-4950000	2	4900000	4950000	21	0.183779	0.183779	Vitvi02g04149	4897515	4897969	-	2031	Vitvi02g04149	CAN67304.1hypothetical protein VITISV_000737	
2:4900000-4950000	2	4900000	4950000	21	0.183779	0.183779	Vitvi02g01691	4958696	4959809	+	8696	Vitvi02g01691	XP_003635131.1PREDICTED: uncharacterized protein LOC100247272	1
14:17350000-17400000	14	17350000	17400000	63	0.183344	0.183344	Vitvi14g00964	17357652	17362530	+	0	Vitvi14g00964	XP_002273909.1 U-box domain-containing protein 4 isoform X2	3
14:17350000-17400000	14	17350000	17400000	63	0.183344	0.183344	Vitvi14g04384	17379479	17380123	-	0	Vitvi14g04384	CAN67430.1hypothetical protein VITISV_001289	2
14:17350000-17400000	14	17350000	17400000	63	0.183344	0.183344	Vitvi14g04385	17380254	17380565	-	0	Vitvi14g04385	RVX03374.1hypothetical protein CK203_019928	
14:17350000-17400000	14	17350000	17400000	63	0.183344	0.183344	Vitvi14g00966	17404561	17406794	+	4561	Vitvi14g00966	XP_003633704.1 probable aquaporin NIP-type	3
3:6500000-6550000	3	6500000	6550000	36	0.182695	0.182695	Vitvi03g00577	6510465	6535053	-	0	Vitvi03g00577	XP_010647966.1 DNA repair protein REV1 isoform X2	6
3:6500000-6550000	3	6500000	6550000	36	0.182695	0.182695	Vitvi03g04201	6538624	6540751	-	0	Vitvi03g04201	RVW61431.1Transcription factor bHLH113	2
3:6500000-6550000	3	6500000	6550000	36	0.182695	0.182695	Vitvi03g00579	6542363	6542719	-	0	Vitvi03g00579	XP_002268939.2 LYR motif-containing protein At3g19508	
3:6500000-6550000	3	6500000	6550000	36	0.182695	0.182695	Vitvi03g00580	6543941	6545521	+	0	Vitvi03g00580	XP_002270096.1PREDICTED: uncharacterized protein LOC100243866	
3:6500000-6550000	3	6500000	6550000	36	0.182695	0.182695	Vitvi03g00581	6552758	6569017	+	2758	Vitvi03g00581	XP_010647956.1 alpha-L-fucosidase 2 isoform X1	2
1:22250000-22300000	1	22250000	22300000	31	0.182620	0.182620	Vitvi01g01658	22244261	22250558	-	0	Vitvi01g01658	XP_034699764.1YTH domain-containing protein ECT4-like	3
1:22250000-22300000	1	22250000	22300000	31	0.182620	0.182620	Vitvi01g01659	22253263	22261274	+	0	Vitvi01g01659	XP_002277426.1 ranBP2-type zinc finger protein At1g67325 isoform X2	2
1:22250000-22300000	1	22250000	22300000	31	0.182620	0.182620	Vitvi01g01660	22261296	22269248	-	0	Vitvi01g01660	XP_002271312.2 squamosa promoter-binding-like protein 2 isoform X1	3
1:22250000-22300000	1	22250000	22300000	31	0.182620	0.182620	Vitvi01g01661	22274000	22276272	-	0	Vitvi01g01661	XP_010655977.1 4-coumarate--CoA ligase-like 1	3
1:22250000-22300000	1	22250000	22300000	31	0.182620	0.182620	Vitvi01g01662	22285500	22293165	+	0	Vitvi01g01662	XP_010655984.1 F-box only protein 6	1
1:22250000-22300000	1	22250000	22300000	31	0.182620	0.182620	Vitvi01g01663	22293172	22303360	-	0	Vitvi01g01663	XP_002271162.1 transcription termination factor MTEF1, chloroplastic	2
1:22250000-22300000	1	22250000	22300000	31	0.182620	0.182620	Vitvi01g04442	22306136	22308592	-	6136	Vitvi01g04442	RVW99309.1hypothetical protein CK203_030697	2
1:22250000-22300000	1	22250000	22300000	31	0.182620	0.182620	Vitvi01g01657	22240753	22243376	+	6624	Vitvi01g01657	XP_002277578.1 non-specific lipid transfer protein GPI-anchored 1	3
6:4900000-5050000	6	4900000	5050000	57	0.181961	0.181987	Vitvi06g00396	4924591	4926003	-	0	Vitvi06g00396	XP_010651070.1 3-ketoacyl-CoA synthase 12	6
6:4900000-5050000	6	4900000	5050000	57	0.181961	0.181987	Vitvi06g00397	4941224	4943089	-	0	Vitvi06g00397	XP_002281519.2 exocyst complex component EXO70A1	3
6:4900000-5050000	6	4900000	5050000	57	0.181961	0.181987	Vitvi06g00398	4950429	4954337	-	0	Vitvi06g00398	XP_002284495.1 60S ribosomal protein L35	4
6:4900000-5050000	6	4900000	5050000	57	0.181961	0.181987	Vitvi06g00399	4958570	4959860	+	0	Vitvi06g00399	XP_002281496.1 protein SODIUM POTASSIUM ROOT DEFECTIVE 1	1
6:4900000-5050000	6	4900000	5050000	57	0.181961	0.181987	Vitvi06g04137	4961244	4963346	+	0	Vitvi06g04137	CAN80343.1hypothetical protein VITISV_003131	
6:4900000-5050000	6	4900000	5050000	57	0.181961	0.181987	Vitvi06g00400	4964648	4965601	+	0	Vitvi06g00400	XP_002281485.1 dirigent protein 24-like	
6:4900000-5050000	6	4900000	5050000	57	0.181961	0.181987	Vitvi06g00401	4967082	4967845	-	0	Vitvi06g00401	XP_034687422.1dirigent protein 25	
6:4900000-5050000	6	4900000	5050000	57	0.181961	0.181987	Vitvi06g00402	4968725	4970230	-	0	Vitvi06g00402	XP_002281474.1 pentatricopeptide repeat-containing protein At1g07740, mitochondrial	1
6:4900000-5050000	6	4900000	5050000	57	0.181961	0.181987	Vitvi06g00403	4970894	4976359	-	0	Vitvi06g00403	XP_010651069.1 DNA repair protein RAD51 homolog 4	4
6:4900000-5050000	6	4900000	5050000	57	0.181961	0.181987	Vitvi06g00405	4978629	4981177	+	0	Vitvi06g00405	XP_002284473.1 laccase-17	4
6:4900000-5050000	6	4900000	5050000	57	0.181961	0.181987	Vitvi06g00406	4981741	4983921	-	0	Vitvi06g00406	XP_002284459.1 11S globulin subunit beta	1
6:4900000-5050000	6	4900000	5050000	57	0.181961	0.181987	Vitvi06g01681	4986548	5000550	-	0	Vitvi06g01681	XP_019076055.1 UDP-galactose/UDP-glucose transporter 5	5
6:4900000-5050000	6	4900000	5050000	57	0.181961	0.181987	Vitvi06g04138	5000904	5002348	-	0	Vitvi06g04138	CAN80349.1hypothetical protein VITISV_003137	3
6:4900000-5050000	6	4900000	5050000	57	0.181961	0.181987	Vitvi06g00407	5002400	5005043	-	0	Vitvi06g00407	RVW56970.1Monofunctional riboflavin biosynthesis protein RIBA 3, chloroplastic	6
6:4900000-5050000	6	4900000	5050000	57	0.181961	0.181987	Vitvi06g00408	5005850	5008976	+	0	Vitvi06g00408	XP_002284445.1 60S ribosomal protein L23a	5
6:4900000-5050000	6	4900000	5050000	57	0.181961	0.181987	Vitvi06g04139	5009015	5010586	+	0	Vitvi06g04139	RVW56968.1ABC transporter B family member 20	
6:4900000-5050000	6	4900000	5050000	57	0.181961	0.181987	Vitvi06g00409	5010718	5018338	+	0	Vitvi06g00409	XP_010651064.1 ABC transporter B family member 20 isoform X1	4
6:4900000-5050000	6	4900000	5050000	57	0.181961	0.181987	Vitvi06g04140	5019010	5019459	-	0	Vitvi06g04140	CAN80353.1hypothetical protein VITISV_003141	
6:4900000-5050000	6	4900000	5050000	57	0.181961	0.181987	Vitvi06g00410	5019623	5020234	-	0	Vitvi06g00410	XP_034689191.1RING-H2 finger protein ATL52-like	
6:4900000-5050000	6	4900000	5050000	57	0.181961	0.181987	Vitvi06g00411	5021854	5024164	-	0	Vitvi06g00411	XP_002284421.2PREDICTED: uncharacterized protein LOC100244942 isoform X1	
6:4900000-5050000	6	4900000	5050000	57	0.181961	0.181987	Vitvi06g00412	5036548	5037565	+	0	Vitvi06g00412	XP_002284411.1 aquaporin TIP1-1	3
6:4900000-5050000	6	4900000	5050000	57	0.181961	0.181987	Vitvi06g00413	5038597	5043547	-	0	Vitvi06g00413	XP_002284406.1 very-long-chain (3R)-3-hydroxyacyl-CoA dehydratase 2	9
6:4900000-5050000	6	4900000	5050000	57	0.181961	0.181987	Vitvi06g04141	5043710	5043916	-	0	Vitvi06g04141	RVW66172.1Very-long-chain (3R)-3-hydroxyacyl-CoA dehydratase 2	7
6:4900000-5050000	6	4900000	5050000	57	0.181961	0.181987	Vitvi06g00414	5048801	5050009	-	0	Vitvi06g00414	XP_019076057.1 transcription factor MYB59	4
6:4900000-5050000	6	4900000	5050000	57	0.181961	0.181987	Vitvi06g04142	5059217	5059432	+	9217	Vitvi06g04142	RVW66074.1Protein UPSTREAM OF FLC	
11:6600000-6650000	11	6600000	6650000	34	0.181693	0.181693	Vitvi11g04145	6630553	6631017	+	0	Vitvi11g04145	---NA---	
11:6600000-6650000	11	6600000	6650000	34	0.181693	0.181693	Vitvi11g00603	6636459	6639537	-	0	Vitvi11g00603	XP_002267887.1 peptidyl-prolyl cis-trans isomerase CYP28, chloroplastic	4
11:6600000-6650000	11	6600000	6650000	34	0.181693	0.181693	Vitvi11g00604	6640942	6641340	-	0	Vitvi11g00604	RVX05301.1hypothetical protein CK203_020154	
11:6600000-6650000	11	6600000	6650000	34	0.181693	0.181693	Vitvi11g04146	6643407	6643697	-	0	Vitvi11g04146	RVX05302.1hypothetical protein CK203_020155	
11:6600000-6650000	11	6600000	6650000	34	0.181693	0.181693	Vitvi11g04147	6646385	6646726	-	0	Vitvi11g04147	RVX05300.1hypothetical protein CK203_020156	
11:6600000-6650000	11	6600000	6650000	34	0.181693	0.181693	Vitvi11g00601	6590780	6596057	-	3943	Vitvi11g00601	XP_010656543.1 homeobox protein knotted-1-like 13 isoform X2	4
11:6600000-6650000	11	6600000	6650000	34	0.181693	0.181693	Vitvi11g00606	6659086	6688858	+	9086	Vitvi11g00606	XP_002265219.2PREDICTED: uncharacterized protein LOC100260114	1
18:10000000-10050000	18	10000000	10050000	47	0.180966	0.180966	Vitvi18g00897	10000705	10005397	-	0	Vitvi18g00897	XP_002283665.1 probable E3 ubiquitin-protein ligase ARI2 isoform X1	7
18:10000000-10050000	18	10000000	10050000	47	0.180966	0.180966	Vitvi18g04216	10005463	10006008	-	0	Vitvi18g04216	---NA---	
18:10000000-10050000	18	10000000	10050000	47	0.180966	0.180966	Vitvi18g00898	10006904	10011077	-	0	Vitvi18g00898	XP_002283650.1 30S ribosomal protein S9, chloroplastic	4
18:10000000-10050000	18	10000000	10050000	47	0.180966	0.180966	Vitvi18g00899	10013236	10017672	-	0	Vitvi18g00899	XP_002281913.1 protein DETOXIFICATION 33	5
18:10000000-10050000	18	10000000	10050000	47	0.180966	0.180966	Vitvi18g00900	10021151	10025746	-	0	Vitvi18g00900	XP_002281901.2 F-box/FBD/LRR-repeat protein At1g13570 isoform X1	1
18:10000000-10050000	18	10000000	10050000	47	0.180966	0.180966	Vitvi18g00901	10036184	10038720	+	0	Vitvi18g00901	XP_002281898.1 type IV inositol polyphosphate 5-phosphatase 11	2
18:10000000-10050000	18	10000000	10050000	47	0.180966	0.180966	Vitvi18g00902	10042276	10049627	-	0	Vitvi18g00902	XP_002281889.1 BEL1-like homeodomain protein 4	2
18:10000000-10050000	18	10000000	10050000	47	0.180966	0.180966	Vitvi18g02728	9997147	9997524	-	2476	Vitvi18g02728	CAN79165.1hypothetical protein VITISV_019247	4
18:10000000-10050000	18	10000000	10050000	47	0.180966	0.180966	Vitvi18g00896	9990791	9995296	-	4704	Vitvi18g00896	XP_002283679.2PREDICTED: uncharacterized protein LOC100266014	
18:10000000-10050000	18	10000000	10050000	47	0.180966	0.180966	Vitvi18g00903	10055934	10071847	+	5934	Vitvi18g00903	XP_010664641.1 protein DA1	2
15:18550000-18600000	15	18550000	18600000	40	0.180713	0.180713	Vitvi15g04504	18553009	18553572	+	0	Vitvi15g04504	XP_010647074.1PREDICTED: uncharacterized protein LOC104878418	
15:18550000-18600000	15	18550000	18600000	40	0.180713	0.180713	Vitvi15g04505	18557375	18562152	-	0	Vitvi15g04505	XP_010647075.1 GTP-binding protein At2g22870-like	1
15:18550000-18600000	15	18550000	18600000	40	0.180713	0.180713	Vitvi15g04506	18562154	18573569	+	0	Vitvi15g04506	XP_010647076.1PREDICTED: uncharacterized protein LOC104878419	
15:18550000-18600000	15	18550000	18600000	40	0.180713	0.180713	Vitvi15g04507	18575660	18579047	-	0	Vitvi15g04507	RVW57397.1ACT domain-containing protein ACR1	
15:18550000-18600000	15	18550000	18600000	40	0.180713	0.180713	Vitvi15g04508	18579676	18581526	+	0	Vitvi15g04508	XP_003635510.1 protein PHLOEM PROTEIN 2-LIKE A10	
15:18550000-18600000	15	18550000	18600000	40	0.180713	0.180713	Vitvi15g04509	18584053	18584836	-	0	Vitvi15g04509	XP_034690058.1uncharacterized protein LOC117917777	
15:18550000-18600000	15	18550000	18600000	40	0.180713	0.180713	Vitvi15g04510	18585265	18586230	-	0	Vitvi15g04510	---NA---	
15:18550000-18600000	15	18550000	18600000	40	0.180713	0.180713	Vitvi15g04511	18587113	18588078	-	0	Vitvi15g04511	XP_002271337.1 phytosulfokines 3	5
15:18550000-18600000	15	18550000	18600000	40	0.180713	0.180713	Vitvi15g04512	18593122	18593691	+	0	Vitvi15g04512	RVX23804.1hypothetical protein CK203_000735	
15:18550000-18600000	15	18550000	18600000	40	0.180713	0.180713	Vitvi15g04513	18599136	18599545	+	0	Vitvi15g04513	CAN62264.1hypothetical protein VITISV_018458	2
15:18550000-18600000	15	18550000	18600000	40	0.180713	0.180713	Vitvi15g04514	18599564	18600934	+	0	Vitvi15g04514	RVW57400.1bZIP transcription factor 44	4
15:18550000-18600000	15	18550000	18600000	40	0.180713	0.180713	Vitvi15g04515	18607025	18607513	-	7025	Vitvi15g04515	ESR39374.1hypothetical protein CICLE_v10026641mg	
15:18550000-18600000	15	18550000	18600000	40	0.180713	0.180713	Vitvi15g04503	18540750	18542091	+	7909	Vitvi15g04503	XP_002267145.2 U-box domain-containing protein 30	2
15:18550000-18600000	15	18550000	18600000	40	0.180713	0.180713	Vitvi15g04516	18608635	18608934	-	8635	Vitvi15g04516	---NA---	
15:18550000-18600000	15	18550000	18600000	40	0.180713	0.180713	Vitvi15g04502	18539903	18540681	+	9319	Vitvi15g04502	---NA---	
2:5500000-5550000	2	5500000	5550000	32	0.180710	0.180710	Vitvi02g00570	5499067	5501856	-	0	Vitvi02g00570	XP_010646531.2PREDICTED: uncharacterized protein LOC100264208	
2:5500000-5550000	2	5500000	5550000	32	0.180710	0.180710	Vitvi02g04171	5507648	5510089	+	0	Vitvi02g04171	RVX15610.1VAN3-binding protein	
2:5500000-5550000	2	5500000	5550000	32	0.180710	0.180710	Vitvi02g00572	5510099	5520122	-	0	Vitvi02g00572	XP_034710084.1formyltetrahydrofolate deformylase 1, mitochondrial-like isoform X1	4
2:5500000-5550000	2	5500000	5550000	32	0.180710	0.180710	Vitvi02g04172	5520940	5524283	+	0	Vitvi02g04172	XP_010646533.1PREDICTED: uncharacterized protein LOC100247746 isoform X1	
2:5500000-5550000	2	5500000	5550000	32	0.180710	0.180710	Vitvi02g00573	5527250	5537450	-	0	Vitvi02g00573	XP_034676845.1phosphatidylserine decarboxylase proenzyme 1, mitochondrial	4
2:5500000-5550000	2	5500000	5550000	32	0.180710	0.180710	Vitvi02g00575	5545582	5549745	+	0	Vitvi02g00575	RVX15321.1 Myo-inositol 2-dehydrogenase	1
2:5500000-5550000	2	5500000	5550000	32	0.180710	0.180710	Vitvi02g00569	5489824	5498823	+	1177	Vitvi02g00569	XP_034677063.13-hydroxyisobutyryl-CoA hydrolase-like protein 1, mitochondrial	1
2:5500000-5550000	2	5500000	5550000	32	0.180710	0.180710	Vitvi02g04173	5551927	5589672	+	1927	Vitvi02g04173	XP_034712128.1DNA mismatch repair protein MSH4 isoform X1	7
17:7950000-8000000	17	7950000	8000000	25	0.180656	0.180656	Vitvi17g00646	7939604	7958518	-	0	Vitvi17g00646	XP_034673290.1formin-like protein 20 isoform X2	
17:7950000-8000000	17	7950000	8000000	25	0.180656	0.180656	Vitvi17g00648	7985515	7992901	-	0	Vitvi17g00648	XP_010663340.1 probable serine/threonine-protein kinase At1g54610	8
17:7950000-8000000	17	7950000	8000000	25	0.180656	0.180656	Vitvi17g00649	7998652	8001701	-	0	Vitvi17g00649	XP_003634305.1PREDICTED: uncharacterized protein LOC100852985	3
17:7950000-8000000	17	7950000	8000000	25	0.180656	0.180656	Vitvi17g00650	8002663	8005660	-	2663	Vitvi17g00650	XP_003634303.1 eukaryotic translation initiation factor 5A-2	6
17:7950000-8000000	17	7950000	8000000	25	0.180656	0.180656	Vitvi17g00651	8006376	8009814	-	6376	Vitvi17g00651	XP_003634304.1PREDICTED: uncharacterized protein At5g01610	
14:2400000-2450000	14	2400000	2450000	59	0.180513	0.180513	Vitvi14g04081	2388503	2406568	+	0	Vitvi14g04081	XP_010659866.1PREDICTED: uncharacterized protein LOC100244214	1
14:2400000-2450000	14	2400000	2450000	59	0.180513	0.180513	Vitvi14g00229	2413951	2431370	+	0	Vitvi14g00229	XP_003633645.1 sucrose nonfermenting 4-like protein isoform X1	8
14:2400000-2450000	14	2400000	2450000	59	0.180513	0.180513	Vitvi14g00230	2431478	2475823	-	0	Vitvi14g00230	XP_019080577.1 protein ALWAYS EARLY 2 isoform X3	2
15:9400000-9450000	15	9400000	9450000	54	0.179959	0.179959	Vitvi15g00360	9390156	9496690	+	0	Vitvi15g00360	XP_002264185.1 3-hydroxyisobutyryl-CoA hydrolase 1 isoform X1	1
1:18500000-18550000	1	18500000	18550000	38	0.179700	0.179700	Vitvi01g01400	18503884	18510311	-	0	Vitvi01g01400	XP_034692571.1ankyrin repeat-containing protein At5g02620-like isoform X3	2
1:18500000-18550000	1	18500000	18550000	38	0.179700	0.179700	Vitvi01g04348	18504024	18504218	-	0	Vitvi01g04348	RVW59669.1Ankyrin repeat-containing protein ITN1	1
1:18500000-18550000	1	18500000	18550000	38	0.179700	0.179700	Vitvi01g04349	18515036	18515540	+	0	Vitvi01g04349	RVW81650.1Retrovirus-related Pol polyprotein from transposon TNT 1-94	3
1:18500000-18550000	1	18500000	18550000	38	0.179700	0.179700	Vitvi01g04350	18519518	18521162	-	0	Vitvi01g04350	RVW59665.1hypothetical protein CK203_101055	
1:18500000-18550000	1	18500000	18550000	38	0.179700	0.179700	Vitvi01g04351	18535549	18536094	+	0	Vitvi01g04351	RVW70520.1putative disease resistance protein RGA4	2
11:8300000-8350000	11	8300000	8350000	26	0.178526	0.178526	Vitvi11g00704	8302677	8317016	-	0	Vitvi11g00704	XP_010656613.1 1-acyl-sn-glycerol-3-phosphate acyltransferase 1, chloroplastic	1
11:8300000-8350000	11	8300000	8350000	26	0.178526	0.178526	Vitvi11g04175	8318702	8319517	+	0	Vitvi11g04175	RVW96183.1APO protein 2, chloroplastic	1
11:8300000-8350000	11	8300000	8350000	26	0.178526	0.178526	Vitvi11g04176	8319809	8320078	+	0	Vitvi11g04176	RVW96182.1hypothetical protein CK203_037770	5
11:8300000-8350000	11	8300000	8350000	26	0.178526	0.178526	Vitvi11g04177	8355438	8356618	-	5438	Vitvi11g04177	CAN79300.1hypothetical protein VITISV_042066	
8:10600000-10650000	8	10600000	10650000	37	0.178438	0.178438	Vitvi08g00845	10586251	10603793	+	0	Vitvi08g00845	XP_002270471.1PREDICTED: uncharacterized protein LOC100249981	1
8:10600000-10650000	8	10600000	10650000	37	0.178438	0.178438	Vitvi08g00846	10605497	10606115	+	0	Vitvi08g00846	XP_003632601.2 indole-3-acetic acid-induced protein ARG7-like	1
8:10600000-10650000	8	10600000	10650000	37	0.178438	0.178438	Vitvi08g00847	10619964	10622990	+	0	Vitvi08g00847	XP_002267054.1 protein DETOXIFICATION 53	4
8:10600000-10650000	8	10600000	10650000	37	0.178438	0.178438	Vitvi08g00849	10643503	10644351	+	0	Vitvi08g00849	XP_034696589.1probable leucine-rich repeat receptor-like protein kinase At1g68400	
11:500000-550000	11	500000	550000	33	0.178063	0.178063	Vitvi11g00032	498763	510120	-	0	Vitvi11g00032	XP_010656085.1PREDICTED: uncharacterized protein LOC100249222 isoform X1	3
11:500000-550000	11	500000	550000	33	0.178063	0.178063	Vitvi11g00033	517206	518094	+	0	Vitvi11g00033	XP_002275524.1 auxin-responsive protein SAUR50	5
11:500000-550000	11	500000	550000	33	0.178063	0.178063	Vitvi11g04005	519870	520175	+	0	Vitvi11g04005	---NA---	
11:500000-550000	11	500000	550000	33	0.178063	0.178063	Vitvi11g00034	522359	524677	+	0	Vitvi11g00034	XP_002277518.1 putative pectinesterase 63 isoform X2	2
11:500000-550000	11	500000	550000	33	0.178063	0.178063	Vitvi11g00035	528623	529575	-	0	Vitvi11g00035	XP_034699501.1protein SMALL AUXIN UP-REGULATED RNA 10-like	1
11:500000-550000	11	500000	550000	33	0.178063	0.178063	Vitvi11g04006	529648	530882	-	0	Vitvi11g04006	---NA---	
11:500000-550000	11	500000	550000	33	0.178063	0.178063	Vitvi11g00036	532829	538577	+	0	Vitvi11g00036	XP_034699038.12Fe-2S ferredoxin-like	3
11:500000-550000	11	500000	550000	33	0.178063	0.178063	Vitvi11g00037	543050	547642	+	0	Vitvi11g00037	XP_002277540.1 respiratory burst oxidase homolog protein E isoform X1	6
11:500000-550000	11	500000	550000	33	0.178063	0.178063	Vitvi11g01324	549183	552608	-	0	Vitvi11g01324	XP_002275889.1PREDICTED: uncharacterized protein LOC100256162	1
11:500000-550000	11	500000	550000	33	0.178063	0.178063	Vitvi11g00031	496382	498269	+	1731	Vitvi11g00031	RVW77023.1Pectinesterase 3	7
11:500000-550000	11	500000	550000	33	0.178063	0.178063	Vitvi11g00038	553217	555373	+	3217	Vitvi11g00038	NP_001267969.1peroxiredoxin Q	5
11:500000-550000	11	500000	550000	33	0.178063	0.178063	Vitvi11g00039	555389	558752	-	5389	Vitvi11g00039	XP_002277560.1 probable flavin-containing monooxygenase 1	3
11:500000-550000	11	500000	550000	33	0.178063	0.178063	Vitvi11g00030	483907	494483	+	5517	Vitvi11g00030	XP_002275155.1 sucrose synthase	2
9:3050000-3100000	9	3050000	3100000	62	0.177970	0.177970	Vitvi09g00277	3047816	3056310	+	0	Vitvi09g00277	XP_019077777.1 nuclear poly(A) polymerase 4 isoform X1	5
9:3050000-3100000	9	3050000	3100000	62	0.177970	0.177970	Vitvi09g00279	3060777	3066323	+	0	Vitvi09g00279	XP_002283574.1 hexokinase-2	13
9:3050000-3100000	9	3050000	3100000	62	0.177970	0.177970	Vitvi09g00281	3074131	3077509	-	0	Vitvi09g00281	XP_010654616.1 auxin-responsive protein IAA18	3
9:3050000-3100000	9	3050000	3100000	62	0.177970	0.177970	Vitvi09g00282	3089599	3096264	-	0	Vitvi09g00282	XP_002283614.1 cytochrome B5-like protein	1
9:3050000-3100000	9	3050000	3100000	62	0.177970	0.177970	Vitvi09g00283	3104162	3114545	+	4162	Vitvi09g00283	XP_002283628.2 lysM domain receptor-like kinase 3 isoform X1	7
9:3050000-3100000	9	3050000	3100000	62	0.177970	0.177970	Vitvi09g00276	3037081	3040510	-	9490	Vitvi09g00276	XP_002277925.2 protein IQ-DOMAIN 14	1
18:5200000-5250000	18	5200000	5250000	39	0.177842	0.177842	Vitvi18g00485	5212061	5215496	+	0	Vitvi18g00485	XP_002283946.2 pentatricopeptide repeat-containing protein At5g27460	2
18:5200000-5250000	18	5200000	5250000	39	0.177842	0.177842	Vitvi18g02597	5215935	5216882	-	0	Vitvi18g02597	RVW17803.1Glutathione transferase GST 23	3
18:5200000-5250000	18	5200000	5250000	39	0.177842	0.177842	Vitvi18g00486	5218808	5234937	-	0	Vitvi18g00486	XP_002285714.1 phosphoribosylaminoimidazole-succinocarboxamide synthase, chloroplastic	2
18:5200000-5250000	18	5200000	5250000	39	0.177842	0.177842	Vitvi18g00487	5237822	5243364	+	0	Vitvi18g00487	XP_002285713.2 serine/threonine-protein kinase PEPKR2	9
18:5200000-5250000	18	5200000	5250000	39	0.177842	0.177842	Vitvi18g00488	5246246	5251352	+	0	Vitvi18g00488	XP_002285712.1 bet1-like protein At4g14600	2
18:5200000-5250000	18	5200000	5250000	39	0.177842	0.177842	Vitvi18g04099	5191298	5193573	+	6427	Vitvi18g04099	RVW76614.1Pentatricopeptide repeat-containing protein, mitochondrial	
18:5200000-5250000	18	5200000	5250000	39	0.177842	0.177842	Vitvi18g04100	5257278	5257709	-	7278	Vitvi18g04100	---NA---	
18:8450000-8500000	18	8450000	8500000	34	0.176641	0.176641	Vitvi18g00754	8448495	8450296	-	0	Vitvi18g00754	XP_010664559.1PREDICTED: uncharacterized protein LOC100267848	2
18:8450000-8500000	18	8450000	8500000	34	0.176641	0.176641	Vitvi18g00755	8453066	8454973	+	0	Vitvi18g00755	XP_002282947.3PREDICTED: uncharacterized protein LOC100248940	
18:8450000-8500000	18	8450000	8500000	34	0.176641	0.176641	Vitvi18g04174	8472438	8473826	+	0	Vitvi18g04174	XP_019082291.1 ethylene-responsive transcription factor ERF011-like	4
18:8450000-8500000	18	8450000	8500000	34	0.176641	0.176641	Vitvi18g00757	8485874	8487281	+	0	Vitvi18g00757	XP_002284927.1 WUSCHEL-related homeobox 4	7
18:8450000-8500000	18	8450000	8500000	34	0.176641	0.176641	Vitvi18g00758	8489845	8503352	+	0	Vitvi18g00758	XP_002284923.1 polyadenylate-binding protein 8	6
18:8450000-8500000	18	8450000	8500000	34	0.176641	0.176641	Vitvi18g00759	8504231	8506484	+	4231	Vitvi18g00759	XP_002284916.2 uncharacterized acetyltransferase At3g50280-like	2
18:8450000-8500000	18	8450000	8500000	34	0.176641	0.176641	Vitvi18g00753	8442549	8444039	-	5961	Vitvi18g00753	XP_002282952.2 scopoletin glucosyltransferase	1
18:8450000-8500000	18	8450000	8500000	34	0.176641	0.176641	Vitvi18g00752	8436850	8441184	+	8816	Vitvi18g00752	XP_002284949.1 SUMO-conjugating enzyme SCE1	4
18:8450000-8500000	18	8450000	8500000	34	0.176641	0.176641	Vitvi18g02675	8509196	8509773	+	9196	Vitvi18g02675	XP_034675560.1polyadenylate-binding protein 8-like isoform X2	6
1:2200000-2250000	1	2200000	2250000	46	0.176600	0.176600	Vitvi01g01903	2200536	2238415	+	0	Vitvi01g01903	XP_002277753.1 HD domain-containing protein 2 isoform X1	4
1:2200000-2250000	1	2200000	2250000	46	0.176600	0.176600	Vitvi01g04047	2241162	2241404	-	0	Vitvi01g04047	CAN84088.1hypothetical protein VITISV_023632	
1:2200000-2250000	1	2200000	2250000	46	0.176600	0.176600	Vitvi01g00196	2245500	2250399	+	0	Vitvi01g00196	XP_002277905.1 proline-rich receptor-like protein kinase PERK9 isoform X2	5
1:2200000-2250000	1	2200000	2250000	46	0.176600	0.176600	Vitvi01g00197	2251807	2252256	+	1807	Vitvi01g00197	XP_010650289.1PREDICTED: uncharacterized protein LOC104879359	
1:2200000-2250000	1	2200000	2250000	46	0.176600	0.176600	Vitvi01g00198	2254972	2256010	+	4972	Vitvi01g00198	XP_003631231.1 probable calcium-binding protein CML16	3
1:2200000-2250000	1	2200000	2250000	46	0.176600	0.176600	Vitvi01g00193	2193042	2193391	-	6609	Vitvi01g00193	RVW45442.1hypothetical protein CK203_079787	
1:2200000-2250000	1	2200000	2250000	46	0.176600	0.176600	Vitvi01g00199	2256957	2265139	-	6957	Vitvi01g00199	XP_002280418.1 putative phospholipid-transporting ATPase 9	7
1:2200000-2250000	1	2200000	2250000	46	0.176600	0.176600	Vitvi01g01902	2190511	2191050	-	8950	Vitvi01g01902	RVW45443.1E3 ubiquitin-protein ligase RHA2A	3
